ABORT_PENALTY,BB_OPT_MAX_WAITER,BB_OPT_RAW,CC_ALG,DEBUG_ABORT_LENGTH,DEBUG_CS_PROFILING,DEBUG_PROFILING,DYNAMIC_TS,FIRST_HS,FIXED_HS,FLIP_RATIO,KEY_ORDER,LATCH,MAX_TXN_PER_PART,NUM_HS,POS_HS,READ_PERC,REQ_PER_QUERY,RETIRE_ON,SECOND_HS,SPECIFIED_RATIO,SPINLOCK,SYNTHETIC_YCSB,SYNTH_TABLE_SIZE,THREAD_CNT,WORKLOAD,WW_STARV_FREE,ZIPF_THETA,abort_cnt,abort_length,commit_latency,cycle_detect,deadlock_cnt,dl_detect_time,dl_wait_time,latency,run_time,throughput,time_abort,time_cleanup,time_commit,time_get_cs,time_get_latch,time_index,time_man,time_query,time_release_cs,time_release_latch,time_retire_cs,time_retire_latch,time_ts_alloc,time_wait,txn_cnt,user_abort_cnt,wait_cnt
50000,0,True,BAMBOO,False,False,True,True,WR,1,0,False,LH_MCSLOCK,100000,0,TOP,0.1,16,True,WR,0,,False,10000000,16,YCSB,False,0.9,316621,0,32581,0,0,0,0,39258,61.2029,407580,10.4055,7.27402,4.24578,0,0,2.06928,19.9832,24.5285,0,0,0,0,0,0.053866899999999995,1559069,0,86929
50000,0,True,BAMBOO,False,False,True,False,WR,1,0,False,LH_MCSLOCK,100000,0,TOP,0.1,16,True,WR,0,,False,10000000,16,YCSB,False,0.9,473164,0,31129,0,0,0,0,44281,69.6338,361359,20.6769,5.9301900000000005,3.1040200000000002,0,0,2.13142,16.8078,36.5314,0,0,0,0,0,0.037428199999999995,1572675,0,60709
50000,0,True,BAMBOO,False,False,True,True,WR,1,0,False,LH_MCSLOCK,100000,0,TOP,0.3,16,True,WR,0,,False,10000000,16,YCSB,False,0.9,246082,0,29622,0,0,0,0,34513,52.9535,463616,7.5018,6.6424,3.6838900000000003,0,0,2.15707,18.8568,19.1263,0,0,0,0,0,0.0518031,1534381,0,75293
50000,0,True,BAMBOO,False,False,True,False,WR,1,0,False,LH_MCSLOCK,100000,0,TOP,0.3,16,True,WR,0,,False,10000000,16,YCSB,False,0.9,381176,0,29746,0,0,0,0,39118,61.1793,409047,14.6538,5.0913,2.2772900000000003,0,0,2.0878200000000002,17.32,29.4787,0,0,0,0,0,0.026454599999999998,1564075,0,50372
50000,0,True,BAMBOO,False,False,True,True,WR,1,0,False,LH_MCSLOCK,100000,0,TOP,0.5,16,True,WR,0,,False,10000000,16,YCSB,False,0.9,178173,0,27300,0,0,0,0,30262,46.5565,528727,4.5559,5.78578,2.83276,0,0,2.44861,19.4796,13.8581,0,0,0,0,0,0.046372500000000004,1538481,0,60269
50000,0,True,BAMBOO,False,False,True,False,WR,1,0,False,LH_MCSLOCK,100000,0,TOP,0.5,16,True,WR,0,,False,10000000,16,YCSB,False,0.9,282151,0,26349,0,0,0,0,32287,50.5957,495586,9.30149,3.9338,1.35479,0,0,2.10648,16.1505,21.8057,0,0,0,0,0,0.0182677,1567158,0,34635
50000,0,True,BAMBOO,False,False,True,True,WR,1,0,False,LH_MCSLOCK,100000,0,TOP,0.7,16,True,WR,0,,False,10000000,16,YCSB,False,0.9,103051,0,22944,0,0,0,0,24484,37.4559,653493,2.35472,5.07115,2.14737,0,0,2.23231,18.3569,8.01581,0,0,0,0,0,0.041755400000000005,1529821,0,47091
50000,0,True,BAMBOO,False,False,True,False,WR,1,0,False,LH_MCSLOCK,100000,0,TOP,0.7,16,True,WR,0,,False,10000000,16,YCSB,False,0.9,186411,0,27685,0,0,0,0,31286,48.1514,511438,5.53848,5.0642,2.01373,0,0,2.90752,20.8286,14.4706,0,0,0,0,0,0.055945299999999996,1539154,0,28658
50000,0,True,BAMBOO,False,False,True,True,WR,1,0,False,LH_MCSLOCK,100000,0,TOP,0.9,16,True,WR,0,,False,10000000,16,YCSB,False,0.9,23444,0,16874,0,0,0,0,17108,25.9162,935198,0.35431599999999996,3.3977199999999996,0.8769440000000001,0,0,1.89658,16.0602,1.8575,0,0,0,0,0,0.0175085,1514797,0,20266
50000,0,True,BAMBOO,False,False,True,False,WR,1,0,False,LH_MCSLOCK,100000,0,TOP,0.9,16,True,WR,0,,False,10000000,16,YCSB,False,0.9,68090,0,21783,0,0,0,0,22648,34.942,706475,1.33277,3.3683,0.5197970000000001,0,0,3.0952599999999997,19.1326,5.317419999999999,0,0,0,0,0,0.0107861,1542853,0,11048
50000,0,True,WOUND_WAIT,False,False,True,False,WR,1,0,False,LH_MCSLOCK,100000,0,TOP,0.1,16,True,WR,0,,False,10000000,16,YCSB,False,0.9,309901,0,38658,0,0,0,0,46323,72.1292,345414,11.9326,2.31874,0.0,0,0,2.20423,13.1222,23.9267,0,0,0,0,186987830,20.5582,1557153,0,1198572
50000,0,True,WOUND_WAIT,False,False,True,False,WR,1,0,False,LH_MCSLOCK,100000,0,TOP,0.3,16,True,WR,0,,False,10000000,16,YCSB,False,0.9,298569,0,41316,0,0,0,0,48941,76.6684,326940,11.9403,2.39051,0.0,0,0,2.65009,15.2084,23.1071,0,0,0,0,199240089,22.7699,1566624,0,1166425
50000,0,True,WOUND_WAIT,False,False,True,False,WR,1,0,False,LH_MCSLOCK,100000,0,TOP,0.5,16,True,WR,0,,False,10000000,16,YCSB,False,0.9,250943,0,34197,0,0,0,0,39640,61.9578,403650,8.50505,2.3909700000000003,0.0,0,0,2.201,13.7606,19.4293,0,0,0,0,193211938,16.229,1563080,0,1011838
50000,0,True,WOUND_WAIT,False,False,True,False,WR,1,0,False,LH_MCSLOCK,100000,0,TOP,0.7,16,True,WR,0,,False,10000000,16,YCSB,False,0.9,191690,0,32636,0,0,0,0,36483,56.7354,438577,5.98027,2.3056,0.0,0,0,2.59933,16.4207,14.8522,0,0,0,0,198778627,13.2975,1555177,0,788645
50000,0,True,WOUND_WAIT,False,False,True,False,WR,1,0,False,LH_MCSLOCK,100000,0,TOP,0.9,16,True,WR,0,,False,10000000,16,YCSB,False,0.9,88299,0,21855,0,0,0,0,23065,35.7489,693688,1.87523,2.3545,0.0,0,0,2.43262,14.9038,6.87107,0,0,0,0,196436271,4.5677900000000005,1549910,0,376437
50000,0,True,SILO,False,False,True,False,WR,1,0,False,LH_MCSLOCK,100000,0,TOP,0.1,16,True,WR,0,,False,10000000,16,YCSB,False,0.9,603567,0,33407,0,0,0,0,42888,66.9695,373096,14.8001,2.87344,0.0,0,0,1.46402,4.82113,46.619,0,0,0,0,0,0.0,1561629,0,0
50000,0,True,SILO,False,False,True,False,WR,1,0,False,LH_MCSLOCK,100000,0,TOP,0.3,16,True,WR,0,,False,10000000,16,YCSB,False,0.9,518710,0,31766,0,0,0,0,40266,61.9456,397390,13.0713,2.39207,0.0,0,0,1.69766,6.59748,40.1148,0,0,0,0,0,0.0,1538535,0,0
50000,0,True,SILO,False,False,True,False,WR,1,0,False,LH_MCSLOCK,100000,0,TOP,0.5,16,True,WR,0,,False,10000000,16,YCSB,False,0.9,428171,0,28463,0,0,0,0,34576,53.6825,462783,9.48665,1.8557700000000001,0.0,0,0,1.65567,6.7041699999999995,33.1094,0,0,0,0,0,0.0,1552709,0,0
50000,0,True,SILO,False,False,True,False,WR,1,0,False,LH_MCSLOCK,100000,0,TOP,0.7,16,True,WR,0,,False,10000000,16,YCSB,False,0.9,310681,0,24059,0,0,0,0,27998,43.3635,571500,6.09732,1.25658,0.0,0,0,1.7501900000000001,5.50821,24.0462,0,0,0,0,0,0.0,1548891,0,0
50000,0,True,SILO,False,False,True,False,WR,1,0,False,LH_MCSLOCK,100000,0,TOP,0.9,16,True,WR,0,,False,10000000,16,YCSB,False,0.9,151022,0,17977,0,0,0,0,19575,29.8411,817418,2.43349,0.659469,0.0,0,0,1.8480900000000002,4.2338,11.6995,0,0,0,0,0,0.0,1524539,0,0
50000,0,True,WAIT_DIE,False,False,True,False,WR,1,0,False,LH_MCSLOCK,100000,0,TOP,0.1,16,True,WR,0,,False,10000000,16,YCSB,False,0.9,786419,0,41834,0,0,0,0,55421,88.094,288725,21.5907,1.69737,0.0,0,0,1.8259400000000001,10.9753,60.6531,0,0,0,0,131513417,4.02535,1589681,0,451314
50000,0,True,WAIT_DIE,False,False,True,False,WR,1,0,False,LH_MCSLOCK,100000,0,TOP,0.3,16,True,WR,0,,False,10000000,16,YCSB,False,0.9,719244,0,40204,0,0,0,0,51967,82.1062,307917,18.5791,1.7174200000000002,0.0,0,0,1.66041,11.1713,55.6581,0,0,0,0,136512027,3.7119,1580116,0,410825
50000,0,True,WAIT_DIE,False,False,True,False,WR,1,0,False,LH_MCSLOCK,100000,0,TOP,0.5,16,True,WR,0,,False,10000000,16,YCSB,False,0.9,659093,0,40524,0,0,0,0,51616,81.5625,310009,17.5208,1.7947799999999998,0.0,0,0,2.20078,13.402000000000001,51.0926,0,0,0,0,151507084,4.2927599999999995,1580322,0,361576
50000,0,True,WAIT_DIE,False,False,True,False,WR,1,0,False,LH_MCSLOCK,100000,0,TOP,0.7,16,True,WR,0,,False,10000000,16,YCSB,False,0.9,475005,0,33426,0,0,0,0,39646,62.2675,403606,9.763,1.69501,0.0,0,0,2.0148200000000003,12.1944,36.8512,0,0,0,0,139876959,2.6060000000000003,1570722,0,256122
50000,0,True,WAIT_DIE,False,False,True,False,WR,1,0,False,LH_MCSLOCK,100000,0,TOP,0.9,16,True,WR,0,,False,10000000,16,YCSB,False,0.9,241477,0,26672,0,0,0,0,29252,45.9176,547001,4.04706,1.9227299999999998,0.0,0,0,2.71657,15.0805,18.9073,0,0,0,0,163580539,1.65799,1569811,0,113649
50000,0,True,NO_WAIT,False,False,True,False,WR,1,0,False,LH_MCSLOCK,100000,0,TOP,0.1,16,True,WR,0,,False,10000000,16,YCSB,False,0.9,1061535,0,34444,0,0,0,0,66320,105.23200000000001,241278,50.5725,1.6093899999999999,0.0,0,0,1.85047,10.9771,81.6088,0,0,0,0,0,0.0,1586888,0,0
50000,0,True,NO_WAIT,False,False,True,False,WR,1,0,False,LH_MCSLOCK,100000,0,TOP,0.3,16,True,WR,0,,False,10000000,16,YCSB,False,0.9,976889,0,33456,0,0,0,0,61949,97.6804,258299,44.9218,1.57114,0.0,0,0,1.84893,10.7414,75.062,0,0,0,0,0,0.0,1576920,0,0
50000,0,True,NO_WAIT,False,False,True,False,WR,1,0,False,LH_MCSLOCK,100000,0,TOP,0.5,16,True,WR,0,,False,10000000,16,YCSB,False,0.9,870509,0,32396,0,0,0,0,56963,90.32700000000001,280907,38.9518,1.5953600000000001,0.0,0,0,1.84765,11.5423,67.0607,0,0,0,0,0,0.0,1585844,0,0
50000,0,True,NO_WAIT,False,False,True,False,WR,1,0,False,LH_MCSLOCK,100000,0,TOP,0.7,16,True,WR,0,,False,10000000,16,YCSB,False,0.9,619255,0,27247,0,0,0,0,43348,68.0645,369136,25.2766,1.5824799999999999,0.0,0,0,1.47155,10.4938,47.9253,0,0,0,0,0,0.0,1570314,0,0
50000,0,True,NO_WAIT,False,False,True,False,WR,1,0,False,LH_MCSLOCK,100000,0,TOP,0.9,16,True,WR,0,,False,10000000,16,YCSB,False,0.9,365498,0,23359,0,0,0,0,32992,51.8915,484997,15.1476,1.64767,0.0,0,0,2.2818,13.5585,28.22,0,0,0,0,0,0.0,1572953,0,0
50000,0,True,BAMBOO,False,False,True,True,WR,1,0,False,LH_MCSLOCK,100000,0,TOP,0.1,16,True,WR,0,,False,10000000,16,YCSB,False,0.9,301886,0,29399,0,0,0,0,35046,54.9712,456563,8.854410000000001,5.73833,2.99777,0,0,1.78657,16.6642,23.3701,0,0,0,0,0,0.042944300000000005,1568613,0,80044
50000,0,True,BAMBOO,False,False,True,False,WR,1,0,False,LH_MCSLOCK,100000,0,TOP,0.1,16,True,WR,0,,False,10000000,16,YCSB,False,0.9,502536,0,34089,0,0,0,0,48412,76.4547,330529,22.6131,5.99372,3.1219099999999997,0,0,2.7511,19.359,38.9503,0,0,0,0,0,0.018131400000000002,1579404,0,50937
50000,0,True,BAMBOO,False,False,True,True,WR,1,0,False,LH_MCSLOCK,100000,0,TOP,0.3,16,True,WR,0,,False,10000000,16,YCSB,False,0.9,253114,0,32108,0,0,0,0,37246,57.5604,429596,7.93716,7.64728,4.57346,0,0,2.45045,22.1275,19.6344,0,0,0,0,0,0.0523827,1545481,0,75003
50000,0,True,BAMBOO,False,False,True,False,WR,1,0,False,LH_MCSLOCK,100000,0,TOP,0.3,16,True,WR,0,,False,10000000,16,YCSB,False,0.9,392119,0,31716,0,0,0,0,42037,65.7551,380652,16.1386,6.26323,3.2849,0,0,2.28039,19.6864,30.3458,0,0,0,0,0,0.0278872,1564360,0,51166
50000,0,True,BAMBOO,False,False,True,True,WR,1,0,False,LH_MCSLOCK,100000,0,TOP,0.5,16,True,WR,0,,False,10000000,16,YCSB,False,0.9,181146,0,29813,0,0,0,0,33100,50.6536,483407,5.0271099999999995,6.95528,3.9076800000000005,0,0,2.8126900000000004,22.5642,14.0952,0,0,0,0,0,0.0489649,1530394,0,59996
50000,0,True,BAMBOO,False,False,True,False,WR,1,0,False,LH_MCSLOCK,100000,0,TOP,0.5,16,True,WR,0,,False,10000000,16,YCSB,False,0.9,283604,0,26380,0,0,0,0,32376,50.8797,494224,9.419889999999999,3.9820599999999997,1.3235299999999999,0,0,2.09819,16.1677,21.9248,0,0,0,0,0,0.0197858,1571623,0,36343
50000,0,True,BAMBOO,False,False,True,True,WR,1,0,False,LH_MCSLOCK,100000,0,TOP,0.7,16,True,WR,0,,False,10000000,16,YCSB,False,0.9,102601,0,24928,0,0,0,0,26572,40.5203,602156,2.505,5.48491,2.6325,0,0,2.6219,20.7096,7.991389999999999,0,0,0,0,0,0.035219099999999996,1524971,0,41767
50000,0,True,BAMBOO,False,False,True,False,WR,1,0,False,LH_MCSLOCK,100000,0,TOP,0.7,16,True,WR,0,,False,10000000,16,YCSB,False,0.9,180015,0,24425,0,0,0,0,27595,42.6996,579845,4.90262,4.15538,1.2938100000000001,0,0,2.37184,17.3061,13.9838,0,0,0,0,0,0.0239361,1547447,0,29390
50000,0,True,BAMBOO,False,False,True,True,WR,1,0,False,LH_MCSLOCK,100000,0,TOP,0.9,16,True,WR,0,,False,10000000,16,YCSB,False,0.9,23815,0,20115,0,0,0,0,20398,31.2396,784376,0.432846,3.8615800000000005,0.936585,0,0,3.0564400000000003,19.3429,1.8994,0,0,0,0,0,0.021850799999999997,1531476,0,20582
50000,0,True,BAMBOO,False,False,True,False,WR,1,0,False,LH_MCSLOCK,100000,0,TOP,0.9,16,True,WR,0,,False,10000000,16,YCSB,False,0.9,68534,0,23823,0,0,0,0,24772,38.3591,645901,1.4688,3.69924,0.541195,0,0,3.7555099999999997,21.5919,5.35896,0,0,0,0,0,0.0129394,1548514,0,12166
50000,0,True,WOUND_WAIT,False,False,True,False,WR,1,0,False,LH_MCSLOCK,100000,0,TOP,0.1,16,True,WR,0,,False,10000000,16,YCSB,False,0.9,317684,0,41224,0,0,0,0,49502,76.791,323231,12.8378,2.42963,0.0,0,0,2.03657,14.2682,24.5741,0,0,0,0,197419353,22.6247,1551328,0,1225199
50000,0,True,WOUND_WAIT,False,False,True,False,WR,1,0,False,LH_MCSLOCK,100000,0,TOP,0.3,16,True,WR,0,,False,10000000,16,YCSB,False,0.9,302985,0,45660,0,0,0,0,54140,83.765,295544,13.1157,2.524,0.0,0,0,2.9005,16.9631,23.4565,0,0,0,0,206390778,26.3925,1547265,0,1183018
50000,0,True,WOUND_WAIT,False,False,True,False,WR,1,0,False,LH_MCSLOCK,100000,0,TOP,0.5,16,True,WR,0,,False,10000000,16,YCSB,False,0.9,257378,0,36069,0,0,0,0,41822,65.7189,382593,9.03727,2.34607,0.0,0,0,2.54983,14.6725,19.8765,0,0,0,0,184128101,17.7081,1571475,0,1024466
50000,0,True,WOUND_WAIT,False,False,True,False,WR,1,0,False,LH_MCSLOCK,100000,0,TOP,0.7,16,True,WR,0,,False,10000000,16,YCSB,False,0.9,193205,0,33181,0,0,0,0,37126,57.8009,430974,6.13951,2.3475200000000003,0.0,0,0,2.99295,16.4103,14.9544,0,0,0,0,196809127,13.7812,1556918,0,794059
50000,0,True,WOUND_WAIT,False,False,True,False,WR,1,0,False,LH_MCSLOCK,100000,0,TOP,0.9,16,True,WR,0,,False,10000000,16,YCSB,False,0.9,87375,0,22345,0,0,0,0,23576,36.1297,678658,1.8858099999999998,2.33189,0.0,0,0,2.35973,14.7408,6.797969999999999,0,0,0,0,178364570,5.3462,1532484,0,372544
50000,0,True,SILO,False,False,True,False,WR,1,0,False,LH_MCSLOCK,100000,0,TOP,0.1,16,True,WR,0,,False,10000000,16,YCSB,False,0.9,603641,0,34326,0,0,0,0,44535,69.3116,359301,15.8826,2.96644,0.0,0,0,1.4944,5.708559999999999,46.6017,0,0,0,0,0,0.0,1556482,0,0
50000,0,True,SILO,False,False,True,False,WR,1,0,False,LH_MCSLOCK,100000,0,TOP,0.3,16,True,WR,0,,False,10000000,16,YCSB,False,0.9,528039,0,31356,0,0,0,0,38918,61.3337,411152,11.9127,2.29461,0.0,0,0,1.45433,5.73771,40.6672,0,0,0,0,0,0.0,1576091,0,0
50000,0,True,SILO,False,False,True,False,WR,1,0,False,LH_MCSLOCK,100000,0,TOP,0.5,16,True,WR,0,,False,10000000,16,YCSB,False,0.9,432762,0,28201,0,0,0,0,33895,53.4882,472076,8.98168,1.7650599999999999,0.0,0,0,1.45621,6.3929800000000006,33.3854,0,0,0,0,0,0.0,1578156,0,0
50000,0,True,SILO,False,False,True,False,WR,1,0,False,LH_MCSLOCK,100000,0,TOP,0.7,16,True,WR,0,,False,10000000,16,YCSB,False,0.9,308204,0,24029,0,0,0,0,27882,42.7073,573885,5.89919,1.24193,0.0,0,0,1.5925,5.29524,23.8101,0,0,0,0,0,0.0,1531817,0,0
50000,0,True,SILO,False,False,True,False,WR,1,0,False,LH_MCSLOCK,100000,0,TOP,0.9,16,True,WR,0,,False,10000000,16,YCSB,False,0.9,150088,0,18063,0,0,0,0,19676,29.9119,813200,2.4508799999999997,0.6699430000000001,0.0,0,0,1.94925,4.18095,11.6655,0,0,0,0,0,0.0,1520270,0,0
50000,0,True,WAIT_DIE,False,False,True,False,WR,1,0,False,LH_MCSLOCK,100000,0,TOP,0.1,16,True,WR,0,,False,10000000,16,YCSB,False,0.9,865656,0,46020,0,0,0,0,63016,100.26,253927,27.0337,1.84615,0.0,0,0,2.43656,12.9081,66.9315,0,0,0,0,146599393,5.57296,1591167,0,484656
50000,0,True,WAIT_DIE,False,False,True,False,WR,1,0,False,LH_MCSLOCK,100000,0,TOP,0.3,16,True,WR,0,,False,10000000,16,YCSB,False,0.9,726197,0,40938,0,0,0,0,53092,84.042,301395,19.2316,1.8222,0.0,0,0,1.81617,11.5474,56.3256,0,0,0,0,152986128,4.05547,1583113,0,410605
50000,0,True,WAIT_DIE,False,False,True,False,WR,1,0,False,LH_MCSLOCK,100000,0,TOP,0.5,16,True,WR,0,,False,10000000,16,YCSB,False,0.9,601904,0,36189,0,0,0,0,44695,71.074,358014,13.5204,1.63825,0.0,0,0,1.78295,10.884,46.5436,0,0,0,0,127895032,3.0039999999999996,1590343,0,340678
50000,0,True,WAIT_DIE,False,False,True,False,WR,1,0,False,LH_MCSLOCK,100000,0,TOP,0.7,16,True,WR,0,,False,10000000,16,YCSB,False,0.9,478042,0,33136,0,0,0,0,39214,62.1836,408046,9.63446,1.69333,0.0,0,0,1.98995,12.0481,37.0769,0,0,0,0,141138759,2.50562,1585860,0,258035
50000,0,True,WAIT_DIE,False,False,True,False,WR,1,0,False,LH_MCSLOCK,100000,0,TOP,0.9,16,True,WR,0,,False,10000000,16,YCSB,False,0.9,236165,0,26813,0,0,0,0,29233,45.1813,547364,3.73714,2.04365,0.0,0,0,2.36847,15.1399,18.5337,0,0,0,0,186454304,1.6220700000000001,1545664,0,112091
50000,0,True,NO_WAIT,False,False,True,False,WR,1,0,False,LH_MCSLOCK,100000,0,TOP,0.1,16,True,WR,0,,False,10000000,16,YCSB,False,0.9,1086010,0,35304,0,0,0,0,68539,108.259,233464,52.4901,1.6421599999999998,0.0,0,0,1.8850200000000001,11.5054,83.49600000000001,0,0,0,0,0,0.0,1579667,0,0
50000,0,True,NO_WAIT,False,False,True,False,WR,1,0,False,LH_MCSLOCK,100000,0,TOP,0.3,16,True,WR,0,,False,10000000,16,YCSB,False,0.9,1054993,0,35725,0,0,0,0,68116,107.51899999999999,234917,51.1209,1.6941599999999999,0.0,0,0,2.12373,12.709000000000001,81.2355,0,0,0,0,0,0.0,1578625,0,0
50000,0,True,NO_WAIT,False,False,True,False,WR,1,0,False,LH_MCSLOCK,100000,0,TOP,0.5,16,True,WR,0,,False,10000000,16,YCSB,False,0.9,866578,0,32125,0,0,0,0,56572,89.7819,282847,38.7931,1.5776,0.0,0,0,2.0897099999999997,11.4071,66.6707,0,0,0,0,0,0.0,1587161,0,0
50000,0,True,NO_WAIT,False,False,True,False,WR,1,0,False,LH_MCSLOCK,100000,0,TOP,0.7,16,True,WR,0,,False,10000000,16,YCSB,False,0.9,662985,0,28706,0,0,0,0,46427,73.4591,344657,28.0342,1.58596,0.0,0,0,1.91156,11.758,51.1145,0,0,0,0,0,0.0,1582388,0,0
50000,0,True,NO_WAIT,False,False,True,False,WR,1,0,False,LH_MCSLOCK,100000,0,TOP,0.9,16,True,WR,0,,False,10000000,16,YCSB,False,0.9,333558,0,20557,0,0,0,0,28980,45.1188,552141,13.1114,1.6193899999999999,0.0,0,0,1.6057299999999999,11.151,25.8352,0,0,0,0,0,0.0,1556998,0,0
50000,0,True,BAMBOO,False,False,True,True,WR,1,0,False,LH_MCSLOCK,100000,0,TOP,0.1,16,True,WR,0,,False,10000000,16,YCSB,False,0.9,315820,0,32016,0,0,0,0,38545,60.1762,415120,10.1903,6.888560000000001,3.8386400000000003,0,0,1.8656400000000002,19.3792,24.4216,0,0,0,0,0,0.0567633,1561270,0,90864
50000,0,True,BAMBOO,False,False,True,False,WR,1,0,False,LH_MCSLOCK,100000,0,TOP,0.1,16,True,WR,0,,False,10000000,16,YCSB,False,0.9,480217,0,31235,0,0,0,0,44351,70.1596,360788,20.7437,5.3193,2.54543,0,0,2.1410400000000003,16.9196,37.0295,0,0,0,0,0,0.0346194,1582049,0,57193
50000,0,True,BAMBOO,False,False,True,True,WR,1,0,False,LH_MCSLOCK,100000,0,TOP,0.3,16,True,WR,0,,False,10000000,16,YCSB,False,0.9,254358,0,32723,0,0,0,0,38099,59.0249,419977,8.325610000000001,7.7079699999999995,4.52759,0,0,2.82602,22.7073,19.7159,0,0,0,0,0,0.0558695,1549320,0,76411
50000,0,True,BAMBOO,False,False,True,False,WR,1,0,False,LH_MCSLOCK,100000,0,TOP,0.3,16,True,WR,0,,False,10000000,16,YCSB,False,0.9,383421,0,29931,0,0,0,0,39755,62.3113,402502,15.3934,5.35227,2.46565,0,0,2.01865,17.3177,29.7298,0,0,0,0,0,0.0269505,1567526,0,51545
50000,0,True,BAMBOO,False,False,True,True,WR,1,0,False,LH_MCSLOCK,100000,0,TOP,0.5,16,True,WR,0,,False,10000000,16,YCSB,False,0.9,178683,0,27226,0,0,0,0,30178,46.8678,530209,4.581919999999999,5.732469999999999,2.91947,0,0,2.44992,19.6537,13.8704,0,0,0,0,0,0.0440219,1553108,0,55505
50000,0,True,BAMBOO,False,False,True,False,WR,1,0,False,LH_MCSLOCK,100000,0,TOP,0.5,16,True,WR,0,,False,10000000,16,YCSB,False,0.9,278525,0,25708,0,0,0,0,31466,49.4656,508512,9.048910000000001,3.9242800000000004,1.33829,0,0,1.9220400000000002,15.6737,21.5373,0,0,0,0,0,0.019033099999999997,1572118,0,35650
50000,0,True,BAMBOO,False,False,True,True,WR,1,0,False,LH_MCSLOCK,100000,0,TOP,0.7,16,True,WR,0,,False,10000000,16,YCSB,False,0.9,103806,0,23449,0,0,0,0,24905,38.3757,642441,2.24275,4.82219,1.88832,0,0,2.4253099999999996,18.9362,8.08973,0,0,0,0,0,0.03965080000000001,1540883,0,45113
50000,0,True,BAMBOO,False,False,True,False,WR,1,0,False,LH_MCSLOCK,100000,0,TOP,0.7,16,True,WR,0,,False,10000000,16,YCSB,False,0.9,181741,0,23502,0,0,0,0,26638,41.6871,600684,4.9048099999999994,3.7856,1.13628,0,0,2.24304,16.3569,14.0953,0,0,0,0,0,0.0172634,1565047,0,25542
50000,0,True,BAMBOO,False,False,True,True,WR,1,0,False,LH_MCSLOCK,100000,0,TOP,0.9,16,True,WR,0,,False,10000000,16,YCSB,False,0.9,24394,0,16865,0,0,0,0,17107,26.6594,935255,0.377276,3.5916300000000003,0.9807170000000001,0,0,2.18939,16.1538,1.9329,0,0,0,0,0,0.0182282,1558333,0,21137
50000,0,True,BAMBOO,False,False,True,False,WR,1,0,False,LH_MCSLOCK,100000,0,TOP,0.9,16,True,WR,0,,False,10000000,16,YCSB,False,0.9,66154,0,17412,0,0,0,0,18128,27.7784,882640,1.09598,2.79488,0.220478,0,0,1.89419,14.3188,5.1656,0,0,0,0,0,0.011070100000000001,1532394,0,12445
50000,0,True,WOUND_WAIT,False,False,True,False,WR,1,0,False,LH_MCSLOCK,100000,0,TOP,0.1,16,True,WR,0,,False,10000000,16,YCSB,False,0.9,316027,0,39490,0,0,0,0,47340,74.5184,337994,12.3538,2.3188400000000002,0.0,0,0,2.2546,13.5117,24.3643,0,0,0,0,180941101,21.6002,1574173,0,1220096
50000,0,True,WOUND_WAIT,False,False,True,False,WR,1,0,False,LH_MCSLOCK,100000,0,TOP,0.3,16,True,WR,0,,False,10000000,16,YCSB,False,0.9,291597,0,40136,0,0,0,0,47517,73.5948,336736,11.4278,2.39771,0.0,0,0,2.1574,14.9996,22.5179,0,0,0,0,205689627,21.4252,1548877,0,1145995
50000,0,True,WOUND_WAIT,False,False,True,False,WR,1,0,False,LH_MCSLOCK,100000,0,TOP,0.5,16,True,WR,0,,False,10000000,16,YCSB,False,0.9,261837,0,40454,0,0,0,0,46839,73.14399999999999,341605,9.96759,2.43513,0.0,0,0,2.67835,16.9352,20.2809,0,0,0,0,190304898,20.9422,1561648,0,1043938
50000,0,True,WOUND_WAIT,False,False,True,False,WR,1,0,False,LH_MCSLOCK,100000,0,TOP,0.7,16,True,WR,0,,False,10000000,16,YCSB,False,0.9,191307,0,29733,0,0,0,0,33308,51.9583,480374,5.57545,2.31501,0.0,0,0,1.97826,14.4338,14.831,0,0,0,0,199027517,11.7513,1559964,0,788395
50000,0,True,WOUND_WAIT,False,False,True,False,WR,1,0,False,LH_MCSLOCK,100000,0,TOP,0.9,16,True,WR,0,,False,10000000,16,YCSB,False,0.9,90365,0,24904,0,0,0,0,26292,40.6065,608546,2.14305,2.53373,0.0,0,0,2.86099,17.5662,7.04245,0,0,0,0,200547704,5.30041,1544434,0,381814
50000,0,True,SILO,False,False,True,False,WR,1,0,False,LH_MCSLOCK,100000,0,TOP,0.1,16,True,WR,0,,False,10000000,16,YCSB,False,0.9,585735,0,32182,0,0,0,0,41364,64.2969,386849,14.2665,2.8426299999999998,0.0,0,0,1.28608,4.69142,45.2075,0,0,0,0,0,0.0,1554575,0,0
50000,0,True,SILO,False,False,True,False,WR,1,0,False,LH_MCSLOCK,100000,0,TOP,0.3,16,True,WR,0,,False,10000000,16,YCSB,False,0.9,515705,0,30200,0,0,0,0,37653,59.3048,424970,11.7344,2.30365,0.0,0,0,1.45391,5.58504,39.7836,0,0,0,0,0,0.0,1575173,0,0
50000,0,True,SILO,False,False,True,False,WR,1,0,False,LH_MCSLOCK,100000,0,TOP,0.5,16,True,WR,0,,False,10000000,16,YCSB,False,0.9,422907,0,28374,0,0,0,0,34224,52.4624,467539,8.96314,1.7589,0.0,0,0,1.51938,6.34684,32.6522,0,0,0,0,0,0.0,1533013,0,0
50000,0,True,SILO,False,False,True,False,WR,1,0,False,LH_MCSLOCK,100000,0,TOP,0.7,16,True,WR,0,,False,10000000,16,YCSB,False,0.9,310544,0,25259,0,0,0,0,29559,44.8823,541331,6.5258,1.2982200000000002,0.0,0,0,1.67851,6.44757,24.0126,0,0,0,0,0,0.0,1518510,0,0
50000,0,True,SILO,False,False,True,False,WR,1,0,False,LH_MCSLOCK,100000,0,TOP,0.9,16,True,WR,0,,False,10000000,16,YCSB,False,0.9,151661,0,17465,0,0,0,0,18997,29.4221,842254,2.3712299999999997,0.647122,0.0,0,0,1.64914,4.29985,11.7449,0,0,0,0,0,0.0,1548805,0,0
50000,0,True,WAIT_DIE,False,False,True,False,WR,1,0,False,LH_MCSLOCK,100000,0,TOP,0.1,16,True,WR,0,,False,10000000,16,YCSB,False,0.9,797292,0,42670,0,0,0,0,56813,90.0098,281648,22.4001,1.7229299999999999,0.0,0,0,1.9036400000000002,11.315999999999999,61.5597,0,0,0,0,138933489,4.43565,1584444,0,455106
50000,0,True,WAIT_DIE,False,False,True,False,WR,1,0,False,LH_MCSLOCK,100000,0,TOP,0.3,16,True,WR,0,,False,10000000,16,YCSB,False,0.9,750308,0,41857,0,0,0,0,54965,87.0588,291119,20.7553,1.75825,0.0,0,0,2.04933,11.9273,58.0675,0,0,0,0,151265343,4.2689,1584031,0,422776
50000,0,True,WAIT_DIE,False,False,True,False,WR,1,0,False,LH_MCSLOCK,100000,0,TOP,0.5,16,True,WR,0,,False,10000000,16,YCSB,False,0.9,649537,0,39767,0,0,0,0,50369,79.2769,317685,16.6804,1.71805,0.0,0,0,2.00696,12.8701,50.2689,0,0,0,0,144915313,4.00511,1574065,0,361060
50000,0,True,WAIT_DIE,False,False,True,False,WR,1,0,False,LH_MCSLOCK,100000,0,TOP,0.7,16,True,WR,0,,False,10000000,16,YCSB,False,0.9,478425,0,34060,0,0,0,0,40597,64.1497,394149,10.3237,1.6842599999999999,0.0,0,0,2.24304,13.1392,37.1188,0,0,0,0,138132552,2.97653,1580284,0,256404
50000,0,True,WAIT_DIE,False,False,True,False,WR,1,0,False,LH_MCSLOCK,100000,0,TOP,0.9,16,True,WR,0,,False,10000000,16,YCSB,False,0.9,235576,0,25246,0,0,0,0,27518,43.3101,581466,3.5727300000000004,1.8036400000000001,0.0,0,0,2.25284,13.9316,18.4061,0,0,0,0,147113239,1.47221,1573962,0,112324
50000,0,True,NO_WAIT,False,False,True,False,WR,1,0,False,LH_MCSLOCK,100000,0,TOP,0.1,16,True,WR,0,,False,10000000,16,YCSB,False,0.9,1145882,0,36953,0,0,0,0,73331,115.245,218207,57.1642,1.6955900000000002,0.0,0,0,2.15754,12.7458,88.262,0,0,0,0,0,0.0,1571698,0,0
50000,0,True,NO_WAIT,False,False,True,False,WR,1,0,False,LH_MCSLOCK,100000,0,TOP,0.3,16,True,WR,0,,False,10000000,16,YCSB,False,0.9,1027519,0,34876,0,0,0,0,65759,104.035,243335,48.8527,1.6804,0.0,0,0,2.1396,11.9517,79.2112,0,0,0,0,0,0.0,1582212,0,0
50000,0,True,NO_WAIT,False,False,True,False,WR,1,0,False,LH_MCSLOCK,100000,0,TOP,0.5,16,True,WR,0,,False,10000000,16,YCSB,False,0.9,811590,0,31024,0,0,0,0,53698,84.0883,297990,35.5005,1.67555,0.0,0,0,1.55929,10.5887,62.747,0,0,0,0,0,0.0,1566094,0,0
50000,0,True,NO_WAIT,False,False,True,False,WR,1,0,False,LH_MCSLOCK,100000,0,TOP,0.7,16,True,WR,0,,False,10000000,16,YCSB,False,0.9,645278,0,28541,0,0,0,0,45777,71.9768,349548,27.0969,1.6907299999999998,0.0,0,0,1.74963,11.2877,50.0374,0,0,0,0,0,0.0,1572460,0,0
50000,0,True,NO_WAIT,False,False,True,False,WR,1,0,False,LH_MCSLOCK,100000,0,TOP,0.9,16,True,WR,0,,False,10000000,16,YCSB,False,0.9,350694,0,22250,0,0,0,0,31412,48.8712,509385,14.2514,1.7077099999999998,0.0,0,0,2.12257,12.3318,27.1677,0,0,0,0,0,0.0,1555892,0,0
50000,0,True,BAMBOO,False,False,True,True,WR,1,0,False,LH_MCSLOCK,100000,0,TOP,0.1,16,True,WR,0,,False,10000000,16,YCSB,False,0.9,310834,0,32345,0,0,0,0,38999,60.3183,410295,10.2869,7.82222,4.81575,0,0,2.20909,19.5393,24.1235,0,0,0,0,0,0.05462140000000001,1546769,0,88406
50000,0,True,BAMBOO,False,False,True,False,WR,1,0,False,LH_MCSLOCK,100000,0,TOP,0.1,16,True,WR,0,,False,10000000,16,YCSB,False,0.9,482492,0,31978,0,0,0,0,45449,71.6941,352069,21.2447,5.87443,2.9633,0,0,2.2934900000000003,17.5606,37.2762,0,0,0,0,0,0.0272267,1577582,0,61059
50000,0,True,BAMBOO,False,False,True,True,WR,1,0,False,LH_MCSLOCK,100000,0,TOP,0.3,16,True,WR,0,,False,10000000,16,YCSB,False,0.9,244384,0,28413,0,0,0,0,32724,51.023,488955,6.71888,5.96719,3.11745,0,0,2.07807,18.0561,18.9217,0,0,0,0,0,0.0485001,1559248,0,73736
50000,0,True,BAMBOO,False,False,True,False,WR,1,0,False,LH_MCSLOCK,100000,0,TOP,0.3,16,True,WR,0,,False,10000000,16,YCSB,False,0.9,394094,0,31364,0,0,0,0,41489,65.5873,385674,16.0017,6.0887199999999995,3.13456,0,0,2.36687,19.2731,30.5064,0,0,0,0,0,0.0803811,1580960,0,50532
50000,0,True,BAMBOO,False,False,True,True,WR,1,0,False,LH_MCSLOCK,100000,0,TOP,0.5,16,True,WR,0,,False,10000000,16,YCSB,False,0.9,176259,0,26813,0,0,0,0,29633,45.3249,539957,4.3115,6.2138599999999995,3.3039,0,0,2.23874,18.982,13.684000000000001,0,0,0,0,0,0.050407099999999996,1529594,0,62353
50000,0,True,BAMBOO,False,False,True,False,WR,1,0,False,LH_MCSLOCK,100000,0,TOP,0.5,16,True,WR,0,,False,10000000,16,YCSB,False,0.9,284866,0,27705,0,0,0,0,33874,52.7114,472370,9.59605,4.885280000000001,1.99945,0,0,2.25199,17.5343,22.0427,0,0,0,0,0,0.025812,1556207,0,41183
50000,0,True,BAMBOO,False,False,True,True,WR,1,0,False,LH_MCSLOCK,100000,0,TOP,0.7,16,True,WR,0,,False,10000000,16,YCSB,False,0.9,101103,0,23131,0,0,0,0,24535,37.141999999999996,652133,2.12427,5.20216,2.3205400000000003,0,0,2.56143,18.1114,7.8847,0,0,0,0,0,0.040482699999999996,1513845,0,46071
50000,0,True,BAMBOO,False,False,True,False,WR,1,0,False,LH_MCSLOCK,100000,0,TOP,0.7,16,True,WR,0,,False,10000000,16,YCSB,False,0.9,184470,0,25316,0,0,0,0,28617,44.3958,559135,5.11797,4.11333,1.2357,0,0,2.38617,18.3313,14.312999999999999,0,0,0,0,0,0.021887200000000002,1551453,0,28052
50000,0,True,BAMBOO,False,False,True,True,WR,1,0,False,LH_MCSLOCK,100000,0,TOP,0.9,16,True,WR,0,,False,10000000,16,YCSB,False,0.9,24521,0,17900,0,0,0,0,18175,27.9719,880330,0.423241,3.67196,0.9230139999999999,0,0,2.29011,17.1504,1.9438099999999998,0,0,0,0,0,0.020950200000000002,1539033,0,21710
50000,0,True,BAMBOO,False,False,True,False,WR,1,0,False,LH_MCSLOCK,100000,0,TOP,0.9,16,True,WR,0,,False,10000000,16,YCSB,False,0.9,68238,0,22751,0,0,0,0,23640,36.3425,676840,1.3647200000000002,3.54934,0.61888,0,0,3.18929,20.2212,5.33458,0,0,0,0,0,0.0108145,1537379,0,10731
50000,0,True,WOUND_WAIT,False,False,True,False,WR,1,0,False,LH_MCSLOCK,100000,0,TOP,0.1,16,True,WR,0,,False,10000000,16,YCSB,False,0.9,327380,0,47046,0,0,0,0,56392,88.7215,283738,14.7009,2.63552,0.0,0,0,2.717,17.2631,25.3401,0,0,0,0,216124953,27.9081,1573355,0,1260804
50000,0,True,WOUND_WAIT,False,False,True,False,WR,1,0,False,LH_MCSLOCK,100000,0,TOP,0.3,16,True,WR,0,,False,10000000,16,YCSB,False,0.9,300968,0,43675,0,0,0,0,51725,80.7486,309338,12.5646,2.44183,0.0,0,0,3.00342,16.0036,23.2598,0,0,0,0,191890132,25.0018,1561162,0,1176763
50000,0,True,WOUND_WAIT,False,False,True,False,WR,1,0,False,LH_MCSLOCK,100000,0,TOP,0.5,16,True,WR,0,,False,10000000,16,YCSB,False,0.9,262377,0,39273,0,0,0,0,45505,71.6751,351622,9.8138,2.3679799999999998,0.0,0,0,2.63352,16.7455,20.3007,0,0,0,0,179004870,20.0404,1575158,0,1042545
50000,0,True,WOUND_WAIT,False,False,True,False,WR,1,0,False,LH_MCSLOCK,100000,0,TOP,0.7,16,True,WR,0,,False,10000000,16,YCSB,False,0.9,193509,0,33225,0,0,0,0,37142,58.0451,430787,6.12014,2.31575,0.0,0,0,2.6722799999999998,16.6328,14.9859,0,0,0,0,187529179,14.1041,1562818,0,793201
50000,0,True,WOUND_WAIT,False,False,True,False,WR,1,0,False,LH_MCSLOCK,100000,0,TOP,0.9,16,True,WR,0,,False,10000000,16,YCSB,False,0.9,88462,0,24454,0,0,0,0,25785,39.658,620530,2.0459,2.50908,0.0,0,0,3.05139,17.1635,6.89192,0,0,0,0,208523838,5.14255,1538062,0,380274
50000,0,True,SILO,False,False,True,False,WR,1,0,False,LH_MCSLOCK,100000,0,TOP,0.1,16,True,WR,0,,False,10000000,16,YCSB,False,0.9,597983,0,33013,0,0,0,0,42346,66.5045,377871,14.6526,2.89474,0.0,0,0,1.3594,4.895490000000001,46.1354,0,0,0,0,0,0.0,1570631,0,0
50000,0,True,SILO,False,False,True,False,WR,1,0,False,LH_MCSLOCK,100000,0,TOP,0.3,16,True,WR,0,,False,10000000,16,YCSB,False,0.9,518422,0,31650,0,0,0,0,40117,61.5243,398873,12.9803,2.4091299999999998,0.0,0,0,1.4980799999999999,6.18255,40.1237,0,0,0,0,0,0.0,1533771,0,0
50000,0,True,SILO,False,False,True,False,WR,1,0,False,LH_MCSLOCK,100000,0,TOP,0.5,16,True,WR,0,,False,10000000,16,YCSB,False,0.9,425892,0,27918,0,0,0,0,33787,52.8516,473588,9.17722,1.8260599999999998,0.0,0,0,1.6295600000000001,6.4329,32.9096,0,0,0,0,0,0.0,1564365,0,0
50000,0,True,SILO,False,False,True,False,WR,1,0,False,LH_MCSLOCK,100000,0,TOP,0.7,16,True,WR,0,,False,10000000,16,YCSB,False,0.9,328702,0,26324,0,0,0,0,30899,48.4826,517859,7.17439,1.32765,0.0,0,0,2.24225,7.05645,25.4962,0,0,0,0,0,0.0,1569197,0,0
50000,0,True,SILO,False,False,True,False,WR,1,0,False,LH_MCSLOCK,100000,0,TOP,0.9,16,True,WR,0,,False,10000000,16,YCSB,False,0.9,151201,0,17495,0,0,0,0,19010,29.7381,841686,2.36832,0.606613,0.0,0,0,1.7989400000000002,4.7089,11.7067,0,0,0,0,0,0.0,1564385,0,0
50000,0,True,WAIT_DIE,False,False,True,False,WR,1,0,False,LH_MCSLOCK,100000,0,TOP,0.1,16,True,WR,0,,False,10000000,16,YCSB,False,0.9,836031,0,44896,0,0,0,0,60726,96.3594,263504,25.1119,1.75938,0.0,0,0,2.08555,12.3719,64.5369,0,0,0,0,144317270,5.22808,1586943,0,473742
50000,0,True,WAIT_DIE,False,False,True,False,WR,1,0,False,LH_MCSLOCK,100000,0,TOP,0.3,16,True,WR,0,,False,10000000,16,YCSB,False,0.9,760708,0,42434,0,0,0,0,55905,88.8511,286225,21.4035,1.72472,0.0,0,0,2.08148,12.2922,58.7787,0,0,0,0,139357628,4.58633,1589463,0,428225
50000,0,True,WAIT_DIE,False,False,True,False,WR,1,0,False,LH_MCSLOCK,100000,0,TOP,0.5,16,True,WR,0,,False,10000000,16,YCSB,False,0.9,660704,0,40306,0,0,0,0,51140,81.0444,312893,17.1628,1.6747599999999998,0.0,0,0,1.94219,13.1207,51.0106,0,0,0,0,130530380,4.17398,1584886,0,367567
50000,0,True,WAIT_DIE,False,False,True,False,WR,1,0,False,LH_MCSLOCK,100000,0,TOP,0.7,16,True,WR,0,,False,10000000,16,YCSB,False,0.9,499057,0,36436,0,0,0,0,43609,68.8061,366925,11.3128,1.88454,0.0,0,0,2.33715,14.5357,38.9057,0,0,0,0,162313903,3.3343800000000003,1577915,0,265760
50000,0,True,WAIT_DIE,False,False,True,False,WR,1,0,False,LH_MCSLOCK,100000,0,TOP,0.9,16,True,WR,0,,False,10000000,16,YCSB,False,0.9,231946,0,23869,0,0,0,0,25994,40.9141,615551,3.34176,1.7250299999999998,0.0,0,0,2.07689,12.482000000000001,18.0883,0,0,0,0,141400190,1.2538799999999999,1574046,0,111654
50000,0,True,NO_WAIT,False,False,True,False,WR,1,0,False,LH_MCSLOCK,100000,0,TOP,0.1,16,True,WR,0,,False,10000000,16,YCSB,False,0.9,1100883,0,35895,0,0,0,0,70177,110.802,228017,54.1216,1.71545,0.0,0,0,2.1623900000000003,12.3859,85.0015,0,0,0,0,0,0.0,1579049,0,0
50000,0,True,NO_WAIT,False,False,True,False,WR,1,0,False,LH_MCSLOCK,100000,0,TOP,0.3,16,True,WR,0,,False,10000000,16,YCSB,False,0.9,1032840,0,35259,0,0,0,0,66612,104.649,240220,49.2509,1.685,0.0,0,0,1.9986,12.2472,79.61,0,0,0,0,0,0.0,1571175,0,0
50000,0,True,NO_WAIT,False,False,True,False,WR,1,0,False,LH_MCSLOCK,100000,0,TOP,0.5,16,True,WR,0,,False,10000000,16,YCSB,False,0.9,907363,0,34275,0,0,0,0,61238,96.4746,261305,42.4703,1.8007,0.0,0,0,2.02389,13.2414,70.3593,0,0,0,0,0,0.0,1575580,0,0
50000,0,True,NO_WAIT,False,False,True,False,WR,1,0,False,LH_MCSLOCK,100000,0,TOP,0.7,16,True,WR,0,,False,10000000,16,YCSB,False,0.9,653445,0,28416,0,0,0,0,45895,72.1921,348652,27.4891,1.60181,0.0,0,0,1.7911,11.4221,50.4217,0,0,0,0,0,0.0,1573117,0,0
50000,0,True,NO_WAIT,False,False,True,False,WR,1,0,False,LH_MCSLOCK,100000,0,TOP,0.9,16,True,WR,0,,False,10000000,16,YCSB,False,0.9,372465,0,24344,0,0,0,0,34463,53.7379,464293,15.7762,1.7909099999999998,0.0,0,0,2.44739,14.4169,28.8567,0,0,0,0,0,0.0,1559384,0,0
50000,0,True,BAMBOO,False,False,True,True,WR,1,0,False,LH_MCSLOCK,100000,0,TOP,0.1,16,True,WR,0,,False,10000000,16,YCSB,False,0.9,340071,0,38104,0,0,0,0,46435,72.3711,344592,12.9796,9.98236,6.55653,0,0,3.2786,25.7304,26.4125,0,0,0,0,0,0.06339109999999999,1558657,0,90127
50000,0,True,BAMBOO,False,False,True,False,WR,1,0,False,LH_MCSLOCK,100000,0,TOP,0.1,16,True,WR,0,,False,10000000,16,YCSB,False,0.9,452113,0,28825,0,0,0,0,40538,63.9656,394726,18.4774,4.23626,1.71111,0,0,1.9859099999999998,14.3287,35.0001,0,0,0,0,0,0.0168508,1578056,0,50398
50000,0,True,BAMBOO,False,False,True,True,WR,1,0,False,LH_MCSLOCK,100000,0,TOP,0.3,16,True,WR,0,,False,10000000,16,YCSB,False,0.9,248124,0,29503,0,0,0,0,34018,52.6431,470365,6.9832,6.18626,3.23727,0,0,2.01593,18.9776,19.2257,0,0,0,0,0,0.052715599999999994,1547591,0,75725
50000,0,True,BAMBOO,False,False,True,False,WR,1,0,False,LH_MCSLOCK,100000,0,TOP,0.3,16,True,WR,0,,False,10000000,16,YCSB,False,0.9,382875,0,29642,0,0,0,0,39497,62.0322,405124,15.4731,4.67741,1.70872,0,0,1.8862400000000001,17.5421,29.5647,0,0,0,0,0,0.0330543,1570672,0,56065
50000,0,True,BAMBOO,False,False,True,True,WR,1,0,False,LH_MCSLOCK,100000,0,TOP,0.5,16,True,WR,0,,False,10000000,16,YCSB,False,0.9,171599,0,24445,0,0,0,0,26976,41.5447,593142,3.89607,4.57881,1.9301400000000002,0,0,1.82319,16.4729,13.3043,0,0,0,0,0,0.0382689,1540120,0,56660
50000,0,True,BAMBOO,False,False,True,False,WR,1,0,False,LH_MCSLOCK,100000,0,TOP,0.5,16,True,WR,0,,False,10000000,16,YCSB,False,0.9,269981,0,24936,0,0,0,0,30439,47.5353,525683,8.58928,3.96199,1.44359,0,0,1.9293,14.9973,20.8986,0,0,0,0,0,0.019922299999999997,1561782,0,36608
50000,0,True,BAMBOO,False,False,True,True,WR,1,0,False,LH_MCSLOCK,100000,0,TOP,0.7,16,True,WR,0,,False,10000000,16,YCSB,False,0.9,104132,0,26026,0,0,0,0,27644,42.2727,578796,2.47262,5.95405,2.91245,0,0,2.8128599999999997,22.0772,8.117460000000001,0,0,0,0,0,0.0400094,1529206,0,44071
50000,0,True,BAMBOO,False,False,True,False,WR,1,0,False,LH_MCSLOCK,100000,0,TOP,0.7,16,True,WR,0,,False,10000000,16,YCSB,False,0.9,185089,0,25289,0,0,0,0,28538,44.6688,560675,5.08369,3.81388,1.27359,0,0,2.43692,18.3347,14.3429,0,0,0,0,0,0.0209788,1565294,0,22349
50000,0,True,BAMBOO,False,False,True,True,WR,1,0,False,LH_MCSLOCK,100000,0,TOP,0.9,16,True,WR,0,,False,10000000,16,YCSB,False,0.9,24200,0,18403,0,0,0,0,18664,28.5535,857236,0.399246,3.54366,0.735118,0,0,2.44957,17.5009,1.92372,0,0,0,0,0,0.021038400000000002,1529818,0,21553
50000,0,True,BAMBOO,False,False,True,False,WR,1,0,False,LH_MCSLOCK,100000,0,TOP,0.9,16,True,WR,0,,False,10000000,16,YCSB,False,0.9,67030,0,18860,0,0,0,0,19616,30.1823,815678,1.1622700000000001,2.94802,0.37300300000000003,0,0,2.30068,15.909,5.230569999999999,0,0,0,0,0,0.00946427,1538691,0,11046
50000,0,True,WOUND_WAIT,False,False,True,False,WR,1,0,False,LH_MCSLOCK,100000,0,TOP,0.1,16,True,WR,0,,False,10000000,16,YCSB,False,0.9,315278,0,38609,0,0,0,0,46244,72.7057,346007,12.0002,2.3289299999999997,0.0,0,0,2.11501,13.2323,24.316,0,0,0,0,181300326,20.5762,1572293,0,1216511
50000,0,True,WOUND_WAIT,False,False,True,False,WR,1,0,False,LH_MCSLOCK,100000,0,TOP,0.3,16,True,WR,0,,False,10000000,16,YCSB,False,0.9,293003,0,40176,0,0,0,0,47559,74.1292,336434,11.5055,2.45498,0.0,0,0,2.19455,15.1893,22.604,0,0,0,0,198611194,21.6778,1558722,0,1157480
50000,0,True,WOUND_WAIT,False,False,True,False,WR,1,0,False,LH_MCSLOCK,100000,0,TOP,0.5,16,True,WR,0,,False,10000000,16,YCSB,False,0.9,252628,0,34760,0,0,0,0,40286,62.3942,397177,8.55485,2.31909,0.0,0,0,2.00705,14.046,19.5721,0,0,0,0,191610439,16.4265,1548848,0,1009394
50000,0,True,WOUND_WAIT,False,False,True,False,WR,1,0,False,LH_MCSLOCK,100000,0,TOP,0.7,16,True,WR,0,,False,10000000,16,YCSB,False,0.9,194069,0,33360,0,0,0,0,37316,58.1843,428778,6.16677,2.41332,0.0,0,0,2.8521400000000003,16.6351,15.0329,0,0,0,0,201046276,13.8964,1559260,0,801561
50000,0,True,WOUND_WAIT,False,False,True,False,WR,1,0,False,LH_MCSLOCK,100000,0,TOP,0.9,16,True,WR,0,,False,10000000,16,YCSB,False,0.9,88526,0,20818,0,0,0,0,22000,34.3211,727281,1.84332,2.26913,0.0,0,0,2.2675,14.3675,6.89353,0,0,0,0,186440941,3.99085,1560067,0,373124
50000,0,True,SILO,False,False,True,False,WR,1,0,False,LH_MCSLOCK,100000,0,TOP,0.1,16,True,WR,0,,False,10000000,16,YCSB,False,0.9,601795,0,32972,0,0,0,0,41980,66.4299,381169,14.2494,2.83622,0.0,0,0,1.41446,4.781969999999999,46.373999999999995,0,0,0,0,0,0.0,1582563,0,0
50000,0,True,SILO,False,False,True,False,WR,1,0,False,LH_MCSLOCK,100000,0,TOP,0.3,16,True,WR,0,,False,10000000,16,YCSB,False,0.9,522148,0,30728,0,0,0,0,38293,60.2859,417863,11.9052,2.31541,0.0,0,0,1.39147,5.698259999999999,40.2744,0,0,0,0,0,0.0,1574453,0,0
50000,0,True,SILO,False,False,True,False,WR,1,0,False,LH_MCSLOCK,100000,0,TOP,0.5,16,True,WR,0,,False,10000000,16,YCSB,False,0.9,430471,0,29400,0,0,0,0,35590,54.7715,449597,9.52215,1.7900599999999998,0.0,0,0,1.65395,7.04022,33.2292,0,0,0,0,0,0.0,1539070,0,0
50000,0,True,SILO,False,False,True,False,WR,1,0,False,LH_MCSLOCK,100000,0,TOP,0.7,16,True,WR,0,,False,10000000,16,YCSB,False,0.9,312979,0,24432,0,0,0,0,28477,44.0498,561903,6.2535300000000005,1.2646899999999999,0.0,0,0,1.77433,5.648969999999999,24.2366,0,0,0,0,0,0.0,1546980,0,0
50000,0,True,SILO,False,False,True,False,WR,1,0,False,LH_MCSLOCK,100000,0,TOP,0.9,16,True,WR,0,,False,10000000,16,YCSB,False,0.9,150972,0,17411,0,0,0,0,18929,29.2222,845279,2.34217,0.645786,0.0,0,0,1.7731599999999998,4.03242,11.7123,0,0,0,0,0,0.0,1543805,0,0
50000,0,True,WAIT_DIE,False,False,True,False,WR,1,0,False,LH_MCSLOCK,100000,0,TOP,0.1,16,True,WR,0,,False,10000000,16,YCSB,False,0.9,781404,0,41887,0,0,0,0,55261,87.5498,289558,21.1818,1.6763599999999999,0.0,0,0,1.8660299999999999,10.8795,60.2889,0,0,0,0,130647479,4.04016,1584422,0,452058
50000,0,True,WAIT_DIE,False,False,True,False,WR,1,0,False,LH_MCSLOCK,100000,0,TOP,0.3,16,True,WR,0,,False,10000000,16,YCSB,False,0.9,731200,0,41006,0,0,0,0,53273,84.4168,300365,19.4315,1.8278400000000001,0.0,0,0,1.8134400000000002,11.5206,56.7189,0,0,0,0,157882099,3.9797300000000004,1584742,0,413934
50000,0,True,WAIT_DIE,False,False,True,False,WR,1,0,False,LH_MCSLOCK,100000,0,TOP,0.5,16,True,WR,0,,False,10000000,16,YCSB,False,0.9,624281,0,37646,0,0,0,0,47035,74.7029,340198,14.9068,1.67609,0.0,0,0,1.97921,11.6392,48.3116,0,0,0,0,140222136,3.48224,1588363,0,349194
50000,0,True,WAIT_DIE,False,False,True,False,WR,1,0,False,LH_MCSLOCK,100000,0,TOP,0.7,16,True,WR,0,,False,10000000,16,YCSB,False,0.9,486544,0,34839,0,0,0,0,41320,65.4786,387253,10.2643,1.7683200000000001,0.0,0,0,2.2469900000000003,12.8746,37.9109,0,0,0,0,154660806,2.85648,1584801,0,265383
50000,0,True,WAIT_DIE,False,False,True,False,WR,1,0,False,LH_MCSLOCK,100000,0,TOP,0.9,16,True,WR,0,,False,10000000,16,YCSB,False,0.9,232377,0,24078,0,0,0,0,26227,41.2489,610085,3.37675,1.7309999999999999,0.0,0,0,2.01572,12.6885,18.1474,0,0,0,0,142440030,1.26197,1572832,0,110768
50000,0,True,NO_WAIT,False,False,True,False,WR,1,0,False,LH_MCSLOCK,100000,0,TOP,0.1,16,True,WR,0,,False,10000000,16,YCSB,False,0.9,1120093,0,36044,0,0,0,0,70870,112.20700000000001,225787,55.1323,1.68704,0.0,0,0,2.00723,12.245,86.2408,0,0,0,0,0,0.0,1583436,0,0
50000,0,True,NO_WAIT,False,False,True,False,WR,1,0,False,LH_MCSLOCK,100000,0,TOP,0.3,16,True,WR,0,,False,10000000,16,YCSB,False,0.9,982643,0,33820,0,0,0,0,62678,98.4109,255290,45.3064,1.58548,0.0,0,0,1.8613400000000002,10.8634,75.6062,0,0,0,0,0,0.0,1570210,0,0
50000,0,True,NO_WAIT,False,False,True,False,WR,1,0,False,LH_MCSLOCK,100000,0,TOP,0.5,16,True,WR,0,,False,10000000,16,YCSB,False,0.9,881545,0,33073,0,0,0,0,58622,92.0641,272960,40.1182,1.6574799999999998,0.0,0,0,2.10422,11.9471,67.959,0,0,0,0,0,0.0,1570616,0,0
50000,0,True,NO_WAIT,False,False,True,False,WR,1,0,False,LH_MCSLOCK,100000,0,TOP,0.7,16,True,WR,0,,False,10000000,16,YCSB,False,0.9,649127,0,28065,0,0,0,0,45070,71.1363,355030,26.8356,1.58008,0.0,0,0,1.4884899999999999,11.1982,50.0244,0,0,0,0,0,0.0,1578469,0,0
50000,0,True,NO_WAIT,False,False,True,False,WR,1,0,False,LH_MCSLOCK,100000,0,TOP,0.9,16,True,WR,0,,False,10000000,16,YCSB,False,0.9,357921,0,22470,0,0,0,0,31675,49.8365,505146,14.4809,1.7097900000000001,0.0,0,0,2.0848299999999997,12.6732,27.695,0,0,0,0,0,0.0,1573420,0,0
50000,0,True,BAMBOO,False,False,True,True,WR,1,0,False,LH_MCSLOCK,100000,0,TOP,0.1,16,True,WR,0,,False,10000000,16,YCSB,False,0.9,303515,0,30278,0,0,0,0,36148,56.1959,442646,9.12228,6.43791,3.63392,0,0,1.89475,17.5226,23.5005,0,0,0,0,0,0.05727240000000001,1554680,0,82568
50000,0,True,BAMBOO,False,False,True,False,WR,1,0,False,LH_MCSLOCK,100000,0,TOP,0.1,16,True,WR,0,,False,10000000,16,YCSB,False,0.9,470869,0,30427,0,0,0,0,43145,68.3236,370874,20.1357,5.39907,2.65571,0,0,1.95102,16.3102,36.3216,0,0,0,0,0,0.0233696,1583715,0,57120
50000,0,True,BAMBOO,False,False,True,True,WR,1,0,False,LH_MCSLOCK,100000,0,TOP,0.3,16,True,WR,0,,False,10000000,16,YCSB,False,0.9,246895,0,29579,0,0,0,0,34219,52.8165,467589,7.159889999999999,6.32396,3.4221699999999995,0,0,2.16322,18.8286,19.1632,0,0,0,0,0,0.0498416,1543527,0,72646
50000,0,True,BAMBOO,False,False,True,False,WR,1,0,False,LH_MCSLOCK,100000,0,TOP,0.3,16,True,WR,0,,False,10000000,16,YCSB,False,0.9,398193,0,32052,0,0,0,0,42833,67.2938,373576,16.9322,6.35824,3.4452800000000003,0,0,2.31825,19.6242,30.811999999999998,0,0,0,0,0,0.0246878,1571210,0,48522
50000,0,True,BAMBOO,False,False,True,True,WR,1,0,False,LH_MCSLOCK,100000,0,TOP,0.5,16,True,WR,0,,False,10000000,16,YCSB,False,0.9,179335,0,27588,0,0,0,0,30720,47.355,520845,4.82627,6.4741599999999995,3.4845599999999997,0,0,2.51068,19.8772,13.9208,0,0,0,0,0,0.0489767,1541540,0,62034
50000,0,True,BAMBOO,False,False,True,False,WR,1,0,False,LH_MCSLOCK,100000,0,TOP,0.5,16,True,WR,0,,False,10000000,16,YCSB,False,0.9,276813,0,25349,0,0,0,0,31040,48.7729,515506,8.93743,3.84228,1.3071700000000002,0,0,1.93747,15.2288,21.4141,0,0,0,0,0,0.0190135,1571421,0,36113
50000,0,True,BAMBOO,False,False,True,True,WR,1,0,False,LH_MCSLOCK,100000,0,TOP,0.7,16,True,WR,0,,False,10000000,16,YCSB,False,0.9,100126,0,20657,0,0,0,0,21908,33.2624,730350,1.89726,3.94481,1.21938,0,0,1.7383,15.7763,7.7892399999999995,0,0,0,0,0,0.040055400000000005,1518325,0,48024
50000,0,True,BAMBOO,False,False,True,False,WR,1,0,False,LH_MCSLOCK,100000,0,TOP,0.7,16,True,WR,0,,False,10000000,16,YCSB,False,0.9,186847,0,26564,0,0,0,0,30030,46.758,532820,5.39466,4.11819,1.2514,0,0,2.83333,19.6893,14.4893,0,0,0,0,0,0.0187576,1557101,0,25648
50000,0,True,BAMBOO,False,False,True,True,WR,1,0,False,LH_MCSLOCK,100000,0,TOP,0.9,16,True,WR,0,,False,10000000,16,YCSB,False,0.9,22813,0,19281,0,0,0,0,19561,27.8765,817933,0.39924699999999996,3.54969,0.77307,0,0,2.29609,17.622,1.8153299999999999,0,0,0,0,0,0.0219415,1425071,0,21109
50000,0,True,BAMBOO,False,False,True,False,WR,1,0,False,LH_MCSLOCK,100000,0,TOP,0.9,16,True,WR,0,,False,10000000,16,YCSB,False,0.9,68059,0,18690,0,0,0,0,19458,30.2039,822305,1.19074,2.94845,0.271829,0,0,2.0004,15.9486,5.3085,0,0,0,0,0,0.0130209,1552299,0,11658
50000,0,True,WOUND_WAIT,False,False,True,False,WR,1,0,False,LH_MCSLOCK,100000,0,TOP,0.1,16,True,WR,0,,False,10000000,16,YCSB,False,0.9,317804,0,43314,0,0,0,0,51877,80.8901,308436,13.3473,2.4031599999999997,0.0,0,0,2.60452,14.9902,24.5359,0,0,0,0,180926322,24.8646,1559341,0,1225991
50000,0,True,WOUND_WAIT,False,False,True,False,WR,1,0,False,LH_MCSLOCK,100000,0,TOP,0.3,16,True,WR,0,,False,10000000,16,YCSB,False,0.9,306459,0,45541,0,0,0,0,54006,84.6661,296272,13.267999999999999,2.5817099999999997,0.0,0,0,3.1059099999999997,16.8616,23.7062,0,0,0,0,219405144,26.45,1567760,0,1199821
50000,0,True,WOUND_WAIT,False,False,True,False,WR,1,0,False,LH_MCSLOCK,100000,0,TOP,0.5,16,True,WR,0,,False,10000000,16,YCSB,False,0.9,254905,0,35939,0,0,0,0,41580,65.1155,384812,8.83113,2.3189,0.0,0,0,2.423,14.5593,19.7192,0,0,0,0,184603938,17.6786,1566078,0,1021215
50000,0,True,WOUND_WAIT,False,False,True,False,WR,1,0,False,LH_MCSLOCK,100000,0,TOP,0.7,16,True,WR,0,,False,10000000,16,YCSB,False,0.9,190425,0,32918,0,0,0,0,36780,56.6596,435036,5.946940000000001,2.3668,0.0,0,0,2.5756799999999997,16.4012,14.7679,0,0,0,0,191863027,13.3821,1540559,0,786565
50000,0,True,WOUND_WAIT,False,False,True,False,WR,1,0,False,LH_MCSLOCK,100000,0,TOP,0.9,16,True,WR,0,,False,10000000,16,YCSB,False,0.9,87700,0,20739,0,0,0,0,21924,33.9739,729814,1.8340400000000001,2.1911400000000003,0.0,0,0,2.33518,13.853,6.82538,0,0,0,0,167894482,4.3341,1549663,0,372015
50000,0,True,SILO,False,False,True,False,WR,1,0,False,LH_MCSLOCK,100000,0,TOP,0.1,16,True,WR,0,,False,10000000,16,YCSB,False,0.9,592931,0,33669,0,0,0,0,43131,66.3055,370997,14.5402,2.81747,0.0,0,0,1.47,4.95034,45.7498,0,0,0,0,0,0.0,1537445,0,0
50000,0,True,SILO,False,False,True,False,WR,1,0,False,LH_MCSLOCK,100000,0,TOP,0.3,16,True,WR,0,,False,10000000,16,YCSB,False,0.9,523776,0,31966,0,0,0,0,40351,62.6373,396555,13.0111,2.4167400000000003,0.0,0,0,1.46737,6.55773,40.4179,0,0,0,0,0,0.0,1552448,0,0
50000,0,True,SILO,False,False,True,False,WR,1,0,False,LH_MCSLOCK,100000,0,TOP,0.5,16,True,WR,0,,False,10000000,16,YCSB,False,0.9,416780,0,27700,0,0,0,0,33698,51.696000000000005,474851,9.19695,1.8407799999999999,0.0,0,0,1.32336,6.58873,32.2349,0,0,0,0,0,0.0,1534242,0,0
50000,0,True,SILO,False,False,True,False,WR,1,0,False,LH_MCSLOCK,100000,0,TOP,0.7,16,True,WR,0,,False,10000000,16,YCSB,False,0.9,307860,0,23984,0,0,0,0,28024,43.0909,570990,6.2077800000000005,1.25748,0.0,0,0,1.7974599999999998,5.58734,23.8872,0,0,0,0,0,0.0,1537778,0,0
50000,0,True,SILO,False,False,True,False,WR,1,0,False,LH_MCSLOCK,100000,0,TOP,0.9,16,True,WR,0,,False,10000000,16,YCSB,False,0.9,149761,0,18224,0,0,0,0,19887,30.3277,804599,2.53368,0.6628149999999999,0.0,0,0,1.8568799999999999,5.09419,11.5816,0,0,0,0,0,0.0,1525103,0,0
50000,0,True,WAIT_DIE,False,False,True,False,WR,1,0,False,LH_MCSLOCK,100000,0,TOP,0.1,16,True,WR,0,,False,10000000,16,YCSB,False,0.9,812342,0,43870,0,0,0,0,58639,93.1617,272882,23.4558,1.76204,0.0,0,0,1.8690099999999998,12.0778,62.9435,0,0,0,0,139991885,4.7306,1588887,0,464890
50000,0,True,WAIT_DIE,False,False,True,False,WR,1,0,False,LH_MCSLOCK,100000,0,TOP,0.3,16,True,WR,0,,False,10000000,16,YCSB,False,0.9,792306,0,44267,0,0,0,0,59070,93.4092,270889,23.4021,1.7822099999999998,0.0,0,0,2.51265,12.9604,61.2774,0,0,0,0,141842171,5.1348199999999995,1581470,0,441226
50000,0,True,WAIT_DIE,False,False,True,False,WR,1,0,False,LH_MCSLOCK,100000,0,TOP,0.5,16,True,WR,0,,False,10000000,16,YCSB,False,0.9,606022,0,36607,0,0,0,0,45437,71.7566,352162,13.9395,1.71228,0.0,0,0,1.5609,11.2053,46.8921,0,0,0,0,144770162,3.0758,1579373,0,339755
50000,0,True,WAIT_DIE,False,False,True,False,WR,1,0,False,LH_MCSLOCK,100000,0,TOP,0.7,16,True,WR,0,,False,10000000,16,YCSB,False,0.9,510663,0,36735,0,0,0,0,44288,70.1594,361300,11.9591,1.76374,0.0,0,0,2.4102900000000003,14.7084,39.589,0,0,0,0,139206548,3.54,1584288,0,271362
50000,0,True,WAIT_DIE,False,False,True,False,WR,1,0,False,LH_MCSLOCK,100000,0,TOP,0.9,16,True,WR,0,,False,10000000,16,YCSB,False,0.9,235223,0,24626,0,0,0,0,26902,42.1355,594781,3.5619199999999998,1.8591799999999998,0.0,0,0,2.1137099999999998,13.0805,18.419,0,0,0,0,170913441,1.3493,1566337,0,111207
50000,0,True,NO_WAIT,False,False,True,False,WR,1,0,False,LH_MCSLOCK,100000,0,TOP,0.1,16,True,WR,0,,False,10000000,16,YCSB,False,0.9,1123424,0,36247,0,0,0,0,71402,112.693,224104,55.4793,1.7018900000000001,0.0,0,0,2.0265,12.4781,86.4886,0,0,0,0,0,0.0,1578436,0,0
50000,0,True,NO_WAIT,False,False,True,False,WR,1,0,False,LH_MCSLOCK,100000,0,TOP,0.3,16,True,WR,0,,False,10000000,16,YCSB,False,0.9,1056019,0,36199,0,0,0,0,68766,108.584,232697,51.4172,1.8205200000000001,0.0,0,0,2.00754,13.13,81.7332,0,0,0,0,0,0.0,1579193,0,0
50000,0,True,NO_WAIT,False,False,True,False,WR,1,0,False,LH_MCSLOCK,100000,0,TOP,0.5,16,True,WR,0,,False,10000000,16,YCSB,False,0.9,856614,0,32641,0,0,0,0,57235,90.0288,279574,38.6796,1.74174,0.0,0,0,1.77945,11.5107,66.4352,0,0,0,0,0,0.0,1573109,0,0
50000,0,True,NO_WAIT,False,False,True,False,WR,1,0,False,LH_MCSLOCK,100000,0,TOP,0.7,16,True,WR,0,,False,10000000,16,YCSB,False,0.9,663973,0,28905,0,0,0,0,46787,73.6118,342005,28.1293,1.62348,0.0,0,0,1.99026,11.6124,51.2553,0,0,0,0,0,0.0,1573474,0,0
50000,0,True,NO_WAIT,False,False,True,False,WR,1,0,False,LH_MCSLOCK,100000,0,TOP,0.9,16,True,WR,0,,False,10000000,16,YCSB,False,0.9,345207,0,22138,0,0,0,0,31016,48.6045,515897,13.9097,1.71714,0.0,0,0,1.98446,12.6833,26.8551,0,0,0,0,0,0.0,1567182,0,0
