ABORT_PENALTY,BB_OPT_MAX_WAITER,BB_OPT_RAW,CC_ALG,COMMUTATIVE_LATCH,COMMUTATIVE_OPS,DEBUG_CS_PROFILING,DEBUG_PROFILING,DYNAMIC_TS,LATCH,MAX_TXN_PER_PART,NUM_WH,PERC_PAYMENT,RETIRE_ON,THREAD_CNT,TPCC_USER_ABORT,WORKLOAD,WW_STARV_FREE,abort_cnt,commit_latency,cycle_detect,deadlock_cnt,dl_detect_time,dl_wait_time,latency,run_time,throughput,time_abort,time_cleanup,time_commit,time_get_cs,time_get_latch,time_index,time_man,time_query,time_release_cs,time_release_latch,time_retire_cs,time_retire_latch,time_ts_alloc,time_wait,txn_cnt,user_abort_cnt,wait_cnt
50000,0,True,BAMBOO,False,True,False,True,True,LH_MCSLOCK,100000,1,0.5,True,1,False,TPCC,False,0,3877,0,0,0,0,3877,0.387736,257908.0,0.0,0.0247337,0.00105617,0,0,0.0429422,0.136756,0.00217145,0,0,0,0,0,0.0,100000,0,0
50000,0,True,BAMBOO,False,True,False,True,True,LH_MCSLOCK,100000,2,0.5,True,1,False,TPCC,False,0,4583,0,0,0,0,4583,0.458348,218175.0,0.0,0.0252959,0.00106287,0,0,0.0503657,0.163241,0.0021381,0,0,0,0,0,0.0,100000,0,0
50000,0,True,BAMBOO,False,True,False,True,True,LH_MCSLOCK,100000,4,0.5,True,1,False,TPCC,False,0,4794,0,0,0,0,4794,0.479455,208570.0,0.0,0.0271765,0.00114051,0,0,0.058762199999999994,0.15153599999999998,0.00233548,0,0,0,0,0,0.0,100000,0,0
50000,0,True,BAMBOO,False,True,False,True,True,LH_MCSLOCK,100000,8,0.5,True,1,False,TPCC,False,0,5658,0,0,0,0,5658,0.565808,176738.0,0.0,0.027114799999999998,0.00107791,0,0,0.0645408,0.192685,0.00227926,0,0,0,0,0,0.0,100000,0,0
50000,0,True,BAMBOO,False,True,False,True,True,LH_MCSLOCK,100000,16,0.5,True,1,False,TPCC,False,0,5971,0,0,0,0,5971,0.597163,167458.0,0.0,0.0261056,0.00110009,0,0,0.0883437,0.157478,0.00218623,0,0,0,0,0,0.0,100000,0,0
50000,0,True,BAMBOO,False,True,False,True,True,LH_MCSLOCK,100000,1,0.5,True,2,False,TPCC,False,0,6829,0,0,0,0,6829,1.35344,292830.0,0.0,0.153863,0.00316487,0,0,0.10981500000000001,0.807285,0.00385208,0,0,0,0,0,4.592e-06,198164,0,6
50000,0,True,BAMBOO,False,True,False,True,True,LH_MCSLOCK,100000,2,0.5,True,2,False,TPCC,False,0,7318,0,0,0,0,7318,1.4561600000000001,273296.0,0.0,0.138632,0.00208792,0,0,0.125831,0.8503069999999999,0.00386746,0,0,0,0,0,1.3830000000000001e-06,198981,0,1
50000,0,True,BAMBOO,False,True,False,True,True,LH_MCSLOCK,100000,4,0.5,True,2,False,TPCC,False,0,6702,0,0,0,0,6702,1.31144,298394.0,0.0,0.130806,0.00203596,0,0,0.113919,0.693705,0.00380952,0,0,0,0,0,8.33e-07,195663,0,1
50000,0,True,BAMBOO,False,True,False,True,True,LH_MCSLOCK,100000,8,0.5,True,2,False,TPCC,False,0,7383,0,0,0,0,7383,1.4217899999999999,270864.0,0.0,0.135113,0.00202969,0,0,0.12971,0.762844,0.00378192,0,0,0,0,0,0.0,192555,0,0
50000,0,True,BAMBOO,False,True,False,True,True,LH_MCSLOCK,100000,16,0.5,True,2,False,TPCC,False,0,8022,0,0,0,0,8022,1.56718,249303.0,0.0,0.13881400000000002,0.00212241,0,0,0.163208,0.783154,0.00396542,0,0,0,0,0,0.0,195351,0,0
50000,0,True,BAMBOO,False,True,False,True,True,LH_MCSLOCK,100000,1,0.5,True,4,False,TPCC,False,69,6329,0,0,0,0,6332,2.46409,631707.0,0.0008472760000000001,0.300746,0.0094105,0,0,0.21310700000000002,1.4230200000000002,0.0130005,0,0,0,0,0,1.9849000000000003e-05,389145,0,40
50000,0,True,BAMBOO,False,True,False,True,True,LH_MCSLOCK,100000,2,0.5,True,4,False,TPCC,False,14,7072,0,0,0,0,7072,2.7690599999999996,565550.0,0.00018013,0.298769,0.00621967,0,0,0.226802,1.5581,0.00881997,0,0,0,0,0,1.105e-05,391510,0,17
50000,0,True,BAMBOO,False,True,False,True,True,LH_MCSLOCK,100000,4,0.5,True,4,False,TPCC,False,0,7861,0,0,0,0,7861,2.9632099999999997,508828.0,0.0,0.277817,0.00411125,0,0,0.242427,1.6140299999999999,0.00769496,0,0,0,0,0,9.58e-07,376941,0,1
50000,0,True,BAMBOO,False,True,False,True,True,LH_MCSLOCK,100000,8,0.5,True,4,False,TPCC,False,0,8105,0,0,0,0,8105,3.01297,493509.0,0.0,0.269608,0.00397335,0,0,0.27431300000000003,1.59727,0.00735836,0,0,0,0,0,0.0,371731,0,0
50000,0,True,BAMBOO,False,True,False,True,True,LH_MCSLOCK,100000,16,0.5,True,4,False,TPCC,False,0,10472,0,0,0,0,10472,3.8986,381953.0,0.0,0.304717,0.00436291,0,0,0.43284399999999995,2.05728,0.00828193,0,0,0,0,0,3.449e-06,372271,0,1
50000,0,True,BAMBOO,False,True,False,True,True,LH_MCSLOCK,100000,1,0.5,True,8,False,TPCC,False,830,7795,0,0,0,0,7809,6.05566,1024360.0,0.0109297,0.68193,0.042254900000000005,0,0,0.459138,3.64733,0.0790492,0,0,0,0,0,0.000156662,775395,0,343
50000,0,True,BAMBOO,False,True,False,True,True,LH_MCSLOCK,100000,2,0.5,True,8,False,TPCC,False,117,7542,0,0,0,0,7544,5.748480000000001,1060380.0,0.00159746,0.621846,0.021274900000000003,0,0,0.445959,3.38918,0.0242278,0,0,0,0,0,6.4443e-05,761947,0,129
50000,0,True,BAMBOO,False,True,False,True,True,LH_MCSLOCK,100000,4,0.5,True,8,False,TPCC,False,11,7894,0,0,0,0,7894,6.055540000000001,1013390.0,0.000156768,0.605683,0.0125277,0,0,0.463604,3.3083400000000003,0.0159728,0,0,0,0,0,2.0202e-05,767074,0,32
50000,0,True,BAMBOO,False,True,False,True,True,LH_MCSLOCK,100000,8,0.5,True,8,False,TPCC,False,0,8503,0,0,0,0,8503,6.39507,940753.0,0.0,0.5598350000000001,0.00821892,0,0,0.530163,3.31735,0.015293000000000001,0,0,0,0,0,1.3119999999999999e-06,752023,0,2
50000,0,True,BAMBOO,False,True,False,True,True,LH_MCSLOCK,100000,16,0.5,True,8,False,TPCC,False,0,8335,0,0,0,0,8335,6.00126,959791.0,0.0,0.52825,0.00792116,0,0,0.677527,3.11006,0.014734,0,0,0,0,0,3.189e-06,719995,0,4
50000,0,True,BAMBOO,False,True,False,True,True,LH_MCSLOCK,100000,1,0.5,True,16,False,TPCC,False,5729,9513,0,0,0,0,9573,14.5425,1671220.0,0.09171710000000001,1.8513,0.16681700000000002,0,0,0.9758120000000001,8.47441,0.48435600000000006,0,0,0,0,0,0.000632538,1518989,0,1122
50000,12,True,BAMBOO,False,True,False,True,True,LH_MCSLOCK,100000,1,0.5,True,16,False,TPCC,False,5704,9701,0,0,0,0,9765,14.7882,1638490.0,0.0965585,1.9111799999999999,0.172371,0,0,1.09533,8.60032,0.48123699999999997,0,0,0,0,0,0.000811019,1514397,0,1133
50000,0,True,BAMBOO,False,True,False,True,True,LH_MCSLOCK,100000,2,0.5,True,16,False,TPCC,False,1614,8283,0,0,0,0,8298,12.7019,1928170.0,0.0225105,1.38595,0.0851718,0,0,0.991115,7.57465,0.156901,0,0,0,0,0,0.000269007,1530710,0,619
50000,12,True,BAMBOO,False,True,False,True,True,LH_MCSLOCK,100000,2,0.5,True,16,False,TPCC,False,1553,8251,0,0,0,0,8265,12.6522,1935710.0,0.0219363,1.3890799999999999,0.0850138,0,0,1.23246,7.477339999999999,0.152151,0,0,0,0,0,0.00022156,1530685,0,483
50000,0,True,BAMBOO,False,True,False,True,True,LH_MCSLOCK,100000,4,0.5,True,16,False,TPCC,False,326,8535,0,0,0,0,8538,13.1326,1873810.0,0.00485484,1.32151,0.0498944,0,0,0.96759,7.34282,0.0555991,0,0,0,0,0,0.000133569,1538002,0,300
50000,12,True,BAMBOO,False,True,False,True,True,LH_MCSLOCK,100000,4,0.5,True,16,False,TPCC,False,260,8443,0,0,0,0,8446,12.8137,1894320.0,0.00380634,1.28903,0.0463772,0,0,1.26449,7.1942699999999995,0.05093,0,0,0,0,0,0.00014722,1517073,0,309
50000,0,True,BAMBOO,False,True,False,True,True,LH_MCSLOCK,100000,8,0.5,True,16,False,TPCC,False,21,8880,0,0,0,0,8880,13.2771,1801720.0,0.00036844,1.23985,0.025821800000000002,0,0,1.09764,7.13842,0.0316875,0,0,0,0,0,4.8046999999999996e-05,1495104,0,89
50000,12,True,BAMBOO,False,True,False,True,True,LH_MCSLOCK,100000,8,0.5,True,16,False,TPCC,False,21,9241,0,0,0,0,9242,13.9343,1731220.0,0.000374524,1.26742,0.027437700000000002,0,0,1.4307,7.39885,0.0314668,0,0,0,0,0,6.9954e-05,1507716,0,121
50000,0,True,BAMBOO,False,True,False,True,True,LH_MCSLOCK,100000,16,0.5,True,16,False,TPCC,False,0,8727,0,0,0,0,8727,12.3967,1833390.0,0.0,1.04818,0.015330600000000002,0,0,1.16193,6.25191,0.0283632,0,0,0,0,0,2.424e-06,1420495,0,4
50000,12,True,BAMBOO,False,True,False,True,True,LH_MCSLOCK,100000,16,0.5,True,16,False,TPCC,False,0,8876,0,0,0,0,8876,12.7123,1802420.0,0.0,1.06609,0.015515799999999998,0,0,1.3180399999999999,6.3858,0.028797500000000004,0,0,0,0,0,3.1060000000000004e-06,1432058,0,3
50000,0,True,BAMBOO,False,True,False,True,True,LH_MCSLOCK,100000,1,0.5,True,32,False,TPCC,False,28659,14716,0,0,0,0,15035,45.778,2128280.0,0.9730340000000001,10.1448,1.4534799999999999,0,0,2.4215,30.2154,2.45799,0,0,0,0,0,0.014137899999999998,3044630,0,6594
50000,4,True,BAMBOO,False,True,False,True,True,LH_MCSLOCK,100000,1,0.5,True,32,False,TPCC,False,29750,12870,0,0,0,0,13087,40.2478,2445060.0,0.667265,8.249839999999999,0.55498,0,0,2.2393400000000003,25.4344,2.4622599999999997,0,0,0,0,0,0.00350642,3075257,0,6198
50000,0,True,BAMBOO,False,True,False,True,True,LH_MCSLOCK,100000,2,0.5,True,32,False,TPCC,False,11141,11371,0,0,0,0,11493,34.9097,2784180.0,0.369613,6.24357,2.31367,0,0,2.359,20.8795,1.04879,0,0,0,0,0,0.00215879,3037345,0,3701
50000,4,True,BAMBOO,False,True,False,True,True,LH_MCSLOCK,100000,2,0.5,True,32,False,TPCC,False,11739,11379,0,0,0,0,11452,34.6253,2794110.0,0.222442,5.73171,1.54395,0,0,2.32762,21.5818,1.01898,0,0,0,0,0,0.00199879,3023338,0,3570
50000,0,True,BAMBOO,False,True,False,True,True,LH_MCSLOCK,100000,4,0.5,True,32,False,TPCC,False,2675,11848,0,0,0,0,11865,35.4027,2696990.0,0.050882300000000005,3.97666,0.210446,0,0,2.92516,19.4562,0.294715,0,0,0,0,0,0.00652542,2983773,0,2026
50000,4,True,BAMBOO,False,True,False,True,True,LH_MCSLOCK,100000,4,0.5,True,32,False,TPCC,False,2684,12438,0,0,0,0,12458,35.3822,2568570.0,0.056498599999999996,4.041119999999999,0.230856,0,0,2.88152,19.725,0.29223499999999997,0,0,0,0,0,0.00132155,2840059,0,1985
50000,0,True,BAMBOO,False,True,False,True,True,LH_MCSLOCK,100000,8,0.5,True,32,False,TPCC,False,504,13162,0,0,0,0,13166,37.5687,2430350.0,0.0119068,3.79552,0.14413099999999998,0,0,4.08097,21.34,0.117824,0,0,0,0,0,0.0006843110000000001,2853288,0,787
50000,4,True,BAMBOO,False,True,False,True,True,LH_MCSLOCK,100000,8,0.5,True,32,False,TPCC,False,494,14058,0,0,0,0,14062,37.4354,2275490.0,0.011829899999999999,3.7542400000000002,0.199754,0,0,3.44886,21.2976,0.113303,0,0,0,0,0,0.0009627739999999999,2661991,0,682
50000,0,True,BAMBOO,False,True,False,True,True,LH_MCSLOCK,100000,16,0.5,True,32,False,TPCC,False,43,17691,0,0,0,0,17691,47.7364,1808750.0,0.001384,3.8835800000000003,0.10580099999999999,0,0,6.5914399999999995,26.5889,0.0855753,0,0,0,0,0,0.00040747900000000003,2698224,0,290
50000,4,True,BAMBOO,False,True,False,True,True,LH_MCSLOCK,100000,16,0.5,True,32,False,TPCC,False,39,15042,0,0,0,0,15042,36.6881,2127250.0,0.00116091,3.28189,0.0800225,0,0,4.2032099999999994,19.5738,0.073647,0,0,0,0,0,0.000237655,2438901,0,183
50000,0,True,BAMBOO,False,True,False,True,True,LH_MCSLOCK,100000,1,0.5,True,1,False,TPCC,False,0,3918,0,0,0,0,3918,0.391853,255198.0,0.0,0.0252183,0.00106939,0,0,0.0424371,0.137598,0.00215907,0,0,0,0,0,0.0,100000,0,0
50000,0,True,BAMBOO,False,True,False,True,True,LH_MCSLOCK,100000,2,0.5,True,1,False,TPCC,False,0,4515,0,0,0,0,4515,0.45156999999999997,221449.0,0.0,0.0248435,0.00105892,0,0,0.049737800000000006,0.161908,0.00211078,0,0,0,0,0,0.0,100000,0,0
50000,0,True,BAMBOO,False,True,False,True,True,LH_MCSLOCK,100000,4,0.5,True,1,False,TPCC,False,0,4775,0,0,0,0,4775,0.477512,209419.0,0.0,0.0261305,0.00106135,0,0,0.051743899999999995,0.156369,0.00219148,0,0,0,0,0,0.0,100000,0,0
50000,0,True,BAMBOO,False,True,False,True,True,LH_MCSLOCK,100000,8,0.5,True,1,False,TPCC,False,0,7596,0,0,0,0,7596,0.759677,131635.0,0.0,0.0331815,0.00119588,0,0,0.10845199999999999,0.278861,0.00243363,0,0,0,0,0,0.0,100000,0,0
50000,0,True,BAMBOO,False,True,False,True,True,LH_MCSLOCK,100000,16,0.5,True,1,False,TPCC,False,0,6001,0,0,0,0,6001,0.600164,166621.0,0.0,0.026117,0.0011247,0,0,0.0807354,0.160115,0.00218473,0,0,0,0,0,0.0,100000,0,0
50000,0,True,BAMBOO,False,True,False,True,True,LH_MCSLOCK,100000,1,0.5,True,2,False,TPCC,False,2,6831,0,0,0,0,6831,1.3513700000000002,292762.0,2.5959e-05,0.152554,0.00311262,0,0,0.10998499999999999,0.805558,0.00399617,0,0,0,0,0,6.176e-06,197815,0,7
50000,0,True,BAMBOO,False,True,False,True,True,LH_MCSLOCK,100000,2,0.5,True,2,False,TPCC,False,0,6665,0,0,0,0,6665,1.2876,300075.0,0.0,0.128822,0.00200903,0,0,0.10936199999999999,0.725162,0.00374852,0,0,0,0,0,0.0,193189,0,0
50000,0,True,BAMBOO,False,True,False,True,True,LH_MCSLOCK,100000,4,0.5,True,2,False,TPCC,False,0,6784,0,0,0,0,6784,1.34166,294805.0,0.0,0.134772,0.00205606,0,0,0.127571,0.73929,0.00385673,0,0,0,0,0,1.265e-06,197764,0,1
50000,0,True,BAMBOO,False,True,False,True,True,LH_MCSLOCK,100000,8,0.5,True,2,False,TPCC,False,0,7251,0,0,0,0,7251,1.4420899999999999,275791.0,0.0,0.138517,0.00208781,0,0,0.14044700000000002,0.769465,0.00389822,0,0,0,0,0,0.0,198858,0,0
50000,0,True,BAMBOO,False,True,False,True,True,LH_MCSLOCK,100000,16,0.5,True,2,False,TPCC,False,0,8853,0,0,0,0,8853,1.6177700000000002,225887.0,0.0,0.131874,0.00197438,0,0,0.171211,0.7739729999999999,0.00368593,0,0,0,0,0,0.0,182716,0,0
50000,0,True,BAMBOO,False,True,False,True,True,LH_MCSLOCK,100000,1,0.5,True,4,False,TPCC,False,89,6423,0,0,0,0,6425,2.50941,622511.0,0.000968572,0.306761,0.010163,0,0,0.214993,1.45141,0.014863900000000001,0,0,0,0,0,2.8071999999999998e-05,390534,0,52
50000,0,True,BAMBOO,False,True,False,True,True,LH_MCSLOCK,100000,2,0.5,True,4,False,TPCC,False,6,6613,0,0,0,0,6613,2.54237,604788.0,8.5667e-05,0.275854,0.00603147,0,0,0.220237,1.35626,0.00795473,0,0,0,0,0,7.452000000000001e-06,384399,0,13
50000,0,True,BAMBOO,False,True,False,True,True,LH_MCSLOCK,100000,4,0.5,True,4,False,TPCC,False,0,7709,0,0,0,0,7709,3.0058,518815.0,0.0,0.285172,0.00423215,0,0,0.24883200000000003,1.63784,0.00792226,0,0,0,0,0,1.996e-06,389863,0,2
50000,0,True,BAMBOO,False,True,False,True,True,LH_MCSLOCK,100000,8,0.5,True,4,False,TPCC,False,0,8319,0,0,0,0,8319,3.20443,480789.0,0.0,0.282018,0.0041497,0,0,0.27660799999999997,1.67766,0.00773148,0,0,0,0,0,6.389999999999999e-07,385164,0,1
50000,0,True,BAMBOO,False,True,False,True,True,LH_MCSLOCK,100000,16,0.5,True,4,False,TPCC,False,0,8187,0,0,0,0,8187,2.9609099999999997,488548.0,0.0,0.270469,0.00424389,0,0,0.278686,1.49781,0.00796257,0,0,0,0,0,0.0,361637,0,0
50000,0,True,BAMBOO,False,True,False,True,True,LH_MCSLOCK,100000,1,0.5,True,8,False,TPCC,False,836,7050,0,0,0,0,7063,5.4057900000000005,1132580.0,0.0100584,0.67979,0.0375656,0,0,0.393629,3.30125,0.0803388,0,0,0,0,0,0.000141971,765315,0,297
50000,0,True,BAMBOO,False,True,False,True,True,LH_MCSLOCK,100000,2,0.5,True,8,False,TPCC,False,128,7661,0,0,0,0,7664,5.99819,1043830.0,0.0017044,0.6404890000000001,0.0214377,0,0,0.45489399999999997,3.5021,0.0254806,0,0,0,0,0,5.3108999999999996e-05,782636,0,106
50000,0,True,BAMBOO,False,True,False,True,True,LH_MCSLOCK,100000,4,0.5,True,8,False,TPCC,False,13,7870,0,0,0,0,7870,5.998419999999999,1016420.0,0.000183462,0.603701,0.0122475,0,0,0.47063999999999995,3.27564,0.015885299999999998,0,0,0,0,0,2.6945e-05,762113,0,49
50000,0,True,BAMBOO,False,True,False,True,True,LH_MCSLOCK,100000,8,0.5,True,8,False,TPCC,False,0,8569,0,0,0,0,8569,6.3993,933553.0,0.0,0.563754,0.00827053,0,0,0.62185,3.3923,0.0153722,0,0,0,0,0,0.0,746761,0,0
50000,0,True,BAMBOO,False,True,False,True,True,LH_MCSLOCK,100000,16,0.5,True,8,False,TPCC,False,0,8408,0,0,0,0,8408,5.95784,951422.0,0.0,0.515119,0.00773475,0,0,0.672687,2.99169,0.014377700000000002,0,0,0,0,0,2.165e-06,708553,0,3
50000,0,True,BAMBOO,False,True,False,True,True,LH_MCSLOCK,100000,1,0.5,True,16,False,TPCC,False,6151,9483,0,0,0,0,9550,14.6248,1675340.0,0.102385,1.88048,0.174327,0,0,1.00353,8.47373,0.515778,0,0,0,0,0,0.000773235,1531345,0,1164
50000,12,True,BAMBOO,False,True,False,True,True,LH_MCSLOCK,100000,1,0.5,True,16,False,TPCC,False,5680,9630,0,0,0,0,9695,14.635,1650230.0,0.09806160000000001,2.01335,0.171575,0,0,1.05831,8.82959,0.479171,0,0,0,0,0,0.0009662630000000001,1509452,0,1236
50000,0,True,BAMBOO,False,True,False,True,True,LH_MCSLOCK,100000,2,0.5,True,16,False,TPCC,False,1481,7677,0,0,0,0,7690,11.9933,2080620.0,0.0189293,1.35381,0.07598560000000001,0,0,0.8721469999999999,6.92738,0.146076,0,0,0,0,0,0.000226545,1559585,0,473
50000,12,True,BAMBOO,False,True,False,True,True,LH_MCSLOCK,100000,2,0.5,True,16,False,TPCC,False,1604,8280,0,0,0,0,8295,12.9574,1928810.0,0.0224578,1.42087,0.0863167,0,0,1.25482,7.636760000000001,0.157032,0,0,0,0,0,0.000236346,1562017,0,521
50000,0,True,BAMBOO,False,True,False,True,True,LH_MCSLOCK,100000,4,0.5,True,16,False,TPCC,False,263,8095,0,0,0,0,8098,12.4758,1975780.0,0.00370067,1.28892,0.0430364,0,0,0.902653,6.8723399999999994,0.0508261,0,0,0,0,0,0.000140498,1540597,0,294
50000,12,True,BAMBOO,False,True,False,True,True,LH_MCSLOCK,100000,4,0.5,True,16,False,TPCC,False,308,8544,0,0,0,0,8547,13.3267,1871810.0,0.0047143,1.3403,0.0497758,0,0,1.30079,7.4967,0.0552111,0,0,0,0,0,0.000137864,1559062,0,298
50000,0,True,BAMBOO,False,True,False,True,True,LH_MCSLOCK,100000,8,0.5,True,16,False,TPCC,False,39,9011,0,0,0,0,9012,13.5807,1775390.0,0.0006562260000000001,1.27095,0.0274362,0,0,1.06772,7.396789999999999,0.0331245,0,0,0,0,0,6.7841e-05,1506940,0,111
50000,12,True,BAMBOO,False,True,False,True,True,LH_MCSLOCK,100000,8,0.5,True,16,False,TPCC,False,29,9015,0,0,0,0,9015,13.8917,1774640.0,0.0005060759999999999,1.29724,0.0275568,0,0,1.45625,7.55325,0.0331033,0,0,0,0,0,6.6482e-05,1540792,0,125
50000,0,True,BAMBOO,False,True,False,True,True,LH_MCSLOCK,100000,16,0.5,True,16,False,TPCC,False,1,9242,0,0,0,0,9242,12.4606,1731070.0,3.1488e-05,1.0845,0.0152764,0,0,1.29112,6.44168,0.028604700000000004,0,0,0,0,0,6.4589999999999995e-06,1348130,0,9
50000,12,True,BAMBOO,False,True,False,True,True,LH_MCSLOCK,100000,16,0.5,True,16,False,TPCC,False,0,13325,0,0,0,0,13325,17.7511,1200710.0,0.0,1.2998,0.0177229,0,0,2.4696700000000003,9.50716,0.033564800000000006,0,0,0,0,0,1.0509e-05,1332122,0,12
50000,0,True,BAMBOO,False,True,False,True,True,LH_MCSLOCK,100000,1,0.5,True,32,False,TPCC,False,28593,13124,0,0,0,0,13372,40.6702,2393070.0,0.7528050000000001,9.109910000000001,1.49462,0,0,2.10217,26.3217,2.33461,0,0,0,0,0,0.0034000999999999997,3041458,0,6089
50000,4,True,BAMBOO,False,True,False,True,True,LH_MCSLOCK,100000,1,0.5,True,32,False,TPCC,False,30784,14509,0,0,0,0,14764,44.3162,2167320.0,0.766173,9.99734,2.4927799999999998,0,0,2.54772,28.8616,2.50515,0,0,0,0,0,0.00405755,3001484,0,6483
50000,0,True,BAMBOO,False,True,False,True,True,LH_MCSLOCK,100000,2,0.5,True,32,False,TPCC,False,11094,11967,0,0,0,0,12040,36.7,2657640.0,0.222637,5.28471,0.775004,0,0,2.53272,21.7219,1.00793,0,0,0,0,0,0.00271998,3047979,0,3854
50000,4,True,BAMBOO,False,True,False,True,True,LH_MCSLOCK,100000,2,0.5,True,32,False,TPCC,False,11484,13475,0,0,0,0,13701,41.211000000000006,2335510.0,0.678662,7.4329,3.03946,0,0,3.0485599999999997,24.8391,1.0645,0,0,0,0,0,0.00245213,3007770,0,3604
50000,0,True,BAMBOO,False,True,False,True,True,LH_MCSLOCK,100000,4,0.5,True,32,False,TPCC,False,2857,12724,0,0,0,0,12746,37.1175,2510440.0,0.0657817,4.29898,0.259251,0,0,2.75454,21.5394,0.30398600000000003,0,0,0,0,0,0.00172975,2911919,0,2039
50000,4,True,BAMBOO,False,True,False,True,True,LH_MCSLOCK,100000,4,0.5,True,32,False,TPCC,False,2913,12554,0,0,0,0,12575,38.8106,2544660.0,0.0637258,4.33511,0.255877,0,0,3.21762,21.6101,0.318395,0,0,0,0,0,0.00184178,3086244,0,2235
50000,0,True,BAMBOO,False,True,False,True,True,LH_MCSLOCK,100000,8,0.5,True,32,False,TPCC,False,460,14092,0,0,0,0,14096,37.6305,2270140.0,0.010734899999999999,4.20191,0.7202770000000001,0,0,3.38364,21.8334,0.10962100000000001,0,0,0,0,0,0.0006560660000000001,2669576,0,725
50000,4,True,BAMBOO,False,True,False,True,True,LH_MCSLOCK,100000,8,0.5,True,32,False,TPCC,False,459,14210,0,0,0,0,14219,41.1492,2250400.0,0.025876599999999996,4.940259999999999,1.04459,0,0,4.14815,23.6703,0.119651,0,0,0,0,0,0.0008600560000000001,2893816,0,800
50000,0,True,BAMBOO,False,True,False,True,True,LH_MCSLOCK,100000,16,0.5,True,32,False,TPCC,False,46,15399,0,0,0,0,15399,41.8034,2077930.0,0.00118538,3.69371,0.09305480000000001,0,0,4.91714,22.9422,0.081462,0,0,0,0,0,0.000296105,2714520,0,233
50000,4,True,BAMBOO,False,True,False,True,True,LH_MCSLOCK,100000,16,0.5,True,32,False,TPCC,False,43,15097,0,0,0,0,15097,35.7312,2119500.0,0.0014259000000000001,3.1284400000000003,0.101406,0,0,4.06613,19.7465,0.068737,0,0,0,0,0,0.000254003,2366630,0,188
50000,0,True,BAMBOO,False,True,False,True,True,LH_MCSLOCK,100000,1,0.5,True,1,False,TPCC,False,0,3888,0,0,0,0,3888,0.388836,257178.0,0.0,0.0248019,0.00105765,0,0,0.0428464,0.136969,0.00215603,0,0,0,0,0,0.0,100000,0,0
50000,0,True,BAMBOO,False,True,False,True,True,LH_MCSLOCK,100000,2,0.5,True,1,False,TPCC,False,0,4560,0,0,0,0,4560,0.45601800000000003,219290.0,0.0,0.0249093,0.00106239,0,0,0.050179400000000006,0.164602,0.00215688,0,0,0,0,0,0.0,100000,0,0
50000,0,True,BAMBOO,False,True,False,True,True,LH_MCSLOCK,100000,4,0.5,True,1,False,TPCC,False,0,4985,0,0,0,0,4985,0.498507,200599.0,0.0,0.0281747,0.00114951,0,0,0.0541856,0.165848,0.00232703,0,0,0,0,0,0.0,100000,0,0
50000,0,True,BAMBOO,False,True,False,True,True,LH_MCSLOCK,100000,8,0.5,True,1,False,TPCC,False,0,5709,0,0,0,0,5709,0.570911,175159.0,0.0,0.0271278,0.00108081,0,0,0.0661677,0.19050899999999998,0.00216595,0,0,0,0,0,0.0,100000,0,0
50000,0,True,BAMBOO,False,True,False,True,True,LH_MCSLOCK,100000,16,0.5,True,1,False,TPCC,False,0,8488,0,0,0,0,8488,0.848828,117809.0,0.0,0.0308866,0.00112662,0,0,0.157923,0.287452,0.00226631,0,0,0,0,0,0.0,100000,0,0
50000,0,True,BAMBOO,False,True,False,True,True,LH_MCSLOCK,100000,1,0.5,True,2,False,TPCC,False,3,6802,0,0,0,0,6802,1.3379299999999998,294005.0,3.8632e-05,0.151008,0.00318915,0,0,0.10858699999999999,0.796996,0.00403419,0,0,0,0,0,3.234e-06,196679,0,4
50000,0,True,BAMBOO,False,True,False,True,True,LH_MCSLOCK,100000,2,0.5,True,2,False,TPCC,False,0,7157,0,0,0,0,7157,1.41105,279442.0,0.0,0.135989,0.00207488,0,0,0.125244,0.814018,0.00384663,0,0,0,0,0,6.38e-07,197154,0,1
50000,0,True,BAMBOO,False,True,False,True,True,LH_MCSLOCK,100000,4,0.5,True,2,False,TPCC,False,0,6871,0,0,0,0,6871,1.34791,291064.0,0.0,0.13531500000000002,0.00207042,0,0,0.125993,0.745536,0.00386511,0,0,0,0,0,7.21e-07,196164,0,1
50000,0,True,BAMBOO,False,True,False,True,True,LH_MCSLOCK,100000,8,0.5,True,2,False,TPCC,False,0,7208,0,0,0,0,7208,1.43591,277453.0,0.0,0.139284,0.00211142,0,0,0.139719,0.7775270000000001,0.00395691,0,0,0,0,0,0.0,199199,0,0
50000,0,True,BAMBOO,False,True,False,True,True,LH_MCSLOCK,100000,16,0.5,True,2,False,TPCC,False,0,10183,0,0,0,0,10183,1.9297099999999998,196393.0,0.0,0.147068,0.0021523000000000002,0,0,0.23528400000000002,0.975748,0.00404801,0,0,0,0,0,0.0,189491,0,0
50000,0,True,BAMBOO,False,True,False,True,True,LH_MCSLOCK,100000,1,0.5,True,4,False,TPCC,False,72,6526,0,0,0,0,6529,2.51823,612632.0,0.000894191,0.306797,0.0100613,0,0,0.211025,1.4733,0.0133597,0,0,0,0,0,3.4781e-05,385688,0,67
50000,0,True,BAMBOO,False,True,False,True,True,LH_MCSLOCK,100000,2,0.5,True,4,False,TPCC,False,6,7096,0,0,0,0,7097,2.7436599999999998,563602.0,0.000106666,0.29239899999999996,0.00618557,0,0,0.228336,1.5017200000000002,0.00790591,0,0,0,0,0,9.793e-06,386583,0,14
50000,0,True,BAMBOO,False,True,False,True,True,LH_MCSLOCK,100000,4,0.5,True,4,False,TPCC,False,0,7794,0,0,0,0,7794,3.09297,513162.0,0.0,0.28972800000000004,0.00430419,0,0,0.25029,1.6491099999999999,0.00798762,0,0,0,0,0,0.0,396799,0,0
50000,0,True,BAMBOO,False,True,False,True,True,LH_MCSLOCK,100000,8,0.5,True,4,False,TPCC,False,0,7758,0,0,0,0,7758,2.99936,515544.0,0.0,0.275546,0.00416996,0,0,0.26156999999999997,1.57685,0.007831399999999999,0,0,0,0,0,9.009999999999999e-07,386575,0,1
50000,0,True,BAMBOO,False,True,False,True,True,LH_MCSLOCK,100000,16,0.5,True,4,False,TPCC,False,0,7754,0,0,0,0,7754,2.72702,515833.0,0.0,0.24269899999999997,0.00376272,0,0,0.25993,1.34053,0.00702193,0,0,0,0,0,1.053e-06,351672,0,1
50000,0,True,BAMBOO,False,True,False,True,True,LH_MCSLOCK,100000,1,0.5,True,8,False,TPCC,False,772,6813,0,0,0,0,6825,5.26722,1172160.0,0.00909303,0.653446,0.035868000000000004,0,0,0.406616,3.1575900000000003,0.0759535,0,0,0,0,0,0.000106179,771753,0,249
50000,0,True,BAMBOO,False,True,False,True,True,LH_MCSLOCK,100000,2,0.5,True,8,False,TPCC,False,140,8192,0,0,0,0,8195,6.21073,976130.0,0.00205341,0.660397,0.0229563,0,0,0.489048,3.77605,0.0258298,0,0,0,0,0,6.462e-05,757810,0,122
50000,0,True,BAMBOO,False,True,False,True,True,LH_MCSLOCK,100000,4,0.5,True,8,False,TPCC,False,14,8010,0,0,0,0,8010,6.13289,998647.0,0.000226543,0.6121260000000001,0.012286100000000001,0,0,0.46219,3.3610300000000004,0.0159439,0,0,0,0,0,2.4719e-05,765574,0,46
50000,0,True,BAMBOO,False,True,False,True,True,LH_MCSLOCK,100000,8,0.5,True,8,False,TPCC,False,0,7996,0,0,0,0,7996,5.9822,1000430.0,0.0,0.537718,0.00795047,0,0,0.5264800000000001,3.15646,0.014649899999999999,0,0,0,0,0,3.666e-06,748098,0,5
50000,0,True,BAMBOO,False,True,False,True,True,LH_MCSLOCK,100000,16,0.5,True,8,False,TPCC,False,0,12426,0,0,0,0,12426,8.70244,643771.0,0.0,0.639484,0.0089083,0,0,1.0681399999999999,4.60351,0.017104599999999998,0,0,0,0,0,1.366e-06,700297,0,2
50000,0,True,BAMBOO,False,True,False,True,True,LH_MCSLOCK,100000,1,0.5,True,16,False,TPCC,False,5490,8955,0,0,0,0,9012,13.7943,1775380.0,0.0860447,1.94799,0.15126900000000001,0,0,0.8559959999999999,8.13327,0.46643900000000005,0,0,0,0,0,0.0006477890000000001,1530637,0,1156
50000,12,True,BAMBOO,False,True,False,True,True,LH_MCSLOCK,100000,1,0.5,True,16,False,TPCC,False,6031,9388,0,0,0,0,9453,14.4285,1692580.0,0.0991703,1.8577400000000002,0.17038499999999998,0,0,1.10369,8.32465,0.5098590000000001,0,0,0,0,0,0.00071883,1526330,0,1062
50000,0,True,BAMBOO,False,True,False,True,True,LH_MCSLOCK,100000,2,0.5,True,16,False,TPCC,False,1556,8036,0,0,0,0,8050,12.4426,1987410.0,0.0216002,1.3954600000000001,0.0847409,0,0,0.97824,7.46059,0.15216500000000002,0,0,0,0,0,0.000236585,1545536,0,539
50000,12,True,BAMBOO,False,True,False,True,True,LH_MCSLOCK,100000,2,0.5,True,16,False,TPCC,False,1431,7828,0,0,0,0,7840,11.8836,2040690.0,0.018768,1.33114,0.07455210000000001,0,0,1.1211200000000001,6.793589999999999,0.142289,0,0,0,0,0,0.00020736,1515671,0,451
50000,0,True,BAMBOO,False,True,False,True,True,LH_MCSLOCK,100000,4,0.5,True,16,False,TPCC,False,274,8354,0,0,0,0,8357,12.6956,1914550.0,0.00399137,1.29605,0.046751,0,0,1.00399,7.2424,0.0515251,0,0,0,0,0,0.000133528,1519150,0,269
50000,12,True,BAMBOO,False,True,False,True,True,LH_MCSLOCK,100000,4,0.5,True,16,False,TPCC,False,264,8488,0,0,0,0,8490,12.9307,1884390.0,0.00387655,1.31178,0.047211300000000005,0,0,1.27138,7.31157,0.0503507,0,0,0,0,0,0.000128302,1522903,0,286
50000,0,True,BAMBOO,False,True,False,True,True,LH_MCSLOCK,100000,8,0.5,True,16,False,TPCC,False,30,8825,0,0,0,0,8825,13.1479,1812830.0,0.000484726,1.23547,0.0271325,0,0,1.16099,7.26762,0.0319354,0,0,0,0,0,4.9102e-05,1489683,0,92
50000,12,True,BAMBOO,False,True,False,True,True,LH_MCSLOCK,100000,8,0.5,True,16,False,TPCC,False,21,8965,0,0,0,0,8966,13.3974,1784490.0,0.00033383,1.23648,0.0262447,0,0,1.31708,6.98548,0.0322876,0,0,0,0,0,7.1105e-05,1494224,0,117
50000,0,True,BAMBOO,False,True,False,True,True,LH_MCSLOCK,100000,16,0.5,True,16,False,TPCC,False,0,12920,0,0,0,0,12920,18.1918,1238320.0,0.0,1.3372,0.018344299999999997,0,0,2.45675,9.93712,0.0350653,0,0,0,0,0,4.59e-06,1407958,0,7
50000,12,True,BAMBOO,False,True,False,True,True,LH_MCSLOCK,100000,16,0.5,True,16,False,TPCC,False,0,13174,0,0,0,0,13174,18.3362,1214500.0,0.0,1.33578,0.018265700000000003,0,0,2.3773,9.86862,0.0345323,0,0,0,0,0,8.842000000000001e-06,1391830,0,9
50000,0,True,BAMBOO,False,True,False,True,True,LH_MCSLOCK,100000,1,0.5,True,32,False,TPCC,False,29944,14374,0,0,0,0,14675,43.2974,2180460.0,0.888173,8.95509,1.06271,0,0,2.5328,27.6109,2.46089,0,0,0,0,0,0.00446198,2950259,0,6274
50000,4,True,BAMBOO,False,True,False,True,True,LH_MCSLOCK,100000,1,0.5,True,32,False,TPCC,False,26075,15645,0,0,0,0,15887,48.3019,2014130.0,0.737521,11.1202,0.878993,0,0,2.53154,32.5814,2.16888,0,0,0,0,0,0.00467703,3040194,0,5873
50000,0,True,BAMBOO,False,True,False,True,True,LH_MCSLOCK,100000,2,0.5,True,32,False,TPCC,False,10162,12317,0,0,0,0,12399,36.068000000000005,2580740.0,0.23727800000000002,6.00726,1.7284599999999999,0,0,2.46848,21.4585,0.906467,0,0,0,0,0,0.00258253,2908815,0,3575
50000,4,True,BAMBOO,False,True,False,True,True,LH_MCSLOCK,100000,2,0.5,True,32,False,TPCC,False,10399,11714,0,0,0,0,11968,32.7227,2673750.0,0.694583,5.4584,1.36404,0,0,2.16169,19.8742,0.932889,0,0,0,0,0,0.00189051,2734138,0,3353
50000,0,True,BAMBOO,False,True,False,True,True,LH_MCSLOCK,100000,4,0.5,True,32,False,TPCC,False,2689,13357,0,0,0,0,13375,41.1613,2392460.0,0.056359000000000006,4.87453,0.760718,0,0,3.7275400000000003,23.0706,0.301452,0,0,0,0,0,0.00214337,3077395,0,2047
50000,4,True,BAMBOO,False,True,False,True,True,LH_MCSLOCK,100000,4,0.5,True,32,False,TPCC,False,2766,13102,0,0,0,0,13124,39.1012,2438230.0,0.0637152,4.5092,0.42773500000000003,0,0,3.2930800000000002,23.0668,0.300315,0,0,0,0,0,0.00164154,2979301,0,2008
50000,0,True,BAMBOO,False,True,False,True,True,LH_MCSLOCK,100000,8,0.5,True,32,False,TPCC,False,473,13100,0,0,0,0,13107,35.9429,2441440.0,0.0167394,3.5914800000000002,0.14389000000000002,0,0,3.6041199999999995,20.96,0.110774,0,0,0,0,0,0.00077784,2742263,0,894
50000,4,True,BAMBOO,False,True,False,True,True,LH_MCSLOCK,100000,8,0.5,True,32,False,TPCC,False,473,13276,0,0,0,0,13280,36.4472,2409520.0,0.0105336,3.7142,0.159075,0,0,3.73421,20.7841,0.110821,0,0,0,0,0,0.000655471,2744382,0,735
50000,0,True,BAMBOO,False,True,False,True,True,LH_MCSLOCK,100000,16,0.5,True,32,False,TPCC,False,59,17974,0,0,0,0,17974,45.4439,1780260.0,0.00203574,3.67944,0.0873421,0,0,6.13094,25.3236,0.0815401,0,0,0,0,0,0.000398939,2528189,0,298
50000,4,True,BAMBOO,False,True,False,True,True,LH_MCSLOCK,100000,16,0.5,True,32,False,TPCC,False,50,13799,0,0,0,0,13800,37.0719,2318800.0,0.00133693,3.48585,0.0683531,0,0,4.740469999999999,19.5364,0.0780294,0,0,0,0,0,0.0002234,2686314,0,292
50000,0,True,BAMBOO,False,True,False,True,True,LH_MCSLOCK,100000,1,0.5,True,1,False,TPCC,False,0,3886,0,0,0,0,3886,0.388669,257288.0,0.0,0.024778799999999997,0.0010634,0,0,0.0426647,0.137006,0.00216928,0,0,0,0,0,0.0,100000,0,0
50000,0,True,BAMBOO,False,True,False,True,True,LH_MCSLOCK,100000,2,0.5,True,1,False,TPCC,False,0,4533,0,0,0,0,4533,0.45337799999999995,220567.0,0.0,0.0246929,0.00105764,0,0,0.0507109,0.159702,0.00208189,0,0,0,0,0,0.0,100000,0,0
50000,0,True,BAMBOO,False,True,False,True,True,LH_MCSLOCK,100000,4,0.5,True,1,False,TPCC,False,0,4758,0,0,0,0,4758,0.47588500000000006,210135.0,0.0,0.029641000000000004,0.00112262,0,0,0.057166999999999996,0.146946,0.00225125,0,0,0,0,0,0.0,100000,0,0
50000,0,True,BAMBOO,False,True,False,True,True,LH_MCSLOCK,100000,8,0.5,True,1,False,TPCC,False,0,5146,0,0,0,0,5146,0.514659,194303.0,0.0,0.0256158,0.00107604,0,0,0.07124119999999999,0.151662,0.00215371,0,0,0,0,0,0.0,100000,0,0
50000,0,True,BAMBOO,False,True,False,True,True,LH_MCSLOCK,100000,16,0.5,True,1,False,TPCC,False,0,8555,0,0,0,0,8555,0.855561,116882.0,0.0,0.0324419,0.001182,0,0,0.139783,0.279212,0.00242151,0,0,0,0,0,0.0,100000,0,0
50000,0,True,BAMBOO,False,True,False,True,True,LH_MCSLOCK,100000,1,0.5,True,2,False,TPCC,False,1,6780,0,0,0,0,6780,1.33581,294966.0,1.1815e-05,0.151805,0.00314908,0,0,0.10921700000000001,0.7948189999999999,0.00390277,0,0,0,0,0,4.388e-06,197009,0,5
50000,0,True,BAMBOO,False,True,False,True,True,LH_MCSLOCK,100000,2,0.5,True,2,False,TPCC,False,0,6627,0,0,0,0,6627,1.26373,301763.0,0.0,0.127957,0.00199781,0,0,0.108028,0.72454,0.00370391,0,0,0,0,0,1.906e-06,190674,0,2
50000,0,True,BAMBOO,False,True,False,True,True,LH_MCSLOCK,100000,4,0.5,True,2,False,TPCC,False,0,6830,0,0,0,0,6830,1.36527,292817.0,0.0,0.136483,0.00207554,0,0,0.125779,0.76351,0.00388662,0,0,0,0,0,0.0,199888,0,0
50000,0,True,BAMBOO,False,True,False,True,True,LH_MCSLOCK,100000,8,0.5,True,2,False,TPCC,False,0,7304,0,0,0,0,7304,1.37816,273812.0,0.0,0.131727,0.00198747,0,0,0.131219,0.7340399999999999,0.00372582,0,0,0,0,0,0.0,188679,0,0
50000,0,True,BAMBOO,False,True,False,True,True,LH_MCSLOCK,100000,16,0.5,True,2,False,TPCC,False,0,8377,0,0,0,0,8377,1.50833,238732.0,0.0,0.134217,0.00208267,0,0,0.17171199999999998,0.745115,0.00390452,0,0,0,0,0,0.0,180043,0,0
50000,0,True,BAMBOO,False,True,False,True,True,LH_MCSLOCK,100000,1,0.5,True,4,False,TPCC,False,98,6327,0,0,0,0,6329,2.46297,631913.0,0.00108195,0.303085,0.010150399999999999,0,0,0.21203899999999998,1.4198600000000001,0.015534399999999999,0,0,0,0,0,2.3248000000000002e-05,389095,0,40
50000,0,True,BAMBOO,False,True,False,True,True,LH_MCSLOCK,100000,2,0.5,True,4,False,TPCC,False,9,7523,0,0,0,0,7523,2.92567,531651.0,0.000132603,0.30996999999999997,0.0063238,0,0,0.253454,1.6774099999999998,0.00823573,0,0,0,0,0,9.83e-06,388859,0,14
50000,0,True,BAMBOO,False,True,False,True,True,LH_MCSLOCK,100000,4,0.5,True,4,False,TPCC,False,0,8016,0,0,0,0,8016,3.09591,498979.0,0.0,0.281292,0.00407112,0,0,0.26222,1.7008,0.00749169,0,0,0,0,0,0.0,386198,0,0
50000,0,True,BAMBOO,False,True,False,True,True,LH_MCSLOCK,100000,8,0.5,True,4,False,TPCC,False,0,7599,0,0,0,0,7599,2.9271700000000003,526370.0,0.0,0.268689,0.00404526,0,0,0.247098,1.53106,0.00752699,0,0,0,0,0,5.71e-07,385194,0,1
50000,0,True,BAMBOO,False,True,False,True,True,LH_MCSLOCK,100000,16,0.5,True,4,False,TPCC,False,0,8814,0,0,0,0,8814,2.97282,453816.0,0.0,0.243977,0.00366137,0,0,0.279328,1.41848,0.00687715,0,0,0,0,0,1.087e-06,337278,0,1
50000,0,True,BAMBOO,False,True,False,True,True,LH_MCSLOCK,100000,1,0.5,True,8,False,TPCC,False,1202,7905,0,0,0,0,7926,6.12996,1009240.0,0.0160726,0.698994,0.048799,0,0,0.449267,3.70439,0.109819,0,0,0,0,0,0.00020878799999999998,773326,0,471
50000,0,True,BAMBOO,False,True,False,True,True,LH_MCSLOCK,100000,2,0.5,True,8,False,TPCC,False,135,7354,0,0,0,0,7356,5.38699,1087450.0,0.00178678,0.587951,0.0200708,0,0,0.42565699999999995,3.1543200000000002,0.025019200000000002,0,0,0,0,0,5.0517e-05,732258,0,93
50000,0,True,BAMBOO,False,True,False,True,True,LH_MCSLOCK,100000,4,0.5,True,8,False,TPCC,False,15,8182,0,0,0,0,8182,6.1331,977707.0,0.000207514,0.609042,0.012951400000000002,0,0,0.491411,3.4966199999999996,0.0158492,0,0,0,0,0,3.0941999999999996e-05,749547,0,52
50000,0,True,BAMBOO,False,True,False,True,True,LH_MCSLOCK,100000,8,0.5,True,8,False,TPCC,False,0,8657,0,0,0,0,8657,6.52115,924064.0,0.0,0.572462,0.00805255,0,0,0.557703,3.54179,0.014977299999999999,0,0,0,0,0,1.747e-06,753245,0,2
50000,0,True,BAMBOO,False,True,False,True,True,LH_MCSLOCK,100000,16,0.5,True,8,False,TPCC,False,0,10958,0,0,0,0,10958,7.8785,730017.0,0.0,0.6292840000000001,0.00886785,0,0,0.9331959999999999,4.2866,0.0167565,0,0,0,0,0,7.64e-07,718930,0,1
50000,0,True,BAMBOO,False,True,False,True,True,LH_MCSLOCK,100000,1,0.5,True,16,False,TPCC,False,5754,8780,0,0,0,0,8838,13.6743,1810360.0,0.0895327,1.8925,0.151045,0,0,0.8737860000000001,7.899939999999999,0.487123,0,0,0,0,0,0.000581993,1547221,0,1033
50000,12,True,BAMBOO,False,True,False,True,True,LH_MCSLOCK,100000,1,0.5,True,16,False,TPCC,False,5736,8815,0,0,0,0,8872,13.7977,1803310.0,0.08802610000000001,1.90865,0.15162,0,0,0.984231,7.9623,0.48590200000000006,0,0,0,0,0,0.000617228,1555092,0,1066
50000,0,True,BAMBOO,False,True,False,True,True,LH_MCSLOCK,100000,2,0.5,True,16,False,TPCC,False,1461,8456,0,0,0,0,8469,12.9515,1889060.0,0.0209953,1.48837,0.0835252,0,0,0.92238,7.66343,0.148501,0,0,0,0,0,0.00028728099999999996,1529137,0,551
50000,12,True,BAMBOO,False,True,False,True,True,LH_MCSLOCK,100000,2,0.5,True,16,False,TPCC,False,1491,8038,0,0,0,0,8051,12.3331,1987210.0,0.0196599,1.36513,0.0831952,0,0,1.2307299999999999,7.228389999999999,0.147678,0,0,0,0,0,0.000223425,1531773,0,469
50000,0,True,BAMBOO,False,True,False,True,True,LH_MCSLOCK,100000,4,0.5,True,16,False,TPCC,False,267,8368,0,0,0,0,8371,12.7522,1911310.0,0.0039700000000000004,1.31292,0.0473911,0,0,0.985798,7.326389999999999,0.0508236,0,0,0,0,0,0.00015615100000000002,1523343,0,325
50000,12,True,BAMBOO,False,True,False,True,True,LH_MCSLOCK,100000,4,0.5,True,16,False,TPCC,False,286,8432,0,0,0,0,8434,12.9458,1896890.0,0.00412364,1.31025,0.048445999999999996,0,0,1.17991,7.3071600000000005,0.0524268,0,0,0,0,0,0.000124835,1534800,0,263
50000,0,True,BAMBOO,False,True,False,True,True,LH_MCSLOCK,100000,8,0.5,True,16,False,TPCC,False,29,8810,0,0,0,0,8811,13.1867,1815860.0,0.000527563,1.2440200000000001,0.0275379,0,0,1.1648399999999999,7.2663899999999995,0.0318342,0,0,0,0,0,5.0361999999999997e-05,1496576,0,98
50000,12,True,BAMBOO,False,True,False,True,True,LH_MCSLOCK,100000,8,0.5,True,16,False,TPCC,False,33,9062,0,0,0,0,9062,13.5671,1765480.0,0.000587052,1.26181,0.0269264,0,0,1.3259,7.408919999999999,0.032527299999999995,0,0,0,0,0,6.395600000000001e-05,1497027,0,114
50000,0,True,BAMBOO,False,True,False,True,True,LH_MCSLOCK,100000,16,0.5,True,16,False,TPCC,False,0,12331,0,0,0,0,12331,17.5301,1297440.0,0.0,1.30059,0.0177537,0,0,1.9222599999999999,9.45149,0.033270999999999995,0,0,0,0,0,9.074e-06,1421517,0,6
50000,12,True,BAMBOO,False,True,False,True,True,LH_MCSLOCK,100000,16,0.5,True,16,False,TPCC,False,0,12012,0,0,0,0,12012,15.9344,1331910.0,0.0,1.19539,0.0162303,0,0,1.7719599999999998,8.37813,0.030449900000000002,0,0,0,0,0,7.466e-06,1326448,0,11
50000,0,True,BAMBOO,False,True,False,True,True,LH_MCSLOCK,100000,1,0.5,True,32,False,TPCC,False,32456,13474,0,0,0,0,13738,41.4951,2329240.0,0.7984140000000001,7.90543,1.1801,0,0,2.54945,25.9273,2.6274,0,0,0,0,0,0.00404819,3020376,0,6605
50000,4,True,BAMBOO,False,True,False,True,True,LH_MCSLOCK,100000,1,0.5,True,32,False,TPCC,False,32385,15003,0,0,0,0,15265,46.0219,2096270.0,0.789725,10.9606,3.53917,0,0,2.75746,29.4189,2.73778,0,0,0,0,0,0.00355364,3014827,0,6171
50000,0,True,BAMBOO,False,True,False,True,True,LH_MCSLOCK,100000,2,0.5,True,32,False,TPCC,False,10716,12054,0,0,0,0,12134,36.1237,2637170.0,0.23774699999999999,5.41476,0.9964940000000001,0,0,2.43114,21.6201,0.954341,0,0,0,0,0,0.00289913,2977014,0,3865
50000,4,True,BAMBOO,False,True,False,True,True,LH_MCSLOCK,100000,2,0.5,True,32,False,TPCC,False,10837,11895,0,0,0,0,12052,35.6425,2655130.0,0.46262700000000007,5.20183,0.781281,0,0,2.45633,20.9753,1.0037,0,0,0,0,0,0.00279542,2957350,0,3615
50000,0,True,BAMBOO,False,True,False,True,True,LH_MCSLOCK,100000,4,0.5,True,32,False,TPCC,False,2849,12914,0,0,0,0,12936,37.8092,2473710.0,0.0636616,4.38604,0.341856,0,0,2.95014,22.1213,0.332517,0,0,0,0,0,0.00161771,2922779,0,2099
50000,4,True,BAMBOO,False,True,False,True,True,LH_MCSLOCK,100000,4,0.5,True,32,False,TPCC,False,2911,12692,0,0,0,0,12714,38.5101,2516780.0,0.0684678,4.47267,0.309083,0,0,3.06968,22.3443,0.338149,0,0,0,0,0,0.00862957,3028801,0,1984
50000,0,True,BAMBOO,False,True,False,True,True,LH_MCSLOCK,100000,8,0.5,True,32,False,TPCC,False,555,13526,0,0,0,0,13530,40.6018,2364960.0,0.0120405,4.35834,0.557435,0,0,4.60918,22.978,0.125912,0,0,0,0,0,0.000650644,3000668,0,884
50000,4,True,BAMBOO,False,True,False,True,True,LH_MCSLOCK,100000,8,0.5,True,32,False,TPCC,False,524,12779,0,0,0,0,12783,37.6923,2503130.0,0.0127436,3.81443,0.14765999999999999,0,0,4.05515,21.4609,0.121695,0,0,0,0,0,0.0006040430000000001,2948398,0,777
50000,0,True,BAMBOO,False,True,False,True,True,LH_MCSLOCK,100000,16,0.5,True,32,False,TPCC,False,60,13534,0,0,0,0,13535,38.2452,2364210.0,0.00144903,3.54978,0.07994860000000001,0,0,5.23398,19.9502,0.08399119999999999,0,0,0,0,0,0.000271146,2825624,0,397
50000,4,True,BAMBOO,False,True,False,True,True,LH_MCSLOCK,100000,16,0.5,True,32,False,TPCC,False,42,16713,0,0,0,0,16716,41.8806,1914330.0,0.00602219,3.46967,0.112759,0,0,5.46844,23.1787,0.0756298,0,0,0,0,0,0.00037607,2505423,0,181
50000,0,True,BAMBOO,False,True,False,True,True,LH_MCSLOCK,100000,1,0.5,True,1,False,TPCC,False,0,3879,0,0,0,0,3879,0.387998,257733.0,0.0,0.025132400000000003,0.00116906,0,0,0.042475,0.136931,0.00213897,0,0,0,0,0,0.0,100000,0,0
50000,0,True,BAMBOO,False,True,False,True,True,LH_MCSLOCK,100000,2,0.5,True,1,False,TPCC,False,0,4597,0,0,0,0,4597,0.459741,217514.0,0.0,0.0249658,0.00105891,0,0,0.0508025,0.165899,0.00215649,0,0,0,0,0,0.0,100000,0,0
50000,0,True,BAMBOO,False,True,False,True,True,LH_MCSLOCK,100000,4,0.5,True,1,False,TPCC,False,0,4545,0,0,0,0,4545,0.454504,220020.0,0.0,0.027370699999999998,0.00117292,0,0,0.056718700000000004,0.142876,0.00237385,0,0,0,0,0,0.0,100000,0,0
50000,0,True,BAMBOO,False,True,False,True,True,LH_MCSLOCK,100000,8,0.5,True,1,False,TPCC,False,0,4953,0,0,0,0,4953,0.495349,201878.0,0.0,0.0254043,0.0010704,0,0,0.0633388,0.14305299999999999,0.00212765,0,0,0,0,0,0.0,100000,0,0
50000,0,True,BAMBOO,False,True,False,True,True,LH_MCSLOCK,100000,16,0.5,True,1,False,TPCC,False,0,7306,0,0,0,0,7306,0.730627,136869.0,0.0,0.0304527,0.00116395,0,0,0.103093,0.232712,0.00233728,0,0,0,0,0,0.0,100000,0,0
50000,0,True,BAMBOO,False,True,False,True,True,LH_MCSLOCK,100000,1,0.5,True,2,False,TPCC,False,3,6761,0,0,0,0,6761,1.33481,295801.0,4.7722e-05,0.152979,0.00313985,0,0,0.10878099999999999,0.796247,0.00411331,0,0,0,0,0,4.271e-06,197420,0,8
50000,0,True,BAMBOO,False,True,False,True,True,LH_MCSLOCK,100000,2,0.5,True,2,False,TPCC,False,0,6666,0,0,0,0,6666,1.26668,300019.0,0.0,0.126656,0.00199992,0,0,0.108394,0.712969,0.00369753,0,0,0,0,0,7.729999999999999e-07,190014,0,1
50000,0,True,BAMBOO,False,True,False,True,True,LH_MCSLOCK,100000,4,0.5,True,2,False,TPCC,False,0,6699,0,0,0,0,6699,1.32477,298522.0,0.0,0.132171,0.00205411,0,0,0.112452,0.698187,0.0038661999999999998,0,0,0,0,0,0.0,197736,0,0
50000,0,True,BAMBOO,False,True,False,True,True,LH_MCSLOCK,100000,8,0.5,True,2,False,TPCC,False,0,7191,0,0,0,0,7191,1.40983,278109.0,0.0,0.13674,0.00207097,0,0,0.131705,0.7637390000000001,0.00385972,0,0,0,0,0,0.0,196043,0,0
50000,0,True,BAMBOO,False,True,False,True,True,LH_MCSLOCK,100000,16,0.5,True,2,False,TPCC,False,0,9761,0,0,0,0,9761,1.7739900000000002,204888.0,0.0,0.138759,0.00203225,0,0,0.200515,0.942478,0.00380176,0,0,0,0,0,0.0,181735,0,0
50000,0,True,BAMBOO,False,True,False,True,True,LH_MCSLOCK,100000,1,0.5,True,4,False,TPCC,False,74,6572,0,0,0,0,6574,2.5310799999999998,608409.0,0.000941601,0.307548,0.00964646,0,0,0.212773,1.47984,0.013680700000000002,0,0,0,0,0,2.4796999999999997e-05,384983,0,45
50000,0,True,BAMBOO,False,True,False,True,True,LH_MCSLOCK,100000,2,0.5,True,4,False,TPCC,False,4,7353,0,0,0,0,7353,2.77029,543939.0,7.654399999999999e-05,0.29731599999999997,0.00650126,0,0,0.240988,1.60222,0.00770148,0,0,0,0,0,8.595e-06,376718,0,11
50000,0,True,BAMBOO,False,True,False,True,True,LH_MCSLOCK,100000,4,0.5,True,4,False,TPCC,False,0,7774,0,0,0,0,7774,3.0819400000000003,514486.0,0.0,0.29060199999999997,0.00432179,0,0,0.256033,1.64263,0.00806683,0,0,0,0,0,8.37e-07,396404,0,1
50000,0,True,BAMBOO,False,True,False,True,True,LH_MCSLOCK,100000,8,0.5,True,4,False,TPCC,False,0,7786,0,0,0,0,7786,3.0139299999999998,513735.0,0.0,0.271633,0.00406043,0,0,0.28345,1.5493,0.00772949,0,0,0,0,0,2.48e-06,387090,0,3
50000,0,True,BAMBOO,False,True,False,True,True,LH_MCSLOCK,100000,16,0.5,True,4,False,TPCC,False,0,8798,0,0,0,0,8798,3.33932,454612.0,0.0,0.27388,0.00411728,0,0,0.429382,1.5723200000000002,0.00770055,0,0,0,0,0,0.0,379524,0,0
50000,0,True,BAMBOO,False,True,False,True,True,LH_MCSLOCK,100000,1,0.5,True,8,False,TPCC,False,821,8188,0,0,0,0,8203,6.24261,975178.0,0.0118679,0.733641,0.0438134,0,0,0.442474,3.8877300000000004,0.07982310000000001,0,0,0,0,0,0.000199496,760957,0,408
50000,0,True,BAMBOO,False,True,False,True,True,LH_MCSLOCK,100000,2,0.5,True,8,False,TPCC,False,156,7981,0,0,0,0,7983,6.08863,1002010.0,0.00220908,0.636497,0.0234731,0,0,0.484098,3.6118300000000003,0.0272091,0,0,0,0,0,6.531600000000001e-05,762612,0,128
50000,0,True,BAMBOO,False,True,False,True,True,LH_MCSLOCK,100000,4,0.5,True,8,False,TPCC,False,17,7572,0,0,0,0,7572,5.76386,1056460.0,0.000267787,0.589516,0.0123705,0,0,0.46576899999999993,3.2004200000000003,0.0162519,0,0,0,0,0,1.4312000000000001e-05,761159,0,27
50000,0,True,BAMBOO,False,True,False,True,True,LH_MCSLOCK,100000,8,0.5,True,8,False,TPCC,False,0,8762,0,0,0,0,8762,6.687010000000001,912932.0,0.0,0.581685,0.008311,0,0,0.591209,3.5487900000000003,0.0152668,0,0,0,0,0,2.063e-06,763098,0,3
50000,0,True,BAMBOO,False,True,False,True,True,LH_MCSLOCK,100000,16,0.5,True,8,False,TPCC,False,0,8902,0,0,0,0,8902,6.38267,898594.0,0.0,0.534795,0.00790236,0,0,0.77715,3.13829,0.014816399999999999,0,0,0,0,0,0.0,716928,0,0
50000,0,True,BAMBOO,False,True,False,True,True,LH_MCSLOCK,100000,1,0.5,True,16,False,TPCC,False,5889,10097,0,0,0,0,10167,15.6,1573710.0,0.106169,2.13714,0.176939,0,0,0.9740540000000001,9.44337,0.496965,0,0,0,0,0,0.00101898,1534364,0,1467
50000,12,True,BAMBOO,False,True,False,True,True,LH_MCSLOCK,100000,1,0.5,True,16,False,TPCC,False,5477,9087,0,0,0,0,9145,13.8919,1749490.0,0.08748589999999999,1.9519799999999998,0.153921,0,0,0.9436680000000001,8.14579,0.466145,0,0,0,0,0,0.00061571,1518983,0,1059
50000,0,True,BAMBOO,False,True,False,True,True,LH_MCSLOCK,100000,2,0.5,True,16,False,TPCC,False,1437,7477,0,0,0,0,7489,11.6024,2136430.0,0.018609099999999996,1.34289,0.0745891,0,0,0.88689,6.735989999999999,0.142567,0,0,0,0,0,0.000210725,1549237,0,458
50000,12,True,BAMBOO,False,True,False,True,True,LH_MCSLOCK,100000,2,0.5,True,16,False,TPCC,False,1607,8129,0,0,0,0,8143,12.744000000000002,1964770.0,0.0225706,1.41858,0.08707530000000001,0,0,1.23819,7.548030000000001,0.15661,0,0,0,0,0,0.000269144,1564938,0,594
50000,0,True,BAMBOO,False,True,False,True,True,LH_MCSLOCK,100000,4,0.5,True,16,False,TPCC,False,317,8253,0,0,0,0,8256,12.7888,1937850.0,0.004461,1.31795,0.04707940000000001,0,0,0.9966719999999999,7.30227,0.0552741,0,0,0,0,0,0.000138576,1548925,0,292
50000,12,True,BAMBOO,False,True,False,True,True,LH_MCSLOCK,100000,4,0.5,True,16,False,TPCC,False,272,8534,0,0,0,0,8537,13.0992,1874160.0,0.00402894,1.33633,0.0489155,0,0,1.26219,7.429469999999999,0.051510900000000005,0,0,0,0,0,0.000155818,1534372,0,316
50000,0,True,BAMBOO,False,True,False,True,True,LH_MCSLOCK,100000,8,0.5,True,16,False,TPCC,False,26,8173,0,0,0,0,8173,12.2576,1957500.0,0.00044066,1.20359,0.025266999999999998,0,0,1.05598,6.48522,0.0321389,0,0,0,0,0,4.5743999999999994e-05,1499650,0,78
50000,12,True,BAMBOO,False,True,False,True,True,LH_MCSLOCK,100000,8,0.5,True,16,False,TPCC,False,31,8940,0,0,0,0,8940,13.4574,1789540.0,0.00048795699999999996,1.2458799999999999,0.026707099999999998,0,0,1.36958,7.30043,0.0323129,0,0,0,0,0,6.0287e-05,1505160,0,105
50000,0,True,BAMBOO,False,True,False,True,True,LH_MCSLOCK,100000,16,0.5,True,16,False,TPCC,False,0,8823,0,0,0,0,8823,12.7047,1813370.0,0.0,1.0753,0.0155799,0,0,1.22716,6.35412,0.028902999999999998,0,0,0,0,0,3.669e-06,1439890,0,5
50000,12,True,BAMBOO,False,True,False,True,True,LH_MCSLOCK,100000,16,0.5,True,16,False,TPCC,False,0,13606,0,0,0,0,13606,18.6917,1175910.0,0.0,1.32459,0.0181977,0,0,2.5142599999999997,9.83965,0.034195800000000005,0,0,0,0,0,4.062e-06,1373737,0,6
50000,0,True,BAMBOO,False,True,False,True,True,LH_MCSLOCK,100000,1,0.5,True,32,False,TPCC,False,31579,14049,0,0,0,0,14340,42.9029,2231510.0,0.869466,8.85309,2.03934,0,0,2.53484,26.9438,2.5937799999999998,0,0,0,0,0,0.027872700000000004,2991818,0,6423
50000,4,True,BAMBOO,False,True,False,True,True,LH_MCSLOCK,100000,1,0.5,True,32,False,TPCC,False,30452,14326,0,0,0,0,14606,43.2441,2190850.0,0.827427,9.40124,2.07735,0,0,2.5258700000000003,27.86,2.49625,0,0,0,0,0,0.00414839,2960660,0,6109
50000,0,True,BAMBOO,False,True,False,True,True,LH_MCSLOCK,100000,2,0.5,True,32,False,TPCC,False,10784,12081,0,0,0,0,12161,35.939,2631330.0,0.23628600000000002,5.37464,0.9709190000000001,0,0,2.39642,21.5223,0.9808680000000001,0,0,0,0,0,0.00859067,2955230,0,3671
50000,4,True,BAMBOO,False,True,False,True,True,LH_MCSLOCK,100000,2,0.5,True,32,False,TPCC,False,10996,12533,0,0,0,0,12613,36.9333,2536950.0,0.233342,5.496980000000001,0.732162,0,0,2.44863,22.5952,1.0028700000000002,0,0,0,0,0,0.010498899999999999,2928066,0,3674
50000,0,True,BAMBOO,False,True,False,True,True,LH_MCSLOCK,100000,4,0.5,True,32,False,TPCC,False,2807,12639,0,0,0,0,12658,38.5713,2527980.0,0.0574239,4.43391,0.397912,0,0,3.1538,21.3996,0.336084,0,0,0,0,0,0.00168773,3047106,0,2071
50000,4,True,BAMBOO,False,True,False,True,True,LH_MCSLOCK,100000,4,0.5,True,32,False,TPCC,False,2809,13217,0,0,0,0,13237,39.2755,2417300.0,0.0612147,5.98307,1.8925400000000001,0,0,2.8501,23.5206,0.312288,0,0,0,0,0,0.00169143,2966903,0,1854
50000,0,True,BAMBOO,False,True,False,True,True,LH_MCSLOCK,100000,8,0.5,True,32,False,TPCC,False,469,13299,0,0,0,0,13303,37.6413,2405380.0,0.0103769,3.8336699999999997,0.172097,0,0,3.41434,21.8186,0.1101,0,0,0,0,0,0.000778556,2829425,0,823
50000,4,True,BAMBOO,False,True,False,True,True,LH_MCSLOCK,100000,8,0.5,True,32,False,TPCC,False,547,13651,0,0,0,0,13655,39.5929,2343320.0,0.0138325,3.9475300000000004,0.203955,0,0,3.83016,22.804000000000002,0.11951400000000001,0,0,0,0,0,0.0006869310000000001,2899339,0,744
50000,0,True,BAMBOO,False,True,False,True,True,LH_MCSLOCK,100000,16,0.5,True,32,False,TPCC,False,39,16585,0,0,0,0,16586,38.5541,1929280.0,0.00107747,3.09177,0.10376700000000001,0,0,4.80638,21.5189,0.06897089999999999,0,0,0,0,0,0.000501941,2324432,0,157
50000,4,True,BAMBOO,False,True,False,True,True,LH_MCSLOCK,100000,16,0.5,True,32,False,TPCC,False,42,16707,0,0,0,0,16708,40.3687,1915250.0,0.00187029,3.3004599999999997,0.10880999999999999,0,0,4.96826,22.2023,0.07502930000000001,0,0,0,0,0,0.00292242,2416131,0,177
50000,0,True,BAMBOO,True,True,False,True,True,LH_MCSLOCK,100000,1,0.5,True,1,False,TPCC,False,0,3928,0,0,0,0,3928,0.392879,254531.0,0.0,0.0277813,0.00106898,0,0,0.0405952,0.141504,0.00201227,0,0,0,0,0,0.0,100000,0,0
50000,0,True,BAMBOO,True,True,False,True,True,LH_MCSLOCK,100000,2,0.5,True,1,False,TPCC,False,0,4587,0,0,0,0,4587,0.45872700000000005,217994.0,0.0,0.0261798,0.00107496,0,0,0.0468598,0.168493,0.00201935,0,0,0,0,0,0.0,100000,0,0
50000,0,True,BAMBOO,True,True,False,True,True,LH_MCSLOCK,100000,4,0.5,True,1,False,TPCC,False,0,4707,0,0,0,0,4707,0.470714,212443.0,0.0,0.028948,0.0011824000000000001,0,0,0.052992399999999995,0.150693,0.0022356999999999998,0,0,0,0,0,0.0,100000,0,0
50000,0,True,BAMBOO,True,True,False,True,True,LH_MCSLOCK,100000,8,0.5,True,1,False,TPCC,False,0,5579,0,0,0,0,5579,0.557922,179237.0,0.0,0.029974599999999997,0.00110985,0,0,0.061484199999999996,0.176894,0.0020885,0,0,0,0,0,0.0,100000,0,0
50000,0,True,BAMBOO,True,True,False,True,True,LH_MCSLOCK,100000,16,0.5,True,1,False,TPCC,False,0,8904,0,0,0,0,8904,0.8904299999999999,112305.0,0.0,0.0348956,0.00119555,0,0,0.134998,0.298773,0.002299,0,0,0,0,0,0.0,100000,0,0
50000,0,True,BAMBOO,True,True,False,True,True,LH_MCSLOCK,100000,1,0.5,True,2,False,TPCC,False,5,7327,0,0,0,0,7328,1.4427299999999998,272924.0,0.00011882200000000001,0.189053,0.00323649,0,0,0.13883399999999999,0.878292,0.00421197,0,0,0,0,0,3.224e-06,196878,0,6
50000,0,True,BAMBOO,True,True,False,True,True,LH_MCSLOCK,100000,2,0.5,True,2,False,TPCC,False,0,7028,0,0,0,0,7028,1.39212,284572.0,0.0,0.1456,0.0020583000000000003,0,0,0.145836,0.771634,0.00382163,0,0,0,0,0,1.114e-06,198079,0,1
50000,0,True,BAMBOO,True,True,False,True,True,LH_MCSLOCK,100000,4,0.5,True,2,False,TPCC,False,0,7352,0,0,0,0,7352,1.41361,272013.0,0.0,0.15050999999999998,0.00206274,0,0,0.148578,0.767192,0.0038438,0,0,0,0,0,0.0,192260,0,0
50000,0,True,BAMBOO,True,True,False,True,True,LH_MCSLOCK,100000,8,0.5,True,2,False,TPCC,False,0,8229,0,0,0,0,8229,1.6271200000000001,243023.0,0.0,0.155186,0.0021566999999999997,0,0,0.17968399999999998,0.84785,0.00401322,0,0,0,0,0,0.0,197714,0,0
50000,0,True,BAMBOO,True,True,False,True,True,LH_MCSLOCK,100000,16,0.5,True,2,False,TPCC,False,0,10034,0,0,0,0,10034,1.7632599999999998,199305.0,0.0,0.145393,0.00195479,0,0,0.22697399999999998,0.970384,0.0036777999999999997,0,0,0,0,0,0.0,175713,0,0
50000,0,True,BAMBOO,True,True,False,True,True,LH_MCSLOCK,100000,1,0.5,True,4,False,TPCC,False,79,7310,0,0,0,0,7312,2.8376099999999997,546982.0,0.0009695169999999999,0.43083699999999997,0.00992418,0,0,0.276248,1.7341799999999998,0.013557,0,0,0,0,0,2.3095e-05,388031,0,47
50000,0,True,BAMBOO,True,True,False,True,True,LH_MCSLOCK,100000,2,0.5,True,4,False,TPCC,False,4,7400,0,0,0,0,7400,2.73496,540495.0,5.8527e-05,0.341357,0.00580084,0,0,0.276387,1.53939,0.00755165,0,0,0,0,0,3.732e-06,369558,0,5
50000,0,True,BAMBOO,True,True,False,True,True,LH_MCSLOCK,100000,4,0.5,True,4,False,TPCC,False,0,7795,0,0,0,0,7795,3.07471,513111.0,0.0,0.312195,0.00413496,0,0,0.309344,1.64888,0.00764733,0,0,0,0,0,1.202e-06,394417,0,2
50000,0,True,BAMBOO,True,True,False,True,True,LH_MCSLOCK,100000,8,0.5,True,4,False,TPCC,False,0,8295,0,0,0,0,8295,3.21354,482198.0,0.0,0.30839,0.00410395,0,0,0.34115999999999996,1.72558,0.00760666,0,0,0,0,0,0.0,387391,0,0
50000,0,True,BAMBOO,True,True,False,True,True,LH_MCSLOCK,100000,16,0.5,True,4,False,TPCC,False,0,12057,0,0,0,0,12057,4.49432,331744.0,0.0,0.35036300000000004,0.00461294,0,0,0.634625,2.39457,0.00880917,0,0,0,0,0,2.982e-06,372741,0,1
50000,0,True,BAMBOO,True,True,False,True,True,LH_MCSLOCK,100000,1,0.5,True,8,False,TPCC,False,688,9283,0,0,0,0,9296,7.19228,860496.0,0.010126600000000001,1.15431,0.038829300000000004,0,0,0.566511,4.70289,0.0691885,0,0,0,0,0,0.00013291100000000002,773616,0,274
50000,0,True,BAMBOO,True,True,False,True,True,LH_MCSLOCK,100000,2,0.5,True,8,False,TPCC,False,126,8169,0,0,0,0,8171,6.03365,979015.0,0.00162049,0.820801,0.019586900000000004,0,0,0.548656,3.6861800000000002,0.0245143,0,0,0,0,0,4.2494e-05,738379,0,84
50000,0,True,BAMBOO,True,True,False,True,True,LH_MCSLOCK,100000,4,0.5,True,8,False,TPCC,False,15,8543,0,0,0,0,8544,6.43288,936313.0,0.000234987,0.73792,0.012095100000000001,0,0,0.587083,3.5431199999999996,0.0158954,0,0,0,0,0,1.5017e-05,752898,0,26
50000,0,True,BAMBOO,True,True,False,True,True,LH_MCSLOCK,100000,8,0.5,True,8,False,TPCC,False,0,8811,0,0,0,0,8811,6.76103,907931.0,0.0,0.634181,0.00815904,0,0,0.6763020000000001,3.6686900000000002,0.0150003,0,0,0,0,0,1.8159999999999999e-06,767319,0,3
50000,0,True,BAMBOO,True,True,False,True,True,LH_MCSLOCK,100000,16,0.5,True,8,False,TPCC,False,0,8716,0,0,0,0,8716,6.32643,917805.0,0.0,0.577658,0.00784033,0,0,0.728757,3.15813,0.0145745,0,0,0,0,0,1.426e-06,725804,0,2
50000,0,True,BAMBOO,True,True,False,True,True,LH_MCSLOCK,100000,1,0.5,True,16,False,TPCC,False,3096,12592,0,0,0,0,12629,19.3006,1266900.0,0.0566852,4.6822,0.118198,0,0,0.942801,13.8404,0.279115,0,0,0,0,0,0.000403005,1528245,0,739
50000,12,True,BAMBOO,True,True,False,True,True,LH_MCSLOCK,100000,1,0.5,True,16,False,TPCC,False,3345,12367,0,0,0,0,12407,19.1383,1289590.0,0.0611451,4.60602,0.17159000000000002,0,0,0.8383879999999999,13.6717,0.29738400000000004,0,0,0,0,0,0.00288507,1542538,0,736
50000,0,True,BAMBOO,True,True,False,True,True,LH_MCSLOCK,100000,2,0.5,True,16,False,TPCC,False,1239,8691,0,0,0,0,8703,12.8505,1838370.0,0.0171349,1.97564,0.06673939999999999,0,0,1.0816700000000001,8.04009,0.1257,0,0,0,0,0,0.00017125400000000002,1476498,0,388
50000,12,True,BAMBOO,True,True,False,True,True,LH_MCSLOCK,100000,2,0.5,True,16,False,TPCC,False,1263,8979,0,0,0,0,8991,13.9481,1779560.0,0.0178664,2.17403,0.0767244,0,0,0.9581719999999999,9.05545,0.13024000000000002,0,0,0,0,0,0.000203941,1551340,0,463
50000,0,True,BAMBOO,True,True,False,True,True,LH_MCSLOCK,100000,4,0.5,True,16,False,TPCC,False,255,8785,0,0,0,0,8787,13.3555,1820720.0,0.00356079,1.69713,0.0405365,0,0,1.05827,7.574160000000001,0.049703199999999996,0,0,0,0,0,0.00010216899999999999,1519792,0,240
50000,12,True,BAMBOO,True,True,False,True,True,LH_MCSLOCK,100000,4,0.5,True,16,False,TPCC,False,244,9309,0,0,0,0,9312,14.0961,1718200.0,0.00373441,1.8138,0.0462291,0,0,0.988007,8.247580000000001,0.0491372,0,0,0,0,0,0.000125727,1513740,0,272
50000,0,True,BAMBOO,True,True,False,True,True,LH_MCSLOCK,100000,8,0.5,True,16,False,TPCC,False,26,9348,0,0,0,0,9348,14.0193,1711470.0,0.000474959,1.4881,0.0264858,0,0,1.36661,7.774039999999999,0.0313728,0,0,0,0,0,5.453e-05,1499602,0,108
50000,12,True,BAMBOO,True,True,False,True,True,LH_MCSLOCK,100000,8,0.5,True,16,False,TPCC,False,22,9223,0,0,0,0,9223,13.8263,1734700.0,0.000331672,1.49862,0.0267469,0,0,1.03852,7.818630000000001,0.031236200000000002,0,0,0,0,0,5.0918e-05,1499025,0,104
50000,0,True,BAMBOO,True,True,False,True,True,LH_MCSLOCK,100000,16,0.5,True,16,False,TPCC,False,0,12151,0,0,0,0,12151,15.8945,1316720.0,0.0,1.30567,0.0159757,0,0,1.79975,8.415389999999999,0.0300279,0,0,0,0,0,2.186e-06,1308040,0,2
50000,12,True,BAMBOO,True,True,False,True,True,LH_MCSLOCK,100000,16,0.5,True,16,False,TPCC,False,0,13285,0,0,0,0,13285,19.0065,1204290.0,0.0,1.53385,0.0184733,0,0,2.14279,10.4977,0.035501099999999994,0,0,0,0,0,9.401e-06,1430576,0,11
50000,0,True,BAMBOO,True,True,False,True,True,LH_MCSLOCK,100000,1,0.5,True,32,False,TPCC,False,9988,26163,0,0,0,0,26278,82.6539,1217740.0,0.360604,28.214000000000002,0.571865,0,0,2.5583299999999998,67.7393,0.942694,0,0,0,0,0,0.00230027,3145337,0,3118
50000,4,True,BAMBOO,True,True,False,True,True,LH_MCSLOCK,100000,1,0.5,True,32,False,TPCC,False,7765,27334,0,0,0,0,27421,85.6962,1166980.0,0.272428,31.149,0.728456,0,0,1.89652,72.6833,0.732593,0,0,0,0,0,0.0154024,3125173,0,2872
50000,0,True,BAMBOO,True,True,False,True,True,LH_MCSLOCK,100000,2,0.5,True,32,False,TPCC,False,7414,16366,0,0,0,0,16427,49.0359,1947910.0,0.183974,10.7703,1.30626,0,0,2.86368,32.9347,0.680616,0,0,0,0,0,0.00370522,2984924,0,2769
50000,4,True,BAMBOO,True,True,False,True,True,LH_MCSLOCK,100000,2,0.5,True,32,False,TPCC,False,7468,14922,0,0,0,0,14980,45.0788,2136090.0,0.173772,10.0774,1.2421200000000001,0,0,2.45759,30.8721,0.694854,0,0,0,0,0,0.00216936,3009134,0,2792
50000,0,True,BAMBOO,True,True,False,True,True,LH_MCSLOCK,100000,4,0.5,True,32,False,TPCC,False,2329,14417,0,0,0,0,14435,43.2006,2216800.0,0.0535182,6.556610000000001,0.355131,0,0,3.3455,25.6747,0.265502,0,0,0,0,0,0.00169802,2992718,0,1881
50000,4,True,BAMBOO,True,True,False,True,True,LH_MCSLOCK,100000,4,0.5,True,32,False,TPCC,False,2335,14512,0,0,0,0,14530,42.9399,2202210.0,0.05551709999999999,6.50799,0.333726,0,0,3.0977099999999997,26.1814,0.26710300000000003,0,0,0,0,0,0.00133781,2955088,0,1668
50000,0,True,BAMBOO,True,True,False,True,True,LH_MCSLOCK,100000,8,0.5,True,32,False,TPCC,False,483,13721,0,0,0,0,13724,39.8567,2331550.0,0.010922,4.84235,0.134666,0,0,4.18755,23.2495,0.11635899999999999,0,0,0,0,0,0.000642435,2903999,0,743
50000,4,True,BAMBOO,True,True,False,True,True,LH_MCSLOCK,100000,8,0.5,True,32,False,TPCC,False,465,14433,0,0,0,0,14437,40.4548,2216450.0,0.0115259,5.0488,0.216394,0,0,4.14353,23.8401,0.11411700000000001,0,0,0,0,0,0.000877559,2802071,0,724
50000,0,True,BAMBOO,True,True,False,True,True,LH_MCSLOCK,100000,16,0.5,True,32,False,TPCC,False,43,14239,0,0,0,0,14239,36.1421,2247230.0,0.00128584,4.21324,0.325804,0,0,3.70745,20.0325,0.0682143,0,0,0,0,0,0.0532981,2538110,0,163
50000,4,True,BAMBOO,True,True,False,True,True,LH_MCSLOCK,100000,16,0.5,True,32,False,TPCC,False,49,18223,0,0,0,0,18224,50.4435,1755880.0,0.00144243,4.55691,0.0879015,0,0,6.7404,28.3289,0.0884723,0,0,0,0,0,0.00158655,2767897,0,318
50000,0,True,BAMBOO,True,True,False,True,True,LH_MCSLOCK,100000,1,0.5,True,1,False,TPCC,False,0,3947,0,0,0,0,3947,0.39477399999999996,253309.0,0.0,0.0258638,0.00107446,0,0,0.0401836,0.14238399999999998,0.00202659,0,0,0,0,0,0.0,100000,0,0
50000,0,True,BAMBOO,True,True,False,True,True,LH_MCSLOCK,100000,2,0.5,True,1,False,TPCC,False,0,4169,0,0,0,0,4169,0.416993,239812.0,0.0,0.0262408,0.00107787,0,0,0.0410467,0.145127,0.00201898,0,0,0,0,0,0.0,100000,0,0
50000,0,True,BAMBOO,True,True,False,True,True,LH_MCSLOCK,100000,4,0.5,True,1,False,TPCC,False,0,5049,0,0,0,0,5049,0.504923,198050.0,0.0,0.0295189,0.00112155,0,0,0.05123099999999999,0.172731,0.00214435,0,0,0,0,0,0.0,100000,0,0
50000,0,True,BAMBOO,True,True,False,True,True,LH_MCSLOCK,100000,8,0.5,True,1,False,TPCC,False,0,5395,0,0,0,0,5395,0.5395810000000001,185329.0,0.0,0.0288846,0.0011133,0,0,0.05729019999999999,0.177061,0.00217504,0,0,0,0,0,0.0,100000,0,0
50000,0,True,BAMBOO,True,True,False,True,True,LH_MCSLOCK,100000,16,0.5,True,1,False,TPCC,False,0,7285,0,0,0,0,7285,0.7285229999999999,137264.0,0.0,0.0295736,0.00106775,0,0,0.10654100000000001,0.22334299999999999,0.00200233,0,0,0,0,0,0.0,100000,0,0
50000,0,True,BAMBOO,True,True,False,True,True,LH_MCSLOCK,100000,1,0.5,True,2,False,TPCC,False,3,7395,0,0,0,0,7395,1.45648,270437.0,6.1765e-05,0.191919,0.00319403,0,0,0.14022,0.887704,0.00410476,0,0,0,0,0,1.412e-06,196943,0,2
50000,0,True,BAMBOO,True,True,False,True,True,LH_MCSLOCK,100000,2,0.5,True,2,False,TPCC,False,0,7298,0,0,0,0,7298,1.45461,274021.0,0.0,0.150882,0.00208539,0,0,0.154643,0.848134,0.00385843,0,0,0,0,0,1e-06,199296,0,1
50000,0,True,BAMBOO,True,True,False,True,True,LH_MCSLOCK,100000,4,0.5,True,2,False,TPCC,False,0,7116,0,0,0,0,7116,1.41527,281043.0,0.0,0.14689000000000002,0.00207776,0,0,0.14926,0.758075,0.00384973,0,0,0,0,0,7.78e-07,198876,0,1
50000,0,True,BAMBOO,True,True,False,True,True,LH_MCSLOCK,100000,8,0.5,True,2,False,TPCC,False,0,7564,0,0,0,0,7564,1.4458799999999998,264393.0,0.0,0.146463,0.00201515,0,0,0.16480799999999998,0.771835,0.00375475,0,0,0,0,0,0.0,191141,0,0
50000,0,True,BAMBOO,True,True,False,True,True,LH_MCSLOCK,100000,16,0.5,True,2,False,TPCC,False,0,8603,0,0,0,0,8603,1.70564,232450.0,0.0,0.154847,0.00216357,0,0,0.206078,0.819974,0.00401805,0,0,0,0,0,0.0,198238,0,0
50000,0,True,BAMBOO,True,True,False,True,True,LH_MCSLOCK,100000,1,0.5,True,4,False,TPCC,False,75,7583,0,0,0,0,7585,2.93896,527296.0,0.000919807,0.450221,0.0102392,0,0,0.27368600000000004,1.8196299999999999,0.0135607,0,0,0,0,0,2.0654000000000002e-05,387426,0,41
50000,0,True,BAMBOO,True,True,False,True,True,LH_MCSLOCK,100000,2,0.5,True,4,False,TPCC,False,5,7885,0,0,0,0,7885,2.8946400000000003,507258.0,0.00011114700000000001,0.35578699999999996,0.00609286,0,0,0.29885100000000003,1.67615,0.00751112,0,0,0,0,0,3.963e-06,367082,0,9
50000,0,True,BAMBOO,True,True,False,True,True,LH_MCSLOCK,100000,4,0.5,True,4,False,TPCC,False,0,7861,0,0,0,0,7861,3.07638,508839.0,0.0,0.31216700000000003,0.00414032,0,0,0.32945599999999997,1.6930599999999998,0.00755994,0,0,0,0,0,0.0,391345,0,0
50000,0,True,BAMBOO,True,True,False,True,True,LH_MCSLOCK,100000,8,0.5,True,4,False,TPCC,False,0,8121,0,0,0,0,8121,3.09463,492541.0,0.0,0.294036,0.00399061,0,0,0.367616,1.59185,0.00744841,0,0,0,0,0,8.559999999999999e-07,381058,0,1
50000,0,True,BAMBOO,True,True,False,True,True,LH_MCSLOCK,100000,16,0.5,True,4,False,TPCC,False,0,10542,0,0,0,0,10542,3.92485,379426.0,0.0,0.327773,0.00422903,0,0,0.436514,1.96859,0.00794707,0,0,0,0,0,0.0,372297,0,0
50000,0,True,BAMBOO,True,True,False,True,True,LH_MCSLOCK,100000,1,0.5,True,8,False,TPCC,False,630,7993,0,0,0,0,8003,6.18765,999525.0,0.00818064,1.06873,0.0324608,0,0,0.49223599999999995,4.02669,0.0650525,0,0,0,0,0,7.3866e-05,773089,0,169
50000,0,True,BAMBOO,True,True,False,True,True,LH_MCSLOCK,100000,2,0.5,True,8,False,TPCC,False,115,8084,0,0,0,0,8086,6.04471,989319.0,0.00154726,0.8281200000000001,0.0196179,0,0,0.5509539999999999,3.66241,0.023733900000000002,0,0,0,0,0,4.149e-05,747518,0,83
50000,0,True,BAMBOO,True,True,False,True,True,LH_MCSLOCK,100000,4,0.5,True,8,False,TPCC,False,13,8868,0,0,0,0,8868,6.66949,902030.0,0.000261856,0.768057,0.0132274,0,0,0.6282260000000001,3.88064,0.0158821,0,0,0,0,0,1.9073e-05,752010,0,36
50000,0,True,BAMBOO,True,True,False,True,True,LH_MCSLOCK,100000,8,0.5,True,8,False,TPCC,False,0,8432,0,0,0,0,8432,6.349480000000001,948745.0,0.0,0.607313,0.00804278,0,0,0.661747,3.3368,0.014815200000000002,0,0,0,0,0,2.209e-06,753005,0,4
50000,0,True,BAMBOO,True,True,False,True,True,LH_MCSLOCK,100000,16,0.5,True,8,False,TPCC,False,0,11121,0,0,0,0,11121,7.3781,719340.0,0.0,0.623663,0.00784457,0,0,0.9014049999999999,3.81486,0.014753200000000001,0,0,0,0,0,2.434e-06,663420,0,3
50000,0,True,BAMBOO,True,True,False,True,True,LH_MCSLOCK,100000,1,0.5,True,16,False,TPCC,False,3792,12585,0,0,0,0,12633,19.5592,1266520.0,0.0732908,4.19491,0.150302,0,0,1.16134,13.5461,0.33264099999999996,0,0,0,0,0,0.000519302,1548259,0,748
50000,12,True,BAMBOO,True,True,False,True,True,LH_MCSLOCK,100000,1,0.5,True,16,False,TPCC,False,3262,12699,0,0,0,0,12739,19.596,1255960.0,0.06106230000000001,4.71561,0.123076,0,0,0.8524719999999999,14.0396,0.292548,0,0,0,0,0,0.000471742,1538236,0,815
50000,0,True,BAMBOO,True,True,False,True,True,LH_MCSLOCK,100000,2,0.5,True,16,False,TPCC,False,1173,8618,0,0,0,0,8628,12.8743,1854240.0,0.0159071,1.98048,0.0672077,0,0,1.0916,7.97538,0.12133499999999998,0,0,0,0,0,0.000131722,1492006,0,293
50000,12,True,BAMBOO,True,True,False,True,True,LH_MCSLOCK,100000,2,0.5,True,16,False,TPCC,False,1253,9028,0,0,0,0,9040,13.8029,1769890.0,0.0176261,2.13081,0.0763202,0,0,0.94411,8.963239999999999,0.128144,0,0,0,0,0,0.00019491400000000002,1526847,0,440
50000,0,True,BAMBOO,True,True,False,True,True,LH_MCSLOCK,100000,4,0.5,True,16,False,TPCC,False,239,9187,0,0,0,0,9190,14.1064,1741020.0,0.0037024000000000002,1.7605,0.0468618,0,0,1.28462,8.28828,0.0486843,0,0,0,0,0,0.000126221,1534966,0,294
50000,12,True,BAMBOO,True,True,False,True,True,LH_MCSLOCK,100000,4,0.5,True,16,False,TPCC,False,259,9220,0,0,0,0,9223,13.8626,1734760.0,0.00405815,1.7558,0.0453133,0,0,1.0069299999999999,8.24677,0.0505302,0,0,0,0,0,0.000134353,1503025,0,297
50000,0,True,BAMBOO,True,True,False,True,True,LH_MCSLOCK,100000,8,0.5,True,16,False,TPCC,False,29,9114,0,0,0,0,9114,13.6938,1755470.0,0.00048253699999999995,1.46864,0.0251689,0,0,1.3422,7.28631,0.0316436,0,0,0,0,0,5.1603999999999996e-05,1502441,0,107
50000,12,True,BAMBOO,True,True,False,True,True,LH_MCSLOCK,100000,8,0.5,True,16,False,TPCC,False,30,9297,0,0,0,0,9298,13.9139,1720770.0,0.000501616,1.50794,0.0266211,0,0,1.0481,7.895510000000001,0.0319482,0,0,0,0,0,5.0211000000000004e-05,1496417,0,102
50000,0,True,BAMBOO,True,True,False,True,True,LH_MCSLOCK,100000,16,0.5,True,16,False,TPCC,False,0,13315,0,0,0,0,13315,18.9938,1201610.0,0.0,1.49987,0.0180012,0,0,2.66297,10.2142,0.034454000000000005,0,0,0,0,0,3.907e-06,1426443,0,5
50000,12,True,BAMBOO,True,True,False,True,True,LH_MCSLOCK,100000,16,0.5,True,16,False,TPCC,False,0,9044,0,0,0,0,9044,12.863,1768980.0,0.0,1.1662299999999999,0.0154696,0,0,1.13867,6.6234399999999996,0.028523000000000003,0,0,0,0,0,2.7430000000000002e-06,1422150,0,4
50000,0,True,BAMBOO,True,True,False,True,True,LH_MCSLOCK,100000,1,0.5,True,32,False,TPCC,False,8993,27853,0,0,0,0,27990,88.0506,1143270.0,0.427946,31.3671,1.05903,0,0,2.414,73.97,0.796277,0,0,0,0,0,0.0027149,3145794,0,3159
50000,4,True,BAMBOO,True,True,False,True,True,LH_MCSLOCK,100000,1,0.5,True,32,False,TPCC,False,7454,30275,0,0,0,0,30370,95.9027,1053660.0,0.2994,36.2925,3.33161,0,0,2.25069,81.8809,0.667435,0,0,0,0,0,0.00222055,3157767,0,2821
50000,0,True,BAMBOO,True,True,False,True,True,LH_MCSLOCK,100000,2,0.5,True,32,False,TPCC,False,7450,16063,0,0,0,0,16236,49.4215,1970880.0,0.525404,11.1192,1.1569399999999999,0,0,2.87744,33.8914,0.734069,0,0,0,0,0,0.00200948,3043875,0,2826
50000,4,True,BAMBOO,True,True,False,True,True,LH_MCSLOCK,100000,2,0.5,True,32,False,TPCC,False,7700,12977,0,0,0,0,13025,39.5897,2456720.0,0.144515,8.5331,0.6220680000000001,0,0,2.13962,27.2689,0.6868449999999999,0,0,0,0,0,0.024463099999999998,3039399,0,2727
50000,0,True,BAMBOO,True,True,False,True,True,LH_MCSLOCK,100000,4,0.5,True,32,False,TPCC,False,2352,15067,0,0,0,0,15088,44.3705,2120850.0,0.062187,6.49052,0.288672,0,0,3.41152,27.1707,0.269776,0,0,0,0,0,0.00197472,2940722,0,1748
50000,4,True,BAMBOO,True,True,False,True,True,LH_MCSLOCK,100000,4,0.5,True,32,False,TPCC,False,2238,14491,0,0,0,0,14509,41.0845,2205510.0,0.0503484,6.17641,0.254801,0,0,3.14293,24.2848,0.252229,0,0,0,0,0,0.00132984,2831642,0,1612
50000,0,True,BAMBOO,True,True,False,True,True,LH_MCSLOCK,100000,8,0.5,True,32,False,TPCC,False,468,14311,0,0,0,0,14315,39.4975,2235330.0,0.0108818,5.2017,0.356057,0,0,3.6493300000000004,23.3773,0.10999500000000001,0,0,0,0,0,0.000578694,2759059,0,665
50000,4,True,BAMBOO,True,True,False,True,True,LH_MCSLOCK,100000,8,0.5,True,32,False,TPCC,False,468,12377,0,0,0,0,12380,35.9048,2584710.0,0.00980264,4.36653,0.145858,0,0,3.37888,21.2849,0.10958699999999999,0,0,0,0,0,0.0005307959999999999,2900111,0,1034
50000,0,True,BAMBOO,True,True,False,True,True,LH_MCSLOCK,100000,16,0.5,True,32,False,TPCC,False,54,16303,0,0,0,0,16304,43.5215,1962690.0,0.00183984,4.38229,0.10454400000000001,0,0,5.38448,24.4968,0.0789403,0,0,0,0,0,0.00036861699999999996,2669347,0,223
50000,4,True,BAMBOO,True,True,False,True,True,LH_MCSLOCK,100000,16,0.5,True,32,False,TPCC,False,44,13803,0,0,0,0,13803,39.2142,2318260.0,0.00114805,4.11038,0.0724571,0,0,5.02466,20.756999999999998,0.0827084,0,0,0,0,0,0.00022766,2840897,0,357
50000,0,True,BAMBOO,True,True,False,True,True,LH_MCSLOCK,100000,1,0.5,True,1,False,TPCC,False,0,3892,0,0,0,0,3892,0.38921,256931.0,0.0,0.0260769,0.00106076,0,0,0.0398972,0.138672,0.00203925,0,0,0,0,0,0.0,100000,0,0
50000,0,True,BAMBOO,True,True,False,True,True,LH_MCSLOCK,100000,2,0.5,True,1,False,TPCC,False,0,3977,0,0,0,0,3977,0.397764,251405.0,0.0,0.0260655,0.00107861,0,0,0.0404793,0.143016,0.00205455,0,0,0,0,0,0.0,100000,0,0
50000,0,True,BAMBOO,True,True,False,True,True,LH_MCSLOCK,100000,4,0.5,True,1,False,TPCC,False,0,4850,0,0,0,0,4850,0.485062,206159.0,0.0,0.0296247,0.00117251,0,0,0.0531399,0.157539,0.00220161,0,0,0,0,0,0.0,100000,0,0
50000,0,True,BAMBOO,True,True,False,True,True,LH_MCSLOCK,100000,8,0.5,True,1,False,TPCC,False,0,5740,0,0,0,0,5740,0.5740109999999999,174213.0,0.0,0.0306305,0.00120277,0,0,0.0622212,0.193444,0.00222853,0,0,0,0,0,0.0,100000,0,0
50000,0,True,BAMBOO,True,True,False,True,True,LH_MCSLOCK,100000,16,0.5,True,1,False,TPCC,False,0,5804,0,0,0,0,5804,0.580494,172267.0,0.0,0.0285825,0.00115569,0,0,0.0753127,0.161982,0.00217839,0,0,0,0,0,0.0,100000,0,0
50000,0,True,BAMBOO,True,True,False,True,True,LH_MCSLOCK,100000,1,0.5,True,2,False,TPCC,False,2,7477,0,0,0,0,7477,1.47761,267457.0,4.7861e-05,0.193303,0.00325498,0,0,0.141543,0.9011,0.004051,0,0,0,0,0,4.782e-06,197599,0,7
50000,0,True,BAMBOO,True,True,False,True,True,LH_MCSLOCK,100000,2,0.5,True,2,False,TPCC,False,0,7425,0,0,0,0,7425,1.45926,269343.0,0.0,0.148919,0.00206843,0,0,0.156977,0.840411,0.00379627,0,0,0,0,0,0.0,196521,0,0
50000,0,True,BAMBOO,True,True,False,True,True,LH_MCSLOCK,100000,4,0.5,True,2,False,TPCC,False,0,8003,0,0,0,0,8003,1.56351,249892.0,0.0,0.160436,0.00211965,0,0,0.164278,0.8803200000000001,0.00396079,0,0,0,0,0,0.0,195354,0,0
50000,0,True,BAMBOO,True,True,False,True,True,LH_MCSLOCK,100000,8,0.5,True,2,False,TPCC,False,0,7679,0,0,0,0,7679,1.51534,260425.0,0.0,0.14788800000000002,0.00206361,0,0,0.158163,0.7626649999999999,0.00384485,0,0,0,0,0,0.0,197316,0,0
50000,0,True,BAMBOO,True,True,False,True,True,LH_MCSLOCK,100000,16,0.5,True,2,False,TPCC,False,0,8873,0,0,0,0,8873,1.67245,225399.0,0.0,0.14688199999999998,0.00201096,0,0,0.20096,0.78737,0.00373809,0,0,0,0,0,0.0,188485,0,0
50000,0,True,BAMBOO,True,True,False,True,True,LH_MCSLOCK,100000,1,0.5,True,4,False,TPCC,False,59,7488,0,0,0,0,7490,2.88959,534035.0,0.000800118,0.44276000000000004,0.00972325,0,0,0.274266,1.7841900000000002,0.0123339,0,0,0,0,0,1.9719000000000002e-05,385785,0,40
50000,0,True,BAMBOO,True,True,False,True,True,LH_MCSLOCK,100000,2,0.5,True,4,False,TPCC,False,5,7598,0,0,0,0,7598,2.97911,526414.0,8.0923e-05,0.35844899999999996,0.00651201,0,0,0.32843,1.6908599999999998,0.00827116,0,0,0,0,0,9.585e-06,392061,0,16
50000,0,True,BAMBOO,True,True,False,True,True,LH_MCSLOCK,100000,4,0.5,True,4,False,TPCC,False,0,8349,0,0,0,0,8349,3.1005700000000003,479062.0,0.0,0.305286,0.00401556,0,0,0.300026,1.6552,0.00747991,0,0,0,0,0,2.235e-06,371341,0,3
50000,0,True,BAMBOO,True,True,False,True,True,LH_MCSLOCK,100000,8,0.5,True,4,False,TPCC,False,0,8161,0,0,0,0,8161,3.13951,490136.0,0.0,0.301478,0.0040544000000000005,0,0,0.359154,1.66757,0.00751029,0,0,0,0,0,9.05e-07,384696,0,1
50000,0,True,BAMBOO,True,True,False,True,True,LH_MCSLOCK,100000,16,0.5,True,4,False,TPCC,False,0,9448,0,0,0,0,9448,3.4355,423363.0,0.0,0.30942800000000004,0.00417242,0,0,0.36149499999999996,1.76702,0.00783655,0,0,0,0,0,0.0,363616,0,0
50000,0,True,BAMBOO,True,True,False,True,True,LH_MCSLOCK,100000,1,0.5,True,8,False,TPCC,False,580,8004,0,0,0,0,8013,6.225280000000001,998290.0,0.00728019,1.07918,0.0315671,0,0,0.49491899999999994,4.05882,0.0606877,0,0,0,0,0,5.4531000000000004e-05,776829,0,134
50000,0,True,BAMBOO,True,True,False,True,True,LH_MCSLOCK,100000,2,0.5,True,8,False,TPCC,False,128,8802,0,0,0,0,8805,6.74862,908535.0,0.00191211,0.878309,0.022658900000000003,0,0,0.62348,4.19038,0.0252894,0,0,0,0,0,5.8734e-05,766419,0,130
50000,0,True,BAMBOO,True,True,False,True,True,LH_MCSLOCK,100000,4,0.5,True,8,False,TPCC,False,15,8479,0,0,0,0,8480,6.4179900000000005,943375.0,0.00024656,0.756642,0.0124431,0,0,0.5916899999999999,3.58429,0.0159814,0,0,0,0,0,2.0546e-05,756821,0,37
50000,0,True,BAMBOO,True,True,False,True,True,LH_MCSLOCK,100000,8,0.5,True,8,False,TPCC,False,0,8893,0,0,0,0,8893,6.70291,899525.0,0.0,0.630414,0.00808661,0,0,0.695866,3.6358099999999998,0.014816399999999999,0,0,0,0,0,1.73e-06,753679,0,2
50000,0,True,BAMBOO,True,True,False,True,True,LH_MCSLOCK,100000,16,0.5,True,8,False,TPCC,False,0,8870,0,0,0,0,8870,6.52471,901831.0,0.0,0.587745,0.00795214,0,0,0.7953859999999999,3.2164,0.0147129,0,0,0,0,0,1.389e-06,735523,0,2
50000,0,True,BAMBOO,True,True,False,True,True,LH_MCSLOCK,100000,1,0.5,True,16,False,TPCC,False,3502,11507,0,0,0,0,11545,18.0231,1385850.0,0.059486000000000004,4.14023,0.11781300000000001,0,0,0.952937,12.5342,0.309546,0,0,0,0,0,0.000358629,1561088,0,692
50000,12,True,BAMBOO,True,True,False,True,True,LH_MCSLOCK,100000,1,0.5,True,16,False,TPCC,False,3364,12388,0,0,0,0,12428,19.1026,1287390.0,0.061359199999999996,4.5627699999999995,0.151257,0,0,0.84055,13.6086,0.298205,0,0,0,0,0,0.00043203800000000004,1537032,0,800
50000,0,True,BAMBOO,True,True,False,True,True,LH_MCSLOCK,100000,2,0.5,True,16,False,TPCC,False,1347,9582,0,0,0,0,9596,14.8583,1667330.0,0.020599700000000002,2.2003,0.08355900000000001,0,0,1.26214,9.46596,0.136652,0,0,0,0,0,0.00023256900000000002,1548355,0,524
50000,12,True,BAMBOO,True,True,False,True,True,LH_MCSLOCK,100000,2,0.5,True,16,False,TPCC,False,1289,9035,0,0,0,0,9047,13.2099,1768380.0,0.0185464,1.9786400000000002,0.07291510000000001,0,0,0.9239639999999999,8.3951,0.129771,0,0,0,0,0,0.00018904599999999998,1460010,0,431
50000,0,True,BAMBOO,True,True,False,True,True,LH_MCSLOCK,100000,4,0.5,True,16,False,TPCC,False,238,9286,0,0,0,0,9289,14.008,1722380.0,0.00396966,1.73543,0.04561369999999999,0,0,1.26577,8.162239999999999,0.0482357,0,0,0,0,0,0.00012955399999999999,1507941,0,289
50000,12,True,BAMBOO,True,True,False,True,True,LH_MCSLOCK,100000,4,0.5,True,16,False,TPCC,False,312,9109,0,0,0,0,9112,13.9269,1755890.0,0.00479754,1.7599599999999997,0.0455721,0,0,0.9872350000000001,8.29389,0.0546441,0,0,0,0,0,0.000136117,1528383,0,291
50000,0,True,BAMBOO,True,True,False,True,True,LH_MCSLOCK,100000,8,0.5,True,16,False,TPCC,False,27,9459,0,0,0,0,9459,14.0391,1691340.0,0.000500631,1.50187,0.027004900000000002,0,0,1.32613,7.79311,0.031332099999999995,0,0,0,0,0,5.9175e-05,1484059,0,116
50000,12,True,BAMBOO,True,True,False,True,True,LH_MCSLOCK,100000,8,0.5,True,16,False,TPCC,False,18,8950,0,0,0,0,8950,13.3469,1787530.0,0.000313525,1.4635799999999999,0.025295500000000002,0,0,1.02909,7.23878,0.030553399999999998,0,0,0,0,0,5.1403e-05,1491133,0,105
50000,0,True,BAMBOO,True,True,False,True,True,LH_MCSLOCK,100000,16,0.5,True,16,False,TPCC,False,0,12760,0,0,0,0,12760,18.128,1253910.0,0.0,1.4482700000000002,0.017656,0,0,2.09803,9.83263,0.0335593,0,0,0,0,0,4.67e-06,1420686,0,6
50000,12,True,BAMBOO,True,True,False,True,True,LH_MCSLOCK,100000,16,0.5,True,16,False,TPCC,False,0,12897,0,0,0,0,12897,17.5818,1240580.0,0.0,1.40841,0.0174212,0,0,1.94815,9.70069,0.0331932,0,0,0,0,0,5.517000000000001e-06,1363221,0,6
50000,0,True,BAMBOO,True,True,False,True,True,LH_MCSLOCK,100000,1,0.5,True,32,False,TPCC,False,9041,26698,0,0,0,0,26807,83.4877,1193710.0,0.338173,29.2166,0.600353,0,0,2.37209,69.8864,0.82724,0,0,0,0,0,0.00207538,3114382,0,3076
50000,4,True,BAMBOO,True,True,False,True,True,LH_MCSLOCK,100000,1,0.5,True,32,False,TPCC,False,8866,25444,0,0,0,0,25535,80.0133,1253140.0,0.284934,28.478,1.03461,0,0,1.97002,66.7064,0.798636,0,0,0,0,0,0.00162031,3133370,0,3027
50000,0,True,BAMBOO,True,True,False,True,True,LH_MCSLOCK,100000,2,0.5,True,32,False,TPCC,False,7379,16295,0,0,0,0,16446,45.5155,1945690.0,0.417667,10.0916,1.55882,0,0,2.5745299999999998,31.454,0.6742779999999999,0,0,0,0,0,0.016451300000000002,2767472,0,2611
50000,4,True,BAMBOO,True,True,False,True,True,LH_MCSLOCK,100000,2,0.5,True,32,False,TPCC,False,7337,16507,0,0,0,0,16568,49.125,1931420.0,0.180748,11.1888,1.7654599999999998,0,0,2.61993,34.4878,0.711562,0,0,0,0,0,0.0101424,2965039,0,2648
50000,0,True,BAMBOO,True,True,False,True,True,LH_MCSLOCK,100000,4,0.5,True,32,False,TPCC,False,2465,15180,0,0,0,0,15203,45.1498,2104820.0,0.06638510000000002,6.48757,0.45478599999999997,0,0,3.6802,27.2061,0.28421199999999996,0,0,0,0,0,0.00166933,2969758,0,1830
50000,4,True,BAMBOO,True,True,False,True,True,LH_MCSLOCK,100000,4,0.5,True,32,False,TPCC,False,2477,15249,0,0,0,0,15270,43.8596,2095480.0,0.0609409,6.95973,1.45112,0,0,3.39055,26.7096,0.320184,0,0,0,0,0,0.00166586,2872094,0,1723
50000,0,True,BAMBOO,True,True,False,True,True,LH_MCSLOCK,100000,8,0.5,True,32,False,TPCC,False,403,14167,0,0,0,0,14171,39.045,2258030.0,0.0123666,4.75948,0.143574,0,0,3.8334699999999997,22.7846,0.10534600000000001,0,0,0,0,0,0.000616785,2755146,0,765
50000,4,True,BAMBOO,True,True,False,True,True,LH_MCSLOCK,100000,8,0.5,True,32,False,TPCC,False,492,13917,0,0,0,0,13922,38.6662,2298480.0,0.0131869,4.91134,0.21798,0,0,4.09429,22.8206,0.11137799999999999,0,0,0,0,0,0.00489018,2777295,0,752
50000,0,True,BAMBOO,True,True,False,True,True,LH_MCSLOCK,100000,16,0.5,True,32,False,TPCC,False,36,18506,0,0,0,0,18506,50.2637,1729080.0,0.00145842,4.74259,0.152192,0,0,7.03875,28.4192,0.08472660000000001,0,0,0,0,0,0.0006894469999999999,2715933,0,260
50000,4,True,BAMBOO,True,True,False,True,True,LH_MCSLOCK,100000,16,0.5,True,32,False,TPCC,False,52,17784,0,0,0,0,17785,48.9889,1799250.0,0.00152644,4.78695,0.112757,0,0,6.02295,27.6125,0.0841459,0,0,0,0,0,0.00040735300000000006,2754479,0,210
50000,0,True,BAMBOO,True,True,False,True,True,LH_MCSLOCK,100000,1,0.5,True,1,False,TPCC,False,0,3863,0,0,0,0,3863,0.386327,258848.0,0.0,0.026155900000000003,0.00106753,0,0,0.0401625,0.139208,0.00203281,0,0,0,0,0,0.0,100000,0,0
50000,0,True,BAMBOO,True,True,False,True,True,LH_MCSLOCK,100000,2,0.5,True,1,False,TPCC,False,0,4559,0,0,0,0,4559,0.455908,219342.0,0.0,0.0265172,0.0010617,0,0,0.045854400000000003,0.167738,0.00203254,0,0,0,0,0,0.0,100000,0,0
50000,0,True,BAMBOO,True,True,False,True,True,LH_MCSLOCK,100000,4,0.5,True,1,False,TPCC,False,0,4585,0,0,0,0,4585,0.458554,218077.0,0.0,0.027565,0.00110442,0,0,0.048538599999999994,0.149601,0.00208913,0,0,0,0,0,0.0,100000,0,0
50000,0,True,BAMBOO,True,True,False,True,True,LH_MCSLOCK,100000,8,0.5,True,1,False,TPCC,False,0,5008,0,0,0,0,5008,0.500868,199653.0,0.0,0.027248599999999998,0.0010945,0,0,0.0579599,0.150505,0.00209771,0,0,0,0,0,0.0,100000,0,0
50000,0,True,BAMBOO,True,True,False,True,True,LH_MCSLOCK,100000,16,0.5,True,1,False,TPCC,False,0,8919,0,0,0,0,8919,0.891919,112118.0,0.0,0.0342314,0.00118843,0,0,0.141656,0.304948,0.00225497,0,0,0,0,0,0.0,100000,0,0
50000,0,True,BAMBOO,True,True,False,True,True,LH_MCSLOCK,100000,1,0.5,True,2,False,TPCC,False,2,7598,0,0,0,0,7598,1.50094,263203.0,3.8523000000000004e-05,0.19759300000000002,0.00307868,0,0,0.140967,0.923574,0.00397571,0,0,0,0,0,5.526e-06,197526,0,6
50000,0,True,BAMBOO,True,True,False,True,True,LH_MCSLOCK,100000,2,0.5,True,2,False,TPCC,False,0,7366,0,0,0,0,7366,1.4664,271513.0,0.0,0.151268,0.00211346,0,0,0.15525799999999998,0.8513,0.00387214,0,0,0,0,0,0.0,199073,0,0
50000,0,True,BAMBOO,True,True,False,True,True,LH_MCSLOCK,100000,4,0.5,True,2,False,TPCC,False,0,7379,0,0,0,0,7379,1.4556,271006.0,0.0,0.15711,0.00206473,0,0,0.155869,0.810823,0.0038277999999999997,0,0,0,0,0,0.0,197238,0,0
50000,0,True,BAMBOO,True,True,False,True,True,LH_MCSLOCK,100000,8,0.5,True,2,False,TPCC,False,0,7561,0,0,0,0,7561,1.4965700000000002,264512.0,0.0,0.149172,0.00208098,0,0,0.158581,0.783665,0.00389238,0,0,0,0,0,0.0,197930,0,0
50000,0,True,BAMBOO,True,True,False,True,True,LH_MCSLOCK,100000,16,0.5,True,2,False,TPCC,False,0,10463,0,0,0,0,10463,2.07166,191132.0,0.0,0.166344,0.00219701,0,0,0.24885900000000002,1.03654,0.00410104,0,0,0,0,0,0.0,197980,0,0
50000,0,True,BAMBOO,True,True,False,True,True,LH_MCSLOCK,100000,1,0.5,True,4,False,TPCC,False,53,7262,0,0,0,0,7263,2.82707,550678.0,0.0006606489999999999,0.432716,0.00952202,0,0,0.275748,1.72425,0.0117476,0,0,0,0,0,1.637e-05,389202,0,32
50000,0,True,BAMBOO,True,True,False,True,True,LH_MCSLOCK,100000,2,0.5,True,4,False,TPCC,False,6,8366,0,0,0,0,8366,3.2713,478104.0,9.792299999999999e-05,0.405729,0.00658067,0,0,0.31432899999999997,1.93908,0.00807876,0,0,0,0,0,1.2505999999999999e-05,391006,0,18
50000,0,True,BAMBOO,True,True,False,True,True,LH_MCSLOCK,100000,4,0.5,True,4,False,TPCC,False,0,8000,0,0,0,0,8000,3.1520200000000003,499961.0,0.0,0.320258,0.00433323,0,0,0.31849,1.7167700000000001,0.00799187,0,0,0,0,0,2.244e-06,393972,0,2
50000,0,True,BAMBOO,True,True,False,True,True,LH_MCSLOCK,100000,8,0.5,True,4,False,TPCC,False,0,8114,0,0,0,0,8114,3.11412,492932.0,0.0,0.30085300000000004,0.00406194,0,0,0.336929,1.67146,0.00752445,0,0,0,0,0,1.613e-06,383763,0,2
50000,0,True,BAMBOO,True,True,False,True,True,LH_MCSLOCK,100000,16,0.5,True,4,False,TPCC,False,0,11140,0,0,0,0,11140,3.95565,359040.0,0.0,0.320276,0.0041267,0,0,0.5071180000000001,2.0397,0.00776907,0,0,0,0,0,0.0,355059,0,0
50000,0,True,BAMBOO,True,True,False,True,True,LH_MCSLOCK,100000,1,0.5,True,8,False,TPCC,False,650,9421,0,0,0,0,9434,7.18625,847962.0,0.0100235,1.19096,0.038616199999999996,0,0,0.540474,4.76778,0.06580830000000001,0,0,0,0,0,0.000135585,761708,0,296
50000,0,True,BAMBOO,True,True,False,True,True,LH_MCSLOCK,100000,2,0.5,True,8,False,TPCC,False,138,8580,0,0,0,0,8582,6.492000000000001,932099.0,0.00185338,0.846086,0.022037400000000002,0,0,0.612256,4.01839,0.0255592,0,0,0,0,0,4.2115e-05,756399,0,92
50000,0,True,BAMBOO,True,True,False,True,True,LH_MCSLOCK,100000,4,0.5,True,8,False,TPCC,False,15,8739,0,0,0,0,8739,6.60014,915396.0,0.00028937200000000003,0.752005,0.013153299999999998,0,0,0.630721,3.8139,0.0160555,0,0,0,0,0,2.2496e-05,755218,0,42
50000,0,True,BAMBOO,True,True,False,True,True,LH_MCSLOCK,100000,8,0.5,True,8,False,TPCC,False,0,8515,0,0,0,0,8515,6.43358,939465.0,0.0,0.604878,0.0079756,0,0,0.642108,3.31415,0.014714600000000001,0,0,0,0,0,2.641e-06,755515,0,4
50000,0,True,BAMBOO,True,True,False,True,True,LH_MCSLOCK,100000,16,0.5,True,8,False,TPCC,False,0,12211,0,0,0,0,12211,9.002880000000001,655143.0,0.0,0.739449,0.00920528,0,0,1.1293600000000001,4.86986,0.0176178,0,0,0,0,0,7.15e-07,737272,0,1
50000,0,True,BAMBOO,True,True,False,True,True,LH_MCSLOCK,100000,1,0.5,True,16,False,TPCC,False,3753,12428,0,0,0,0,12473,19.0434,1282760.0,0.0677419,4.00549,0.13885699999999998,0,0,1.07199,13.0681,0.328282,0,0,0,0,0,0.000454501,1526754,0,848
50000,12,True,BAMBOO,True,True,False,True,True,LH_MCSLOCK,100000,1,0.5,True,16,False,TPCC,False,3782,12505,0,0,0,0,12554,19.1412,1274490.0,0.0744632,4.05483,0.139766,0,0,0.948066,13.1921,0.338622,0,0,0,0,0,0.00051069,1524705,0,895
50000,0,True,BAMBOO,True,True,False,True,True,LH_MCSLOCK,100000,2,0.5,True,16,False,TPCC,False,1385,9365,0,0,0,0,9379,14.2796,1705930.0,0.020675299999999997,2.09524,0.08130219999999999,0,0,1.22917,9.060939999999999,0.138782,0,0,0,0,0,0.00023165799999999998,1522497,0,523
50000,12,True,BAMBOO,True,True,False,True,True,LH_MCSLOCK,100000,2,0.5,True,16,False,TPCC,False,1209,8692,0,0,0,0,8703,13.3173,1838350.0,0.0164234,2.1339900000000003,0.067312,0,0,0.8293590000000001,8.43633,0.125059,0,0,0,0,0,0.000186093,1530117,0,419
50000,0,True,BAMBOO,True,True,False,True,True,LH_MCSLOCK,100000,4,0.5,True,16,False,TPCC,False,264,9432,0,0,0,0,9435,14.2746,1695740.0,0.00412719,1.74111,0.046847900000000005,0,0,1.2778,8.10678,0.050355199999999996,0,0,0,0,0,0.000129014,1512877,0,294
50000,12,True,BAMBOO,True,True,False,True,True,LH_MCSLOCK,100000,4,0.5,True,16,False,TPCC,False,294,9074,0,0,0,0,9077,13.7739,1762670.0,0.0044455,1.73627,0.045535400000000004,0,0,0.9962479999999999,8.21268,0.0529636,0,0,0,0,0,0.00012634299999999998,1517431,0,256
50000,0,True,BAMBOO,True,True,False,True,True,LH_MCSLOCK,100000,8,0.5,True,16,False,TPCC,False,32,9451,0,0,0,0,9451,13.9894,1692870.0,0.0005799490000000001,1.51813,0.027244599999999997,0,0,1.29459,7.8357600000000005,0.0318922,0,0,0,0,0,4.8401999999999995e-05,1480137,0,99
50000,12,True,BAMBOO,True,True,False,True,True,LH_MCSLOCK,100000,8,0.5,True,16,False,TPCC,False,22,9278,0,0,0,0,9278,13.9255,1724400.0,0.00033393400000000003,1.5091299999999999,0.026854900000000004,0,0,1.05253,7.89723,0.031311900000000004,0,0,0,0,0,6.705800000000001e-05,1500826,0,120
50000,0,True,BAMBOO,True,True,False,True,True,LH_MCSLOCK,100000,16,0.5,True,16,False,TPCC,False,0,8948,0,0,0,0,8948,12.6943,1787960.0,0.0,1.1543700000000001,0.015302600000000001,0,0,1.62353,6.39194,0.028353700000000003,0,0,0,0,0,5.932e-06,1418557,0,9
50000,12,True,BAMBOO,True,True,False,True,True,LH_MCSLOCK,100000,16,0.5,True,16,False,TPCC,False,0,12497,0,0,0,0,12497,17.9204,1280300.0,0.0,1.45137,0.0174857,0,0,2.0737900000000002,9.79273,0.032850300000000006,0,0,0,0,0,3.966e-06,1433969,0,6
50000,0,True,BAMBOO,True,True,False,True,True,LH_MCSLOCK,100000,1,0.5,True,32,False,TPCC,False,7734,27722,0,0,0,0,27873,87.4486,1148040.0,0.47483000000000003,32.0918,0.930062,0,0,2.01724,74.3645,0.695944,0,0,0,0,0,0.00163162,3137328,0,2888
50000,4,True,BAMBOO,True,True,False,True,True,LH_MCSLOCK,100000,1,0.5,True,32,False,TPCC,False,8639,28817,0,0,0,0,28923,90.4185,1106370.0,0.330341,32.486,1.0301200000000001,0,0,2.17556,76.5607,0.782054,0,0,0,0,0,0.00221519,3126147,0,3055
50000,0,True,BAMBOO,True,True,False,True,True,LH_MCSLOCK,100000,2,0.5,True,32,False,TPCC,False,6761,15785,0,0,0,0,15840,46.0271,2020120.0,0.160906,10.3696,0.72655,0,0,2.58239,31.9555,0.622735,0,0,0,0,0,0.00193822,2905627,0,2577
50000,4,True,BAMBOO,True,True,False,True,True,LH_MCSLOCK,100000,2,0.5,True,32,False,TPCC,False,8338,16661,0,0,0,0,16756,51.9041,1909660.0,0.296143,10.2536,1.01159,0,0,3.2490200000000002,34.3286,0.803828,0,0,0,0,0,0.00313953,3097472,0,3006
50000,0,True,BAMBOO,True,True,False,True,True,LH_MCSLOCK,100000,4,0.5,True,32,False,TPCC,False,2571,14879,0,0,0,0,14902,44.248000000000005,2147360.0,0.0656614,6.591239999999999,0.6507,0,0,3.37713,27.2918,0.298136,0,0,0,0,0,0.00147389,2969261,0,1814
50000,4,True,BAMBOO,True,True,False,True,True,LH_MCSLOCK,100000,4,0.5,True,32,False,TPCC,False,2413,15231,0,0,0,0,15252,44.0214,2098020.0,0.06193819999999999,6.8201600000000004,0.9170229999999999,0,0,3.2509099999999997,26.8932,0.284556,0,0,0,0,0,0.00448745,2886179,0,1832
50000,0,True,BAMBOO,True,True,False,True,True,LH_MCSLOCK,100000,8,0.5,True,32,False,TPCC,False,457,13676,0,0,0,0,13680,37.396,2339030.0,0.010788500000000001,4.76614,0.18378599999999998,0,0,3.7878199999999995,21.9212,0.103498,0,0,0,0,0,0.000625105,2733448,0,669
50000,4,True,BAMBOO,True,True,False,True,True,LH_MCSLOCK,100000,8,0.5,True,32,False,TPCC,False,452,14150,0,0,0,0,14154,38.9777,2260770.0,0.010434700000000002,5.44517,0.880191,0,0,3.85345,22.5655,0.12331600000000001,0,0,0,0,0,0.000543703,2753741,0,763
50000,0,True,BAMBOO,True,True,False,True,True,LH_MCSLOCK,100000,16,0.5,True,32,False,TPCC,False,43,17670,0,0,0,0,17671,49.0111,1810840.0,0.00134046,4.5051,0.0894719,0,0,6.76912,28.0976,0.084816,0,0,0,0,0,0.00038297099999999996,2773472,0,299
50000,4,True,BAMBOO,True,True,False,True,True,LH_MCSLOCK,100000,16,0.5,True,32,False,TPCC,False,62,11289,0,0,0,0,11289,30.5009,2834390.0,0.00169375,3.38038,0.0558476,0,0,3.3898599999999997,17.0646,0.0657751,0,0,0,0,0,0.00019128,2701612,0,374
50000,0,True,BAMBOO,True,True,False,True,True,LH_MCSLOCK,100000,1,0.5,True,1,False,TPCC,False,0,3880,0,0,0,0,3880,0.38800100000000004,257732.0,0.0,0.025981099999999997,0.00106556,0,0,0.040283099999999995,0.139529,0.00203882,0,0,0,0,0,0.0,100000,0,0
50000,0,True,BAMBOO,True,True,False,True,True,LH_MCSLOCK,100000,2,0.5,True,1,False,TPCC,False,0,3991,0,0,0,0,3991,0.399136,250541.0,0.0,0.025973700000000002,0.00106177,0,0,0.0402721,0.142516,0.0020061,0,0,0,0,0,0.0,100000,0,0
50000,0,True,BAMBOO,True,True,False,True,True,LH_MCSLOCK,100000,4,0.5,True,1,False,TPCC,False,0,4512,0,0,0,0,4512,0.45121999999999995,221622.0,0.0,0.027696,0.00111012,0,0,0.0470529,0.154476,0.00210285,0,0,0,0,0,0.0,100000,0,0
50000,0,True,BAMBOO,True,True,False,True,True,LH_MCSLOCK,100000,8,0.5,True,1,False,TPCC,False,0,4980,0,0,0,0,4980,0.498018,200796.0,0.0,0.030256099999999998,0.00107575,0,0,0.053736599999999995,0.151572,0.00200097,0,0,0,0,0,0.0,100000,0,0
50000,0,True,BAMBOO,True,True,False,True,True,LH_MCSLOCK,100000,16,0.5,True,1,False,TPCC,False,0,8343,0,0,0,0,8343,0.834362,119852.0,0.0,0.031946800000000004,0.00109859,0,0,0.132438,0.278723,0.00223507,0,0,0,0,0,0.0,100000,0,0
50000,0,True,BAMBOO,True,True,False,True,True,LH_MCSLOCK,100000,1,0.5,True,2,False,TPCC,False,4,7633,0,0,0,0,7633,1.5092700000000001,261988.0,5.8003999999999996e-05,0.203346,0.00328184,0,0,0.140619,0.933089,0.00410936,0,0,0,0,0,2.561e-06,197706,0,3
50000,0,True,BAMBOO,True,True,False,True,True,LH_MCSLOCK,100000,2,0.5,True,2,False,TPCC,False,0,7261,0,0,0,0,7261,1.44121,275425.0,0.0,0.14665,0.00211112,0,0,0.147977,0.808526,0.00385452,0,0,0,0,0,8.590000000000001e-07,198473,0,1
50000,0,True,BAMBOO,True,True,False,True,True,LH_MCSLOCK,100000,4,0.5,True,2,False,TPCC,False,0,7139,0,0,0,0,7139,1.41791,280119.0,0.0,0.152692,0.00206192,0,0,0.14849600000000002,0.776614,0.00387075,0,0,0,0,0,0.0,198591,0,0
50000,0,True,BAMBOO,True,True,False,True,True,LH_MCSLOCK,100000,8,0.5,True,2,False,TPCC,False,0,7858,0,0,0,0,7858,1.56813,254516.0,0.0,0.15416400000000002,0.00212031,0,0,0.168129,0.8260049999999999,0.00394207,0,0,0,0,0,0.0,199557,0,0
50000,0,True,BAMBOO,True,True,False,True,True,LH_MCSLOCK,100000,16,0.5,True,2,False,TPCC,False,0,9023,0,0,0,0,9023,1.68187,221638.0,0.0,0.14815,0.00204629,0,0,0.18896300000000002,0.791273,0.00382926,0,0,0,0,0,0.0,186383,0,0
50000,0,True,BAMBOO,True,True,False,True,True,LH_MCSLOCK,100000,1,0.5,True,4,False,TPCC,False,76,7216,0,0,0,0,7218,2.77624,554125.0,0.0009691169999999999,0.42253900000000005,0.00931302,0,0,0.27370700000000003,1.68737,0.0136155,0,0,0,0,0,1.9092999999999998e-05,384596,0,45
50000,0,True,BAMBOO,True,True,False,True,True,LH_MCSLOCK,100000,2,0.5,True,4,False,TPCC,False,7,7625,0,0,0,0,7626,2.92782,524507.0,0.00012090299999999999,0.366056,0.00598427,0,0,0.288773,1.66851,0.00808316,0,0,0,0,0,8.095e-06,383916,0,11
50000,0,True,BAMBOO,True,True,False,True,True,LH_MCSLOCK,100000,4,0.5,True,4,False,TPCC,False,0,7760,0,0,0,0,7760,3.09576,515442.0,0.0,0.313853,0.00420296,0,0,0.31195900000000004,1.6471200000000001,0.0077101,0,0,0,0,0,6.29e-07,398921,0,1
50000,0,True,BAMBOO,True,True,False,True,True,LH_MCSLOCK,100000,8,0.5,True,4,False,TPCC,False,0,8216,0,0,0,0,8216,3.1533900000000004,486835.0,0.0,0.304583,0.00407022,0,0,0.334481,1.6903400000000002,0.00755843,0,0,0,0,0,6.41e-07,383795,0,1
50000,0,True,BAMBOO,True,True,False,True,True,LH_MCSLOCK,100000,16,0.5,True,4,False,TPCC,False,0,8949,0,0,0,0,8949,3.27617,446962.0,0.0,0.287492,0.00394212,0,0,0.355758,1.57569,0.00735764,0,0,0,0,0,1.139e-06,366080,0,1
50000,0,True,BAMBOO,True,True,False,True,True,LH_MCSLOCK,100000,1,0.5,True,8,False,TPCC,False,582,8891,0,0,0,0,8903,6.68588,898574.0,0.00832303,1.20646,0.0346029,0,0,0.49244499999999997,4.50481,0.060358100000000005,0,0,0,0,0,0.00011389600000000001,750970,0,244
50000,0,True,BAMBOO,True,True,False,True,True,LH_MCSLOCK,100000,2,0.5,True,8,False,TPCC,False,121,8824,0,0,0,0,8826,6.644489999999999,906365.0,0.00179058,0.8571120000000001,0.022517500000000003,0,0,0.617287,4.10933,0.0244973,0,0,0,0,0,6.0092e-05,752792,0,121
50000,0,True,BAMBOO,True,True,False,True,True,LH_MCSLOCK,100000,4,0.5,True,8,False,TPCC,False,12,8197,0,0,0,0,8197,6.200740000000001,975860.0,0.00022356,0.72521,0.0118931,0,0,0.594013,3.48504,0.015777100000000002,0,0,0,0,0,1.5584000000000002e-05,756382,0,27
50000,0,True,BAMBOO,True,True,False,True,True,LH_MCSLOCK,100000,8,0.5,True,8,False,TPCC,False,0,8857,0,0,0,0,8857,6.64352,903219.0,0.0,0.6207600000000001,0.00794002,0,0,0.710939,3.5878099999999997,0.0146298,0,0,0,0,0,9.65e-07,750069,0,2
50000,0,True,BAMBOO,True,True,False,True,True,LH_MCSLOCK,100000,16,0.5,True,8,False,TPCC,False,0,10997,0,0,0,0,10997,7.92272,727445.0,0.0,0.6577729999999999,0.00863993,0,0,0.9316709999999999,3.8953,0.0163173,0,0,0,0,0,1.2073e-05,720417,0,3
50000,0,True,BAMBOO,True,True,False,True,True,LH_MCSLOCK,100000,1,0.5,True,16,False,TPCC,False,3825,12878,0,0,0,0,12926,19.9899,1237820.0,0.0739441,4.39569,0.15014,0,0,1.1450799999999999,13.9723,0.335477,0,0,0,0,0,0.00064024,1546486,0,863
50000,12,True,BAMBOO,True,True,False,True,True,LH_MCSLOCK,100000,1,0.5,True,16,False,TPCC,False,3252,12845,0,0,0,0,12885,19.8034,1241710.0,0.0609476,4.807230000000001,0.12410399999999999,0,0,0.847716,14.2642,0.290486,0,0,0,0,0,0.00041660000000000004,1536883,0,741
50000,0,True,BAMBOO,True,True,False,True,True,LH_MCSLOCK,100000,2,0.5,True,16,False,TPCC,False,1306,9203,0,0,0,0,9215,13.9689,1736120.0,0.019031400000000004,2.12891,0.0795531,0,0,1.1913200000000002,8.92411,0.13172799999999998,0,0,0,0,0,0.000210956,1515723,0,458
50000,12,True,BAMBOO,True,True,False,True,True,LH_MCSLOCK,100000,2,0.5,True,16,False,TPCC,False,1319,9042,0,0,0,0,9054,13.8791,1767010.0,0.0191098,2.08026,0.0776102,0,0,0.960774,8.89498,0.133102,0,0,0,0,0,0.00021089,1532790,0,487
50000,0,True,BAMBOO,True,True,False,True,True,LH_MCSLOCK,100000,4,0.5,True,16,False,TPCC,False,245,9448,0,0,0,0,9450,14.3776,1693030.0,0.00378219,1.74902,0.0468658,0,0,1.28131,8.23291,0.0489562,0,0,0,0,0,0.000113333,1521363,0,268
50000,12,True,BAMBOO,True,True,False,True,True,LH_MCSLOCK,100000,4,0.5,True,16,False,TPCC,False,279,9198,0,0,0,0,9201,14.0637,1738840.0,0.00432333,1.7959,0.0464561,0,0,0.9898680000000001,8.4452,0.0523486,0,0,0,0,0,0.000118595,1528402,0,260
50000,0,True,BAMBOO,True,True,False,True,True,LH_MCSLOCK,100000,8,0.5,True,16,False,TPCC,False,23,9434,0,0,0,0,9434,14.2563,1695890.0,0.000452252,1.51647,0.0271594,0,0,1.44359,7.803889999999999,0.0315584,0,0,0,0,0,4.5944e-05,1511067,0,100
50000,12,True,BAMBOO,True,True,False,True,True,LH_MCSLOCK,100000,8,0.5,True,16,False,TPCC,False,20,9459,0,0,0,0,9460,14.1605,1691290.0,0.00044028,1.52342,0.0267836,0,0,1.17445,7.885860000000001,0.0312142,0,0,0,0,0,4.3623999999999994e-05,1496847,0,85
50000,0,True,BAMBOO,True,True,False,True,True,LH_MCSLOCK,100000,16,0.5,True,16,False,TPCC,False,0,12563,0,0,0,0,12563,16.2627,1273570.0,0.0,1.31196,0.0159038,0,0,1.92842,8.48596,0.0299875,0,0,0,0,0,2.45e-06,1294485,0,4
50000,12,True,BAMBOO,True,True,False,True,True,LH_MCSLOCK,100000,16,0.5,True,16,False,TPCC,False,0,8889,0,0,0,0,8889,12.6691,1799840.0,0.0,1.18319,0.0156488,0,0,1.32384,6.54321,0.0288385,0,0,0,0,0,2.068e-06,1425147,0,4
50000,0,True,BAMBOO,True,True,False,True,True,LH_MCSLOCK,100000,1,0.5,True,32,False,TPCC,False,8008,27614,0,0,0,0,27702,86.7945,1155140.0,0.274634,31.4941,0.675295,0,0,2.06569,73.5044,0.71423,0,0,0,0,0,0.00166506,3133110,0,2949
50000,4,True,BAMBOO,True,True,False,True,True,LH_MCSLOCK,100000,1,0.5,True,32,False,TPCC,False,8243,26827,0,0,0,0,26917,84.1245,1188840.0,0.279482,30.1605,0.667977,0,0,1.9322400000000002,70.7227,0.758505,0,0,0,0,0,0.00163928,3125325,0,2963
50000,0,True,BAMBOO,True,True,False,True,True,LH_MCSLOCK,100000,2,0.5,True,32,False,TPCC,False,8019,15338,0,0,0,0,15403,47.2518,2077430.0,0.199519,9.92672,0.8744629999999999,0,0,2.74425,32.7329,0.716759,0,0,0,0,0,0.00273073,3067573,0,3050
50000,4,True,BAMBOO,True,True,False,True,True,LH_MCSLOCK,100000,2,0.5,True,32,False,TPCC,False,7638,15202,0,0,0,0,15263,45.0008,2096480.0,0.18012,8.91667,0.397665,0,0,2.7976900000000002,30.0437,0.706208,0,0,0,0,0,0.00201545,2948231,0,2731
50000,0,True,BAMBOO,True,True,False,True,True,LH_MCSLOCK,100000,4,0.5,True,32,False,TPCC,False,2438,15552,0,0,0,0,15578,46.0792,2054130.0,0.07608279999999999,6.80653,0.378402,0,0,3.59095,27.9243,0.275698,0,0,0,0,0,0.00161004,2957892,0,1876
50000,4,True,BAMBOO,True,True,False,True,True,LH_MCSLOCK,100000,4,0.5,True,32,False,TPCC,False,2397,14551,0,0,0,0,14570,42.7003,2196290.0,0.0541942,6.1334599999999995,0.260694,0,0,3.41948,24.7098,0.271106,0,0,0,0,0,0.00134289,2930689,0,1721
50000,0,True,BAMBOO,True,True,False,True,True,LH_MCSLOCK,100000,8,0.5,True,32,False,TPCC,False,438,13916,0,0,0,0,13920,38.384,2298750.0,0.0104184,4.793830000000001,0.136247,0,0,4.34131,22.28,0.107306,0,0,0,0,0,0.000552371,2757344,0,710
50000,4,True,BAMBOO,True,True,False,True,True,LH_MCSLOCK,100000,8,0.5,True,32,False,TPCC,False,432,15584,0,0,0,0,15588,45.1392,2052830.0,0.011076,5.831980000000001,0.731687,0,0,3.93621,26.8296,0.111969,0,0,0,0,0,0.00101035,2895715,0,773
50000,0,True,BAMBOO,True,True,False,True,True,LH_MCSLOCK,100000,16,0.5,True,32,False,TPCC,False,31,15962,0,0,0,0,15962,37.9622,2004690.0,0.00101753,4.11426,0.291788,0,0,3.7920599999999998,20.8716,0.0679513,0,0,0,0,0,0.000217596,2378201,0,156
50000,4,True,BAMBOO,True,True,False,True,True,LH_MCSLOCK,100000,16,0.5,True,32,False,TPCC,False,40,13553,0,0,0,0,13554,37.3162,2360870.0,0.00111048,4.018680000000001,0.0650193,0,0,4.73564,20.1621,0.07567839999999999,0,0,0,0,0,0.00019738,2753083,0,274
