ABORT_PENALTY,CC_ALG,CLV_RETIRE_OFF,CLV_RETIRE_ON,DEBUG_PROFILING,DEBUG_TMP,DYNAMIC_TS,FIRST_HS,FLIP_RATIO,KEY_ORDER,MAX_TXN_PER_PART,NUM_HS,POS_HS,READ_PERC,REQ_PER_QUERY,RETIRE_READ,SPECIFIED_RATIO,SPINLOCK,SYNTHETIC_YCSB,SYNTH_TABLE_SIZE,THREAD_CNT,WORKLOAD,WW_STARV_FREE,ZIPF_THETA,abort_cnt,cycle_detect,deadlock_cnt,debug1,debug10,debug11,debug2,debug3,debug4,debug5,debug6,debug7,debug8,debug9,dl_detect_time,dl_wait_time,latency,run_time,throughput,time_abort,time_cleanup,time_index,time_man,time_query,time_ts_alloc,time_wait,txn_cnt
50000,CLV,false,0,true,false,true,WR,0,false,100000,0,SPECIFIED,0.1,16,false,0.1,true,false,1024*1024*10,1,YCSB,false,0.5,0,0,0,0.000000,0.000000,0.000000,0.000000,0.000000,0.000000,0.000000,0.000000,0.000000,0.001078,-nan,0.000000,0.000000,0.000021,2.079029,48099.375449,0.000000,0.037734,0.318640,1.234457,0.001067,0.000000,0.000000,100000
50000,CLV,false,0,true,false,true,WR,0,false,100000,0,SPECIFIED,0.1,16,false,0.1,true,false,1024*1024*10,2,YCSB,false,0.5,0,0,0,0.000000,0.000000,0.000000,0.000000,0.000000,0.000000,0.000000,0.000000,0.000000,0.002098,-nan,0.000000,0.000000,0.000039,7.229169,51272.562919,0.000000,0.090808,1.336436,4.666432,0.002085,0.000000,0.000000,185329
50000,CLV,false,0,true,false,true,WR,0,false,100000,0,SPECIFIED,0.1,16,false,0.1,true,false,1024*1024*10,4,YCSB,false,0.5,0,0,0,0.000000,0.000000,0.000000,0.000000,0.000000,0.000000,0.000000,0.000000,0.000000,0.004539,-nan,0.000000,0.000000,0.000031,11.779466,128932.836122,0.000000,0.191362,1.873707,7.336460,0.005881,0.000000,0.000002,379690
50000,CLV,false,0,true,false,true,WR,0,false,100000,0,SPECIFIED,0.1,16,false,0.1,true,false,1024*1024*10,8,YCSB,false,0.5,0,0,0,0.000000,0.000000,0.000000,0.000000,0.000000,0.000000,0.000000,0.000000,0.000000,0.011143,-nan,0.000000,0.000000,0.000023,16.963303,355220.445010,0.000000,0.361536,1.853315,10.190640,0.008749,0.000000,0.000001,753214
50000,CLV,false,0,true,false,true,WR,0,false,100000,0,SPECIFIED,0.1,16,false,0.1,true,false,1024*1024*10,16,YCSB,false,0.5,0,0,0,0.000000,0.000000,0.000000,0.000000,0.000000,0.000000,0.000000,0.000000,0.000000,0.077321,-nan,0.000000,0.000000,0.000021,32.175124,762431.503203,0.000000,0.838483,3.221012,18.999070,0.019218,0.000000,0.000014,1533208
50000,CLV,false,0,true,false,true,WR,0,false,100000,0,SPECIFIED,0.1,16,false,0.1,true,false,1024*1024*10,32,YCSB,false,0.5,7,0,0,0.000000,0.000000,0.000000,0.000000,0.000000,0.000000,0.000000,0.000000,0.000000,0.054820,-nan,0.000000,0.000000,0.000021,61.409419,1537568.419325,0.000111,1.769279,4.334126,35.563796,0.034376,0.000000,0.000068,2950662
50000,CLV,false,0,true,false,true,WR,0,false,100000,0,SPECIFIED,0.5,16,false,0.1,true,false,1024*1024*10,1,YCSB,false,0.5,0,0,0,0.000000,0.000000,0.000000,0.000000,0.000000,0.000000,0.000000,0.000000,0.000000,0.001082,-nan,0.000000,0.000000,0.000020,2.016276,49596.379604,0.000000,0.035626,0.315971,1.174718,0.001057,0.000000,0.000000,100000
50000,CLV,false,0,true,false,true,WR,0,false,100000,0,SPECIFIED,0.5,16,false,0.1,true,false,1024*1024*10,2,YCSB,false,0.5,0,0,0,0.000000,0.000000,0.000000,0.000000,0.000000,0.000000,0.000000,0.000000,0.000000,0.004521,-nan,0.000000,0.000000,0.000037,6.863231,53835.579337,0.000000,0.112477,1.148205,4.509404,0.002125,0.000000,0.000000,184743
50000,CLV,false,0,true,false,true,WR,0,false,100000,0,SPECIFIED,0.5,16,false,0.1,true,false,1024*1024*10,4,YCSB,false,0.5,0,0,0,0.000000,0.000000,0.000000,0.000000,0.000000,0.000000,0.000000,0.000000,0.000000,0.007020,-nan,0.000000,0.000000,0.000032,12.098706,123577.180815,0.000000,0.233309,2.020660,7.536823,0.006700,0.000000,0.000002,373781
50000,CLV,false,0,true,false,true,WR,0,false,100000,0,SPECIFIED,0.5,16,false,0.1,true,false,1024*1024*10,8,YCSB,false,0.5,0,0,0,0.000000,0.000000,0.000000,0.000000,0.000000,0.000000,0.000000,0.000000,0.000000,0.009599,-nan,0.000000,0.000000,0.000020,15.741278,395761.510045,0.000000,0.453625,1.608103,9.389750,0.009476,0.000000,0.000003,778724
50000,CLV,false,0,true,false,true,WR,0,false,100000,0,SPECIFIED,0.5,16,false,0.1,true,false,1024*1024*10,16,YCSB,false,0.5,0,0,0,0.000000,0.000000,0.000000,0.000000,0.000000,0.000000,0.000000,0.000000,0.000000,0.028845,-nan,0.000000,0.000000,0.000018,28.159256,875426.553336,0.000000,0.870690,2.593045,16.368975,0.018207,0.000000,0.000008,1540710
50000,CLV,false,0,true,false,true,WR,0,false,100000,0,SPECIFIED,0.5,16,false,0.1,true,false,1024*1024*10,32,YCSB,false,0.5,5,0,0,0.000000,0.000000,0.000000,0.000000,0.000000,0.000000,0.000000,0.000000,0.000000,0.844762,-nan,0.000000,0.000000,0.000021,66.873765,1489391.482616,0.000057,2.929492,6.951840,39.442475,0.037000,0.000000,0.000036,3112538
50000,CLV,false,0,true,false,true,WR,0,false,100000,0,SPECIFIED,0.9,16,false,0.1,true,false,1024*1024*10,1,YCSB,false,0.5,0,0,0,0.000000,0.000000,0.000000,0.000000,0.000000,0.000000,0.000000,0.000000,0.000000,0.001092,-nan,0.000000,0.000000,0.000019,1.940167,51541.950696,0.000000,0.035523,0.311717,0.977703,0.001058,0.000000,0.000000,100000
50000,CLV,false,0,true,false,true,WR,0,false,100000,0,SPECIFIED,0.9,16,false,0.1,true,false,1024*1024*10,2,YCSB,false,0.5,0,0,0,0.000000,0.000000,0.000000,0.000000,0.000000,0.000000,0.000000,0.000000,0.000000,0.002257,-nan,0.000000,0.000000,0.000046,9.052384,43870.874032,0.000000,0.105972,1.676218,6.032667,0.002294,0.000000,0.000000,198568
50000,CLV,false,0,true,false,true,WR,0,false,100000,0,SPECIFIED,0.9,16,false,0.1,true,false,1024*1024*10,4,YCSB,false,0.5,0,0,0,0.000000,0.000000,0.000000,0.000000,0.000000,0.000000,0.000000,0.000000,0.000000,0.004378,-nan,0.000000,0.000000,0.000031,11.894730,128452.851894,0.000000,0.191771,2.001305,7.439922,0.006067,0.000000,0.000000,381978
50000,CLV,false,0,true,false,true,WR,0,false,100000,0,SPECIFIED,0.9,16,false,0.1,true,false,1024*1024*10,8,YCSB,false,0.5,0,0,0,0.000000,0.000000,0.000000,0.000000,0.000000,0.000000,0.000000,0.000000,0.000000,0.009460,-nan,0.000000,0.000000,0.000025,19.938741,314731.613348,0.000000,0.408235,2.494058,12.527118,0.009571,0.000000,0.000000,784419
50000,CLV,false,0,true,false,true,WR,0,false,100000,0,SPECIFIED,0.9,16,false,0.1,true,false,1024*1024*10,16,YCSB,false,0.5,0,0,0,0.000000,0.000000,0.000000,0.000000,0.000000,0.000000,0.000000,0.000000,0.000000,0.020551,-nan,0.000000,0.000000,0.000022,33.680484,728207.579948,0.000000,0.806707,3.992393,20.213406,0.019447,0.000000,0.000001,1532899
50000,CLV,false,0,true,false,true,WR,0,false,100000,0,SPECIFIED,0.9,16,false,0.1,true,false,1024*1024*10,32,YCSB,false,0.5,0,0,0,0.000000,0.000000,0.000000,0.000000,0.000000,0.000000,0.000000,0.000000,0.000000,0.037880,-nan,0.000000,0.000000,0.000019,59.142439,1675801.851939,0.000000,1.853482,4.506409,35.315480,0.035280,0.000000,0.000011,3097219
50000,CLV,false,0,true,false,true,WR,0,false,100000,0,SPECIFIED,0.1,16,false,0.1,true,false,1024*1024*10,1,YCSB,false,0.9,0,0,0,0.000000,0.000000,0.000000,0.000000,0.000000,0.000000,0.000000,0.000000,0.000000,0.001081,-nan,0.000000,0.000000,0.000014,1.402871,71282.404567,0.000000,0.034458,0.251607,0.790760,0.001068,0.000000,0.000000,100000
50000,CLV,false,0,true,false,true,WR,0,false,100000,0,SPECIFIED,0.1,16,false,0.1,true,false,1024*1024*10,2,YCSB,false,0.9,920,0,0,0.000000,0.000000,0.000000,0.000000,0.000000,0.000000,0.000000,0.000000,0.000000,0.134677,-nan,0.000000,0.000000,0.000032,5.739106,63093.104046,0.025122,0.290032,1.057310,3.606808,0.074041,0.000000,0.000090,181049
50000,CLV,false,0,true,false,true,WR,0,false,100000,0,SPECIFIED,0.1,16,false,0.1,true,false,1024*1024*10,4,YCSB,false,0.9,12634,0,0,0.000000,0.000000,0.000000,0.000000,0.000000,0.000000,0.000000,0.000000,0.000000,0.510692,-nan,0.000000,0.000000,0.000029,11.389346,136432.772785,0.317908,0.848021,1.648286,6.607020,0.987191,0.000000,0.000573,388470
50000,CLV,false,0,true,false,true,WR,0,false,100000,0,SPECIFIED,0.1,16,false,0.1,true,false,1024*1024*10,8,YCSB,false,0.9,70111,0,0,0.000000,0.000000,0.000000,0.000000,0.000000,0.000000,0.000000,0.000000,0.000000,0.912356,-nan,0.000000,0.000000,0.000024,20.067410,310595.137010,1.510406,1.733802,1.268038,8.955416,5.427029,0.000000,0.004232,779105
50000,CLV,false,0,true,false,true,WR,0,false,100000,0,SPECIFIED,0.5,16,false,0.1,true,false,1024*1024*10,1,YCSB,false,0.9,0,0,0,0.000000,0.000000,0.000000,0.000000,0.000000,0.000000,0.000000,0.000000,0.000000,0.001082,-nan,0.000000,0.000000,0.000014,1.362867,73374.706430,0.000000,0.034298,0.250284,0.751934,0.001070,0.000000,0.000000,100000
50000,CLV,false,0,true,false,true,WR,0,false,100000,0,SPECIFIED,0.5,16,false,0.1,true,false,1024*1024*10,2,YCSB,false,0.9,548,0,0,0.000000,0.000000,0.000000,0.000000,0.000000,0.000000,0.000000,0.000000,0.000000,0.084365,-nan,0.000000,0.000000,0.000028,5.668994,70182.474890,0.013739,0.240327,1.097951,3.618712,0.045320,0.000000,0.000029,198932
50000,CLV,false,0,true,false,true,WR,0,false,100000,0,SPECIFIED,0.9,16,false,0.1,true,false,1024*1024*10,1,YCSB,false,0.9,0,0,0,0.000000,0.000000,0.000000,0.000000,0.000000,0.000000,0.000000,0.000000,0.000000,0.001089,-nan,0.000000,0.000000,0.000013,1.295567,77186.257004,0.000000,0.035627,0.242752,0.611963,0.001087,0.000000,0.000000,100000
50000,CLV,false,0,true,false,true,WR,0,false,100000,0,SPECIFIED,0.9,16,false,0.1,true,false,1024*1024*10,2,YCSB,false,0.9,27,0,0,0.000000,0.000000,0.000000,0.000000,0.000000,0.000000,0.000000,0.000000,0.000000,0.038043,-nan,0.000000,0.000000,0.000032,5.655687,62664.354247,0.000503,0.171098,1.206098,3.634972,0.004220,0.000000,0.000011,177205
50000,CLV,false,0,true,false,true,WR,0,false,100000,0,SPECIFIED,0.9,16,false,0.1,true,false,1024*1024*10,4,YCSB,false,0.9,668,0,0,0.000000,0.000000,0.000000,0.000000,0.000000,0.000000,0.000000,0.000000,0.000000,0.194821,-nan,0.000000,0.000000,0.000027,9.453401,150630.658333,0.014482,0.553908,1.707476,6.106376,0.059128,0.000000,0.000116,355993
50000,CLV,false,0,true,false,true,WR,0,false,100000,0,SPECIFIED,0.9,16,false,0.1,true,false,1024*1024*10,8,YCSB,false,0.9,6526,0,0,0.000000,0.000000,0.000000,0.000000,0.000000,0.000000,0.000000,0.000000,0.000000,0.500477,-nan,0.000000,0.000000,0.000020,15.047127,403545.487384,0.123551,1.284391,1.901581,9.484182,0.519883,0.000000,0.000899,759025
50000,CLV,false,0,true,false,true,WR,0,false,100000,0,SPECIFIED,0.9,16,false,0.1,true,false,1024*1024*10,16,YCSB,false,0.9,43667,0,0,0.000000,0.000000,0.000000,0.000000,0.000000,0.000000,0.000000,0.000000,0.000000,2.631873,-nan,0.000000,0.000000,0.000021,33.353959,727199.798783,0.897401,4.612779,2.933601,20.257181,3.402302,0.000000,0.008594,1515937
50000,CLV,false,0,true,false,true,WR,0,false,100000,0,SPECIFIED,0.1,16,false,0.1,true,false,1024*1024*10,1,YCSB,false,0.5,0,0,0,0.000000,0.000000,0.000000,0.000000,0.000000,0.000000,0.000000,0.000000,0.000000,0.001079,-nan,0.000000,0.000000,0.000021,2.069622,48318.000327,0.000000,0.037069,0.322883,1.230582,0.001053,0.000000,0.000000,100000
50000,CLV,false,0,true,false,true,WR,0,false,100000,0,SPECIFIED,0.1,16,false,0.1,true,false,1024*1024*10,2,YCSB,false,0.5,0,0,0,0.000000,0.000000,0.000000,0.000000,0.000000,0.000000,0.000000,0.000000,0.000000,0.002183,-nan,0.000000,0.000000,0.000038,7.190649,52148.280977,0.000000,0.094677,1.158701,4.663622,0.002133,0.000000,0.000000,187490
50000,CLV,false,0,true,false,true,WR,0,false,100000,0,SPECIFIED,0.1,16,false,0.1,true,false,1024*1024*10,4,YCSB,false,0.5,0,0,0,0.000000,0.000000,0.000000,0.000000,0.000000,0.000000,0.000000,0.000000,0.000000,0.005037,-nan,0.000000,0.000000,0.000030,11.805250,131907.419080,0.000000,0.207476,1.731798,7.265962,0.008803,0.000000,0.000000,389300
50000,CLV,false,0,true,false,true,WR,0,false,100000,0,SPECIFIED,0.1,16,false,0.1,true,false,1024*1024*10,8,YCSB,false,0.5,0,0,0,0.000000,0.000000,0.000000,0.000000,0.000000,0.000000,0.000000,0.000000,0.000000,0.009758,-nan,0.000000,0.000000,0.000022,17.496423,357161.916365,0.000000,0.371691,1.784142,10.615208,0.009022,0.000000,0.000003,781132
50000,CLV,false,0,true,false,true,WR,0,false,100000,0,SPECIFIED,0.1,16,false,0.1,true,false,1024*1024*10,16,YCSB,false,0.5,0,0,0,0.000000,0.000000,0.000000,0.000000,0.000000,0.000000,0.000000,0.000000,0.000000,0.033365,-nan,0.000000,0.000000,0.000018,26.776241,900931.835681,0.000000,0.707170,1.773134,15.485490,0.017073,0.000000,0.000022,1507723
50000,CLV,false,0,true,false,true,WR,0,false,100000,0,SPECIFIED,0.1,16,false,0.1,true,false,1024*1024*10,32,YCSB,false,0.5,8,0,0,0.000000,0.000000,0.000000,0.000000,0.000000,0.000000,0.000000,0.000000,0.000000,0.448892,-nan,0.000000,0.000000,0.000026,76.731550,1254417.615570,0.000393,2.445297,8.816224,46.363388,0.040609,0.000000,0.000126,3007919
50000,CLV,false,0,true,false,true,WR,0,false,100000,0,SPECIFIED,0.5,16,false,0.1,true,false,1024*1024*10,1,YCSB,false,0.5,0,0,0,0.000000,0.000000,0.000000,0.000000,0.000000,0.000000,0.000000,0.000000,0.000000,0.001082,-nan,0.000000,0.000000,0.000020,2.015856,49606.713289,0.000000,0.035625,0.313146,1.169713,0.001051,0.000000,0.000000,100000
50000,CLV,false,0,true,false,true,WR,0,false,100000,0,SPECIFIED,0.5,16,false,0.1,true,false,1024*1024*10,2,YCSB,false,0.5,0,0,0,0.000000,0.000000,0.000000,0.000000,0.000000,0.000000,0.000000,0.000000,0.000000,0.002296,-nan,0.000000,0.000000,0.000047,8.841286,42999.402463,0.000000,0.118010,1.671785,5.910598,0.002276,0.000000,0.000000,190085
50000,CLV,false,0,true,false,true,WR,0,false,100000,0,SPECIFIED,0.5,16,false,0.1,true,false,1024*1024*10,4,YCSB,false,0.5,0,0,0,0.000000,0.000000,0.000000,0.000000,0.000000,0.000000,0.000000,0.000000,0.000000,0.004338,-nan,0.000000,0.000000,0.000034,12.282059,118854.659988,0.000000,0.227898,1.947435,7.886978,0.006384,0.000000,0.000000,364945
50000,CLV,false,0,true,false,true,WR,0,false,100000,0,SPECIFIED,0.5,16,false,0.1,true,false,1024*1024*10,8,YCSB,false,0.5,0,0,0,0.000000,0.000000,0.000000,0.000000,0.000000,0.000000,0.000000,0.000000,0.000000,0.009721,-nan,0.000000,0.000000,0.000022,17.003044,361541.857271,0.000000,0.459713,1.889470,10.082141,0.009588,0.000000,0.000003,768414
50000,CLV,false,0,true,false,true,WR,0,false,100000,0,SPECIFIED,0.5,16,false,0.1,true,false,1024*1024*10,16,YCSB,false,0.5,1,0,0,0.000000,0.000000,0.000000,0.000000,0.000000,0.000000,0.000000,0.000000,0.000000,0.020455,-nan,0.000000,0.000000,0.000018,27.539752,899789.655477,0.000012,0.871500,2.475023,16.020773,0.018623,0.000000,0.000008,1548749
50000,CLV,false,0,true,false,true,WR,0,false,100000,0,SPECIFIED,0.5,16,false,0.1,true,false,1024*1024*10,32,YCSB,false,0.5,2,0,0,0.000000,0.000000,0.000000,0.000000,0.000000,0.000000,0.000000,0.000000,0.000000,0.067475,-nan,0.000000,0.000000,0.000022,65.838393,1452520.012588,0.000033,2.257673,5.547419,39.699187,0.036320,0.000000,0.000042,2988487
50000,CLV,false,0,true,false,true,WR,0,false,100000,0,SPECIFIED,0.9,16,false,0.1,true,false,1024*1024*10,1,YCSB,false,0.5,0,0,0,0.000000,0.000000,0.000000,0.000000,0.000000,0.000000,0.000000,0.000000,0.000000,0.001088,-nan,0.000000,0.000000,0.000019,1.947155,51356.970251,0.000000,0.035426,0.312913,0.978308,0.001057,0.000000,0.000000,100000
50000,CLV,false,0,true,false,true,WR,0,false,100000,0,SPECIFIED,0.9,16,false,0.1,true,false,1024*1024*10,2,YCSB,false,0.5,0,0,0,0.000000,0.000000,0.000000,0.000000,0.000000,0.000000,0.000000,0.000000,0.000000,0.002242,-nan,0.000000,0.000000,0.000041,8.105701,48456.262665,0.000000,0.107410,1.409946,5.346254,0.002191,0.000000,0.000000,196386
50000,CLV,false,0,true,false,true,WR,0,false,100000,0,SPECIFIED,0.9,16,false,0.1,true,false,1024*1024*10,4,YCSB,false,0.5,0,0,0,0.000000,0.000000,0.000000,0.000000,0.000000,0.000000,0.000000,0.000000,0.000000,0.004441,-nan,0.000000,0.000000,0.000033,12.581045,120268.862456,0.000000,0.195293,2.095347,8.007597,0.006971,0.000000,0.000000,378277
50000,CLV,false,0,true,false,true,WR,0,false,100000,0,SPECIFIED,0.9,16,false,0.1,true,false,1024*1024*10,8,YCSB,false,0.5,0,0,0,0.000000,0.000000,0.000000,0.000000,0.000000,0.000000,0.000000,0.000000,0.000000,0.008976,-nan,0.000000,0.000000,0.000022,16.870191,364579.630210,0.000000,0.378796,2.005052,10.162317,0.008903,0.000000,0.000001,768816
50000,CLV,false,0,true,false,true,WR,0,false,100000,0,SPECIFIED,0.9,16,false,0.1,true,false,1024*1024*10,16,YCSB,false,0.5,0,0,0,0.000000,0.000000,0.000000,0.000000,0.000000,0.000000,0.000000,0.000000,0.000000,0.017311,-nan,0.000000,0.000000,0.000017,24.946538,963403.596433,0.000000,0.702979,1.933479,14.861219,0.016999,0.000000,0.000004,1502099
50000,CLV,false,0,true,false,true,WR,0,false,100000,0,SPECIFIED,0.9,16,false,0.1,true,false,1024*1024*10,32,YCSB,false,0.5,0,0,0,0.000000,0.000000,0.000000,0.000000,0.000000,0.000000,0.000000,0.000000,0.000000,0.050981,-nan,0.000000,0.000000,0.000013,41.843766,2387126.602989,0.000000,2.203336,1.959505,23.689601,0.033360,0.000000,0.000005,3121449
50000,CLV,false,0,true,false,true,WR,0,false,100000,0,SPECIFIED,0.1,16,false,0.1,true,false,1024*1024*10,1,YCSB,false,0.9,0,0,0,0.000000,0.000000,0.000000,0.000000,0.000000,0.000000,0.000000,0.000000,0.000000,0.001079,-nan,0.000000,0.000000,0.000014,1.394614,71704.431437,0.000000,0.034823,0.248772,0.787141,0.001088,0.000000,0.000000,100000
50000,CLV,false,0,true,false,true,WR,0,false,100000,0,SPECIFIED,0.1,16,false,0.1,true,false,1024*1024*10,2,YCSB,false,0.9,970,0,0,0.000000,0.000000,0.000000,0.000000,0.000000,0.000000,0.000000,0.000000,0.000000,0.110651,-nan,0.000000,0.000000,0.000026,5.195858,75219.913297,0.021951,0.266531,0.857768,3.251044,0.077864,0.000000,0.000106,195416
50000,CLV,false,0,true,false,true,WR,0,false,100000,0,SPECIFIED,0.1,16,false,0.1,true,false,1024*1024*10,4,YCSB,false,0.9,12629,0,0,0.000000,0.000000,0.000000,0.000000,0.000000,0.000000,0.000000,0.000000,0.000000,0.545324,-nan,0.000000,0.000000,0.000030,11.827584,131024.217492,0.368734,0.896454,1.668397,6.954822,0.985299,0.000000,0.000592,387425
50000,CLV,false,0,true,false,true,WR,0,false,100000,0,SPECIFIED,0.1,16,false,0.1,true,false,1024*1024*10,8,YCSB,false,0.9,68739,0,0,0.000000,0.000000,0.000000,0.000000,0.000000,0.000000,0.000000,0.000000,0.000000,0.908688,-nan,0.000000,0.000000,0.000023,19.338241,321723.165416,1.458118,1.605658,1.430179,8.383106,5.320433,0.000000,0.002538,777695
50000,CLV,false,0,true,false,true,WR,0,false,100000,0,SPECIFIED,0.5,16,false,0.1,true,false,1024*1024*10,1,YCSB,false,0.9,0,0,0,0.000000,0.000000,0.000000,0.000000,0.000000,0.000000,0.000000,0.000000,0.000000,0.001081,-nan,0.000000,0.000000,0.000014,1.355433,73777.185662,0.000000,0.034344,0.247318,0.749974,0.001074,0.000000,0.000000,100000
50000,CLV,false,0,true,false,true,WR,0,false,100000,0,SPECIFIED,0.5,16,false,0.1,true,false,1024*1024*10,2,YCSB,false,0.9,540,0,0,0.000000,0.000000,0.000000,0.000000,0.000000,0.000000,0.000000,0.000000,0.000000,0.052301,-nan,0.000000,0.000000,0.000024,4.735037,83790.262437,0.012319,0.226548,0.784356,2.987306,0.045846,0.000000,0.000068,198375
50000,CLV,false,0,true,false,true,WR,0,false,100000,0,SPECIFIED,0.5,16,false,0.1,true,false,1024*1024*10,4,YCSB,false,0.9,8772,0,0,0.000000,0.000000,0.000000,0.000000,0.000000,0.000000,0.000000,0.000000,0.000000,0.470366,-nan,0.000000,0.000000,0.000029,11.627614,135968.736547,0.257941,0.865030,1.871347,7.013252,0.688233,0.000000,0.000393,395248
50000,CLV,false,0,true,false,true,WR,0,false,100000,0,SPECIFIED,0.9,16,false,0.1,true,false,1024*1024*10,1,YCSB,false,0.9,0,0,0,0.000000,0.000000,0.000000,0.000000,0.000000,0.000000,0.000000,0.000000,0.000000,0.001092,-nan,0.000000,0.000000,0.000013,1.303335,76726.259489,0.000000,0.034580,0.244823,0.612086,0.001075,0.000000,0.000000,100000
50000,CLV,false,0,true,false,true,WR,0,false,100000,0,SPECIFIED,0.9,16,false,0.1,true,false,1024*1024*10,2,YCSB,false,0.9,37,0,0,0.000000,0.000000,0.000000,0.000000,0.000000,0.000000,0.000000,0.000000,0.000000,0.022681,-nan,0.000000,0.000000,0.000030,5.693929,67775.691048,0.000850,0.181739,1.116456,3.649366,0.004990,0.000000,0.000007,192955
50000,CLV,false,0,true,false,true,WR,0,false,100000,0,SPECIFIED,0.9,16,false,0.1,true,false,1024*1024*10,4,YCSB,false,0.9,713,0,0,0.000000,0.000000,0.000000,0.000000,0.000000,0.000000,0.000000,0.000000,0.000000,0.167511,-nan,0.000000,0.000000,0.000024,9.525255,163972.100262,0.014776,0.549028,1.556431,6.085070,0.061977,0.000000,0.000098,390469
50000,CLV,false,0,true,false,true,WR,0,false,100000,0,SPECIFIED,0.9,16,false,0.1,true,false,1024*1024*10,8,YCSB,false,0.9,6275,0,0,0.000000,0.000000,0.000000,0.000000,0.000000,0.000000,0.000000,0.000000,0.000000,0.646949,-nan,0.000000,0.000000,0.000023,17.702748,341259.104116,0.121003,1.492933,2.354407,11.525413,0.497586,0.000000,0.000937,755153
50000,CLV,false,0,true,false,true,WR,0,false,100000,0,SPECIFIED,0.1,16,false,0.1,true,false,1024*1024*10,1,YCSB,false,0.5,0,0,0,0.000000,0.000000,0.000000,0.000000,0.000000,0.000000,0.000000,0.000000,0.000000,0.001078,-nan,0.000000,0.000000,0.000021,2.072354,48254.306464,0.000000,0.036029,0.317778,1.230107,0.001067,0.000000,0.000000,100000
50000,CLV,false,0,true,false,true,WR,0,false,100000,0,SPECIFIED,0.1,16,false,0.1,true,false,1024*1024*10,2,YCSB,false,0.5,0,0,0,0.000000,0.000000,0.000000,0.000000,0.000000,0.000000,0.000000,0.000000,0.000000,0.002180,-nan,0.000000,0.000000,0.000047,8.882436,42660.820852,0.000000,0.097877,1.763600,5.772402,0.002217,0.000000,0.000000,189466
50000,CLV,false,0,true,false,true,WR,0,false,100000,0,SPECIFIED,0.1,16,false,0.1,true,false,1024*1024*10,4,YCSB,false,0.5,0,0,0,0.000000,0.000000,0.000000,0.000000,0.000000,0.000000,0.000000,0.000000,0.000000,0.004723,-nan,0.000000,0.000000,0.000032,12.280789,123979.659798,0.000000,0.201209,1.826373,7.674716,0.007398,0.000000,0.000002,380642
50000,CLV,false,0,true,false,true,WR,0,false,100000,0,SPECIFIED,0.1,16,false,0.1,true,false,1024*1024*10,8,YCSB,false,0.5,0,0,0,0.000000,0.000000,0.000000,0.000000,0.000000,0.000000,0.000000,0.000000,0.000000,0.013918,-nan,0.000000,0.000000,0.000025,19.056108,321977.181218,0.000000,0.393013,2.344062,11.603375,0.009297,0.000000,0.000005,766954
50000,CLV,false,0,true,false,true,WR,0,false,100000,0,SPECIFIED,0.1,16,false,0.1,true,false,1024*1024*10,16,YCSB,false,0.5,0,0,0,0.000000,0.000000,0.000000,0.000000,0.000000,0.000000,0.000000,0.000000,0.000000,0.019125,-nan,0.000000,0.000000,0.000016,24.813414,983343.600177,0.000000,0.688700,1.779507,13.875314,0.017153,0.000000,0.000016,1525007
50000,CLV,false,0,true,false,true,WR,0,false,100000,0,SPECIFIED,0.1,16,false,0.1,true,false,1024*1024*10,32,YCSB,false,0.5,3,0,0,0.000000,0.000000,0.000000,0.000000,0.000000,0.000000,0.000000,0.000000,0.000000,0.052950,-nan,0.000000,0.000000,0.000024,68.811642,1325758.449591,0.000052,2.008836,6.032199,41.164078,0.035916,0.000000,0.000073,2850863
50000,CLV,false,0,true,false,true,WR,0,false,100000,0,SPECIFIED,0.5,16,false,0.1,true,false,1024*1024*10,1,YCSB,false,0.5,0,0,0,0.000000,0.000000,0.000000,0.000000,0.000000,0.000000,0.000000,0.000000,0.000000,0.001080,-nan,0.000000,0.000000,0.000020,2.001425,49964.411549,0.000000,0.034830,0.312425,1.162126,0.001010,0.000000,0.000000,100000
50000,CLV,false,0,true,false,true,WR,0,false,100000,0,SPECIFIED,0.5,16,false,0.1,true,false,1024*1024*10,2,YCSB,false,0.5,0,0,0,0.000000,0.000000,0.000000,0.000000,0.000000,0.000000,0.000000,0.000000,0.000000,0.002098,-nan,0.000000,0.000000,0.000042,7.729690,47554.301843,0.000000,0.110972,1.364743,5.059629,0.002118,0.000000,0.000000,183790
50000,CLV,false,0,true,false,true,WR,0,false,100000,0,SPECIFIED,0.5,16,false,0.1,true,false,1024*1024*10,4,YCSB,false,0.5,0,0,0,0.000000,0.000000,0.000000,0.000000,0.000000,0.000000,0.000000,0.000000,0.000000,0.004695,-nan,0.000000,0.000000,0.000031,11.895324,130579.380128,0.000000,0.233883,1.856079,7.394198,0.007019,0.000000,0.000001,388321
50000,CLV,false,0,true,false,true,WR,0,false,100000,0,SPECIFIED,0.5,16,false,0.1,true,false,1024*1024*10,8,YCSB,false,0.5,0,0,0,0.000000,0.000000,0.000000,0.000000,0.000000,0.000000,0.000000,0.000000,0.000000,0.009116,-nan,0.000000,0.000000,0.000024,18.244101,329618.877536,0.000000,0.435710,2.322292,11.172671,0.009018,0.000000,0.000001,751700
50000,CLV,false,0,true,false,true,WR,0,false,100000,0,SPECIFIED,0.5,16,false,0.1,true,false,1024*1024*10,16,YCSB,false,0.5,1,0,0,0.000000,0.000000,0.000000,0.000000,0.000000,0.000000,0.000000,0.000000,0.000000,0.024221,-nan,0.000000,0.000000,0.000018,28.488613,878163.087182,0.000010,0.857470,2.184287,16.847532,0.018081,0.000000,0.000004,1563603
50000,CLV,false,0,true,false,true,WR,0,false,100000,0,SPECIFIED,0.5,16,false,0.1,true,false,1024*1024*10,32,YCSB,false,0.5,1,0,0,0.000000,0.000000,0.000000,0.000000,0.000000,0.000000,0.000000,0.000000,0.000000,0.059808,-nan,0.000000,0.000000,0.000023,70.340592,1419310.883597,0.000011,1.960437,8.674892,41.726642,0.040096,0.000000,0.000089,3119849
50000,CLV,false,0,true,false,true,WR,0,false,100000,0,SPECIFIED,0.9,16,false,0.1,true,false,1024*1024*10,1,YCSB,false,0.5,0,0,0,0.000000,0.000000,0.000000,0.000000,0.000000,0.000000,0.000000,0.000000,0.000000,0.001091,-nan,0.000000,0.000000,0.000019,1.938200,51594.272993,0.000000,0.034454,0.310334,0.970167,0.001046,0.000000,0.000000,100000
50000,CLV,false,0,true,false,true,WR,0,false,100000,0,SPECIFIED,0.9,16,false,0.1,true,false,1024*1024*10,2,YCSB,false,0.5,0,0,0,0.000000,0.000000,0.000000,0.000000,0.000000,0.000000,0.000000,0.000000,0.000000,0.002273,-nan,0.000000,0.000000,0.000042,8.389430,47075.906028,0.000000,0.102961,1.513632,5.490329,0.002273,0.000000,0.000000,197470
50000,CLV,false,0,true,false,true,WR,0,false,100000,0,SPECIFIED,0.9,16,false,0.1,true,false,1024*1024*10,4,YCSB,false,0.5,0,0,0,0.000000,0.000000,0.000000,0.000000,0.000000,0.000000,0.000000,0.000000,0.000000,0.004406,-nan,0.000000,0.000000,0.000030,11.541455,132791.226100,0.000000,0.192930,1.815066,7.252525,0.006550,0.000000,0.000000,383151
50000,CLV,false,0,true,false,true,WR,0,false,100000,0,SPECIFIED,0.9,16,false,0.1,true,false,1024*1024*10,8,YCSB,false,0.5,0,0,0,0.000000,0.000000,0.000000,0.000000,0.000000,0.000000,0.000000,0.000000,0.000000,0.009820,-nan,0.000000,0.000000,0.000026,20.025037,304691.370797,0.000000,0.402586,2.806801,12.365963,0.009487,0.000000,0.000000,762682
50000,CLV,false,0,true,false,true,WR,0,false,100000,0,SPECIFIED,0.9,16,false,0.1,true,false,1024*1024*10,16,YCSB,false,0.5,0,0,0,0.000000,0.000000,0.000000,0.000000,0.000000,0.000000,0.000000,0.000000,0.000000,0.018335,-nan,0.000000,0.000000,0.000020,30.553471,795270.951763,0.000000,0.766888,3.100561,18.538490,0.018240,0.000000,0.000001,1518643
50000,CLV,false,0,true,false,true,WR,0,false,100000,0,SPECIFIED,0.9,16,false,0.1,true,false,1024*1024*10,32,YCSB,false,0.5,1,0,0,0.000000,0.000000,0.000000,0.000000,0.000000,0.000000,0.000000,0.000000,0.000000,0.037205,-nan,0.000000,0.000000,0.000023,64.804465,1367917.599669,0.000015,2.022932,6.737002,40.751283,0.035653,0.000000,0.000011,2770224
50000,CLV,false,0,true,false,true,WR,0,false,100000,0,SPECIFIED,0.1,16,false,0.1,true,false,1024*1024*10,1,YCSB,false,0.9,0,0,0,0.000000,0.000000,0.000000,0.000000,0.000000,0.000000,0.000000,0.000000,0.000000,0.001079,-nan,0.000000,0.000000,0.000014,1.395874,71639.683392,0.000000,0.034480,0.249091,0.786077,0.001074,0.000000,0.000000,100000
50000,CLV,false,0,true,false,true,WR,0,false,100000,0,SPECIFIED,0.1,16,false,0.1,true,false,1024*1024*10,2,YCSB,false,0.9,941,0,0,0.000000,0.000000,0.000000,0.000000,0.000000,0.000000,0.000000,0.000000,0.000000,0.127043,-nan,0.000000,0.000000,0.000031,6.170185,64603.251932,0.027368,0.296070,1.146028,3.886364,0.077707,0.000000,0.000076,199307
50000,CLV,false,0,true,false,true,WR,0,false,100000,0,SPECIFIED,0.1,16,false,0.1,true,false,1024*1024*10,4,YCSB,false,0.9,12103,0,0,0.000000,0.000000,0.000000,0.000000,0.000000,0.000000,0.000000,0.000000,0.000000,0.519666,-nan,0.000000,0.000000,0.000026,10.073026,148617.104232,0.342832,0.847077,1.284279,5.762894,0.946769,0.000000,0.000679,374256
50000,CLV,false,0,true,false,true,WR,0,false,100000,0,SPECIFIED,0.5,16,false,0.1,true,false,1024*1024*10,1,YCSB,false,0.9,0,0,0,0.000000,0.000000,0.000000,0.000000,0.000000,0.000000,0.000000,0.000000,0.000000,0.001085,-nan,0.000000,0.000000,0.000014,1.358366,73617.851163,0.000000,0.035046,0.247317,0.756685,0.001021,0.000000,0.000000,100000
50000,CLV,false,0,true,false,true,WR,0,false,100000,0,SPECIFIED,0.5,16,false,0.1,true,false,1024*1024*10,2,YCSB,false,0.9,530,0,0,0.000000,0.000000,0.000000,0.000000,0.000000,0.000000,0.000000,0.000000,0.000000,0.085528,-nan,0.000000,0.000000,0.000031,5.701464,64634.627108,0.014362,0.246255,1.054907,3.668534,0.043704,0.000000,0.000041,184256
50000,CLV,false,0,true,false,true,WR,0,false,100000,0,SPECIFIED,0.5,16,false,0.1,true,false,1024*1024*10,4,YCSB,false,0.9,8162,0,0,0.000000,0.000000,0.000000,0.000000,0.000000,0.000000,0.000000,0.000000,0.000000,0.442925,-nan,0.000000,0.000000,0.000030,11.509909,131142.656947,0.206468,0.825846,1.754766,7.159306,0.645888,0.000000,0.000357,377360
50000,CLV,false,0,true,false,true,WR,0,false,100000,0,SPECIFIED,0.9,16,false,0.1,true,false,1024*1024*10,1,YCSB,false,0.9,0,0,0,0.000000,0.000000,0.000000,0.000000,0.000000,0.000000,0.000000,0.000000,0.000000,0.001091,-nan,0.000000,0.000000,0.000013,1.315117,76038.849164,0.000000,0.034121,0.246203,0.619826,0.001078,0.000000,0.000000,100000
50000,CLV,false,0,true,false,true,WR,0,false,100000,0,SPECIFIED,0.9,16,false,0.1,true,false,1024*1024*10,2,YCSB,false,0.9,38,0,0,0.000000,0.000000,0.000000,0.000000,0.000000,0.000000,0.000000,0.000000,0.000000,0.019356,-nan,0.000000,0.000000,0.000021,4.271062,93620.749994,0.000855,0.169727,0.577692,2.765443,0.005399,0.000000,0.000011,199930
50000,CLV,false,0,true,false,true,WR,0,false,100000,0,SPECIFIED,0.9,16,false,0.1,true,false,1024*1024*10,4,YCSB,false,0.9,708,0,0,0.000000,0.000000,0.000000,0.000000,0.000000,0.000000,0.000000,0.000000,0.000000,0.162213,-nan,0.000000,0.000000,0.000025,9.620071,157724.820412,0.024228,0.548425,1.532894,6.266760,0.062985,0.000000,0.000107,379331
50000,CLV,false,0,true,false,true,WR,0,false,100000,0,SPECIFIED,0.9,16,false,0.1,true,false,1024*1024*10,8,YCSB,false,0.9,6387,0,0,0.000000,0.000000,0.000000,0.000000,0.000000,0.000000,0.000000,0.000000,0.000000,0.512578,-nan,0.000000,0.000000,0.000020,15.426517,391926.182514,0.108022,1.306560,1.747124,10.056885,0.510314,0.000000,0.000817,755757
50000,CLV,false,0,true,false,true,WR,0,false,100000,0,SPECIFIED,0.9,16,false,0.1,true,false,1024*1024*10,16,YCSB,false,0.9,44440,0,0,0.000000,0.000000,0.000000,0.000000,0.000000,0.000000,0.000000,0.000000,0.000000,1.705801,-nan,0.000000,0.000000,0.000019,30.300232,814451.320886,0.810392,3.720026,2.525209,17.797717,3.465026,0.000000,0.010560,1542379
50000,CLV,false,0,true,false,true,WR,0,false,100000,0,SPECIFIED,0.1,16,false,0.1,true,false,1024*1024*10,1,YCSB,false,0.5,0,0,0,0.000000,0.000000,0.000000,0.000000,0.000000,0.000000,0.000000,0.000000,0.000000,0.001079,-nan,0.000000,0.000000,0.000021,2.081208,48049.016947,0.000000,0.037421,0.318480,1.236223,0.001050,0.000000,0.000000,100000
50000,CLV,false,0,true,false,true,WR,0,false,100000,0,SPECIFIED,0.1,16,false,0.1,true,false,1024*1024*10,2,YCSB,false,0.5,0,0,0,0.000000,0.000000,0.000000,0.000000,0.000000,0.000000,0.000000,0.000000,0.000000,0.002150,-nan,0.000000,0.000000,0.000042,7.713904,47977.260574,0.000000,0.096504,1.333249,5.034995,0.002152,0.000000,0.000000,185046
50000,CLV,false,0,true,false,true,WR,0,false,100000,0,SPECIFIED,0.1,16,false,0.1,true,false,1024*1024*10,4,YCSB,false,0.5,0,0,0,0.000000,0.000000,0.000000,0.000000,0.000000,0.000000,0.000000,0.000000,0.000000,0.004749,-nan,0.000000,0.000000,0.000032,12.277900,126454.524744,0.000000,0.196668,1.973269,7.575796,0.006946,0.000000,0.000001,388149
50000,CLV,false,0,true,false,true,WR,0,false,100000,0,SPECIFIED,0.1,16,false,0.1,true,false,1024*1024*10,8,YCSB,false,0.5,0,0,0,0.000000,0.000000,0.000000,0.000000,0.000000,0.000000,0.000000,0.000000,0.000000,0.009057,-nan,0.000000,0.000000,0.000021,15.328055,385054.978868,0.000000,0.357007,1.683686,9.120603,0.008592,0.000000,0.000002,737768
50000,CLV,false,0,true,false,true,WR,0,false,100000,0,SPECIFIED,0.1,16,false,0.1,true,false,1024*1024*10,16,YCSB,false,0.5,0,0,0,0.000000,0.000000,0.000000,0.000000,0.000000,0.000000,0.000000,0.000000,0.000000,0.034238,-nan,0.000000,0.000000,0.000022,33.873546,726021.174096,0.000000,0.795101,3.711257,20.053375,0.019344,0.000000,0.000010,1537057
50000,CLV,false,0,true,false,true,WR,0,false,100000,0,SPECIFIED,0.1,16,false,0.1,true,false,1024*1024*10,32,YCSB,false,0.5,7,0,0,0.000000,0.000000,0.000000,0.000000,0.000000,0.000000,0.000000,0.000000,0.000000,0.051561,-nan,0.000000,0.000000,0.000024,63.998422,1354704.909775,0.000101,1.696186,6.658600,36.609491,0.033256,0.000000,0.000051,2709343
50000,CLV,false,0,true,false,true,WR,0,false,100000,0,SPECIFIED,0.5,16,false,0.1,true,false,1024*1024*10,1,YCSB,false,0.5,0,0,0,0.000000,0.000000,0.000000,0.000000,0.000000,0.000000,0.000000,0.000000,0.000000,0.001081,-nan,0.000000,0.000000,0.000020,2.007052,49824.323968,0.000000,0.034841,0.314664,1.156669,0.001044,0.000000,0.000000,100000
50000,CLV,false,0,true,false,true,WR,0,false,100000,0,SPECIFIED,0.5,16,false,0.1,true,false,1024*1024*10,2,YCSB,false,0.5,0,0,0,0.000000,0.000000,0.000000,0.000000,0.000000,0.000000,0.000000,0.000000,0.000000,0.002204,-nan,0.000000,0.000000,0.000030,6.014226,65952.622496,0.000000,0.109744,0.967509,3.809143,0.002165,0.000000,0.000000,198327
50000,CLV,false,0,true,false,true,WR,0,false,100000,0,SPECIFIED,0.5,16,false,0.1,true,false,1024*1024*10,4,YCSB,false,0.5,0,0,0,0.000000,0.000000,0.000000,0.000000,0.000000,0.000000,0.000000,0.000000,0.000000,0.004515,-nan,0.000000,0.000000,0.000031,11.206347,128189.857555,0.000000,0.232904,1.675149,6.991231,0.008034,0.000000,0.000000,359135
50000,CLV,false,0,true,false,true,WR,0,false,100000,0,SPECIFIED,0.5,16,false,0.1,true,false,1024*1024*10,8,YCSB,false,0.5,0,0,0,0.000000,0.000000,0.000000,0.000000,0.000000,0.000000,0.000000,0.000000,0.000000,0.022499,-nan,0.000000,0.000000,0.000025,18.701025,323893.255884,0.000000,0.468028,2.481643,11.372375,0.009328,0.000000,0.000002,757142
50000,CLV,false,0,true,false,true,WR,0,false,100000,0,SPECIFIED,0.5,16,false,0.1,true,false,1024*1024*10,16,YCSB,false,0.5,0,0,0,0.000000,0.000000,0.000000,0.000000,0.000000,0.000000,0.000000,0.000000,0.000000,0.028153,-nan,0.000000,0.000000,0.000021,31.622070,769340.146953,0.000000,0.922033,3.526851,18.427192,0.019523,0.000000,0.000005,1520508
50000,CLV,false,0,true,false,true,WR,0,false,100000,0,SPECIFIED,0.5,16,false,0.1,true,false,1024*1024*10,32,YCSB,false,0.5,5,0,0,0.000000,0.000000,0.000000,0.000000,0.000000,0.000000,0.000000,0.000000,0.000000,0.056569,-nan,0.000000,0.000000,0.000016,49.336240,2002483.519080,0.000061,2.368359,3.536618,25.423426,0.034291,0.000000,0.000025,3087344
50000,CLV,false,0,true,false,true,WR,0,false,100000,0,SPECIFIED,0.9,16,false,0.1,true,false,1024*1024*10,1,YCSB,false,0.5,0,0,0,0.000000,0.000000,0.000000,0.000000,0.000000,0.000000,0.000000,0.000000,0.000000,0.001090,-nan,0.000000,0.000000,0.000019,1.932249,51753.157408,0.000000,0.035575,0.312302,0.972252,0.001057,0.000000,0.000000,100000
50000,CLV,false,0,true,false,true,WR,0,false,100000,0,SPECIFIED,0.9,16,false,0.1,true,false,1024*1024*10,2,YCSB,false,0.5,0,0,0,0.000000,0.000000,0.000000,0.000000,0.000000,0.000000,0.000000,0.000000,0.000000,0.005277,-nan,0.000000,0.000000,0.000037,7.044216,54102.262610,0.000000,0.102634,1.211456,4.563084,0.002118,0.000000,0.000000,190554
50000,CLV,false,0,true,false,true,WR,0,false,100000,0,SPECIFIED,0.9,16,false,0.1,true,false,1024*1024*10,4,YCSB,false,0.5,0,0,0,0.000000,0.000000,0.000000,0.000000,0.000000,0.000000,0.000000,0.000000,0.000000,0.004373,-nan,0.000000,0.000000,0.000029,10.945442,138242.388545,0.000000,0.191377,1.730219,6.780866,0.006076,0.000000,0.000000,378281
50000,CLV,false,0,true,false,true,WR,0,false,100000,0,SPECIFIED,0.9,16,false,0.1,true,false,1024*1024*10,8,YCSB,false,0.5,0,0,0,0.000000,0.000000,0.000000,0.000000,0.000000,0.000000,0.000000,0.000000,0.000000,0.009090,-nan,0.000000,0.000000,0.000022,17.144847,366331.877450,0.000000,0.377056,1.743685,10.621112,0.009058,0.000000,0.000000,785088
50000,CLV,false,0,true,false,true,WR,0,false,100000,0,SPECIFIED,0.9,16,false,0.1,true,false,1024*1024*10,16,YCSB,false,0.5,0,0,0,0.000000,0.000000,0.000000,0.000000,0.000000,0.000000,0.000000,0.000000,0.000000,0.018456,-nan,0.000000,0.000000,0.000022,33.325350,737893.530548,0.000000,0.748543,3.888316,20.241200,0.018179,0.000000,0.000001,1536910
50000,CLV,false,0,true,false,true,WR,0,false,100000,0,SPECIFIED,0.9,16,false,0.1,true,false,1024*1024*10,32,YCSB,false,0.5,0,0,0,0.000000,0.000000,0.000000,0.000000,0.000000,0.000000,0.000000,0.000000,0.000000,0.106820,-nan,0.000000,0.000000,0.000021,63.469571,1493252.506709,0.000000,1.919847,6.583306,38.881563,0.036634,0.000000,0.000014,2961753
50000,CLV,false,0,true,false,true,WR,0,false,100000,0,SPECIFIED,0.1,16,false,0.1,true,false,1024*1024*10,1,YCSB,false,0.9,0,0,0,0.000000,0.000000,0.000000,0.000000,0.000000,0.000000,0.000000,0.000000,0.000000,0.001080,-nan,0.000000,0.000000,0.000014,1.394472,71711.707022,0.000000,0.034561,0.246388,0.789335,0.001073,0.000000,0.000000,100000
50000,CLV,false,0,true,false,true,WR,0,false,100000,0,SPECIFIED,0.1,16,false,0.1,true,false,1024*1024*10,2,YCSB,false,0.9,949,0,0,0.000000,0.000000,0.000000,0.000000,0.000000,0.000000,0.000000,0.000000,0.000000,0.125191,-nan,0.000000,0.000000,0.000033,6.510165,59984.962403,0.031201,0.292236,1.272961,4.111146,0.076925,0.000000,0.000095,195256
50000,CLV,false,0,true,false,true,WR,0,false,100000,0,SPECIFIED,0.1,16,false,0.1,true,false,1024*1024*10,4,YCSB,false,0.9,12846,0,0,0.000000,0.000000,0.000000,0.000000,0.000000,0.000000,0.000000,0.000000,0.000000,0.480998,-nan,0.000000,0.000000,0.000028,10.871735,141085.112605,0.306673,0.833902,1.395112,6.231125,1.003194,0.000000,0.000668,383460
50000,CLV,false,0,true,false,true,WR,0,false,100000,0,SPECIFIED,0.1,16,false,0.1,true,false,1024*1024*10,8,YCSB,false,0.9,71143,0,0,0.000000,0.000000,0.000000,0.000000,0.000000,0.000000,0.000000,0.000000,0.000000,1.342710,-nan,0.000000,0.000000,0.000028,22.970287,265565.682413,1.812221,2.152772,1.844166,10.854770,5.503273,0.000000,0.003622,762515
50000,CLV,false,0,true,false,true,WR,0,false,100000,0,SPECIFIED,0.5,16,false,0.1,true,false,1024*1024*10,1,YCSB,false,0.9,0,0,0,0.000000,0.000000,0.000000,0.000000,0.000000,0.000000,0.000000,0.000000,0.000000,0.001081,-nan,0.000000,0.000000,0.000014,1.351010,74018.702218,0.000000,0.036604,0.246873,0.748234,0.001068,0.000000,0.000000,100000
50000,CLV,false,0,true,false,true,WR,0,false,100000,0,SPECIFIED,0.5,16,false,0.1,true,false,1024*1024*10,2,YCSB,false,0.9,555,0,0,0.000000,0.000000,0.000000,0.000000,0.000000,0.000000,0.000000,0.000000,0.000000,0.081768,-nan,0.000000,0.000000,0.000031,5.939932,64381.205998,0.014507,0.258129,1.099614,3.812624,0.045714,0.000000,0.000051,191210
50000,CLV,false,0,true,false,true,WR,0,false,100000,0,SPECIFIED,0.5,16,false,0.1,true,false,1024*1024*10,4,YCSB,false,0.9,8317,0,0,0.000000,0.000000,0.000000,0.000000,0.000000,0.000000,0.000000,0.000000,0.000000,0.413784,-nan,0.000000,0.000000,0.000026,10.589107,148582.117058,0.190257,0.761970,1.619893,6.369436,0.651673,0.000000,0.000295,393338
50000,CLV,false,0,true,false,true,WR,0,false,100000,0,SPECIFIED,0.9,16,false,0.1,true,false,1024*1024*10,1,YCSB,false,0.9,0,0,0,0.000000,0.000000,0.000000,0.000000,0.000000,0.000000,0.000000,0.000000,0.000000,0.001087,-nan,0.000000,0.000000,0.000013,1.293572,77305.325892,0.000000,0.034363,0.242022,0.611219,0.001057,0.000000,0.000000,100000
50000,CLV,false,0,true,false,true,WR,0,false,100000,0,SPECIFIED,0.9,16,false,0.1,true,false,1024*1024*10,2,YCSB,false,0.9,36,0,0,0.000000,0.000000,0.000000,0.000000,0.000000,0.000000,0.000000,0.000000,0.000000,0.044740,-nan,0.000000,0.000000,0.000032,6.301030,62743.397457,0.000975,0.208776,1.310750,4.060161,0.005182,0.000000,0.000012,197674
50000,CLV,false,0,true,false,true,WR,0,false,100000,0,SPECIFIED,0.9,16,false,0.1,true,false,1024*1024*10,4,YCSB,false,0.9,696,0,0,0.000000,0.000000,0.000000,0.000000,0.000000,0.000000,0.000000,0.000000,0.000000,0.148759,-nan,0.000000,0.000000,0.000023,8.600067,172210.295720,0.013040,0.494019,1.436940,5.477313,0.063816,0.000000,0.000122,370255
50000,CLV,false,0,true,false,true,WR,0,false,100000,0,SPECIFIED,0.9,16,false,0.1,true,false,1024*1024*10,8,YCSB,false,0.9,6345,0,0,0.000000,0.000000,0.000000,0.000000,0.000000,0.000000,0.000000,0.000000,0.000000,0.405308,-nan,0.000000,0.000000,0.000017,13.189920,455207.615778,0.096909,1.127817,1.647430,8.169584,0.503985,0.000000,0.000799,750519
50000,CLV,false,0,true,false,true,WR,0,false,100000,0,SPECIFIED,0.1,16,false,0.1,true,false,1024*1024*10,1,YCSB,false,0.5,0,0,0,0.000000,0.000000,0.000000,0.000000,0.000000,0.000000,0.000000,0.000000,0.000000,0.001077,-nan,0.000000,0.000000,0.000021,2.078538,48110.728011,0.000000,0.035868,0.320336,1.238090,0.001055,0.000000,0.000000,100000
50000,CLV,false,0,true,false,true,WR,0,false,100000,0,SPECIFIED,0.1,16,false,0.1,true,false,1024*1024*10,2,YCSB,false,0.5,0,0,0,0.000000,0.000000,0.000000,0.000000,0.000000,0.000000,0.000000,0.000000,0.000000,0.002276,-nan,0.000000,0.000000,0.000044,8.215981,45073.373651,0.000000,0.103541,1.500882,5.395937,0.002180,0.000000,0.000000,185161
50000,CLV,false,0,true,false,true,WR,0,false,100000,0,SPECIFIED,0.1,16,false,0.1,true,false,1024*1024*10,4,YCSB,false,0.5,0,0,0,0.000000,0.000000,0.000000,0.000000,0.000000,0.000000,0.000000,0.000000,0.000000,0.004729,-nan,0.000000,0.000000,0.000031,11.143491,130281.253388,0.000000,0.198348,1.641199,6.821775,0.008078,0.000000,0.000000,362947
50000,CLV,false,0,true,false,true,WR,0,false,100000,0,SPECIFIED,0.1,16,false,0.1,true,false,1024*1024*10,8,YCSB,false,0.5,0,0,0,0.000000,0.000000,0.000000,0.000000,0.000000,0.000000,0.000000,0.000000,0.000000,0.015753,-nan,0.000000,0.000000,0.000026,19.704768,309242.520169,0.000000,0.404195,2.598392,11.758064,0.009669,0.000000,0.000008,761694
50000,CLV,false,0,true,false,true,WR,0,false,100000,0,SPECIFIED,0.1,16,false,0.1,true,false,1024*1024*10,16,YCSB,false,0.5,1,0,0,0.000000,0.000000,0.000000,0.000000,0.000000,0.000000,0.000000,0.000000,0.000000,0.023851,-nan,0.000000,0.000000,0.000021,32.283282,753486.717229,0.000064,0.775764,3.264967,19.252143,0.018800,0.000000,0.000012,1520314
50000,CLV,false,0,true,false,true,WR,0,false,100000,0,SPECIFIED,0.1,16,false,0.1,true,false,1024*1024*10,32,YCSB,false,0.5,3,0,0,0.000000,0.000000,0.000000,0.000000,0.000000,0.000000,0.000000,0.000000,0.000000,0.050427,-nan,0.000000,0.000000,0.000019,55.852541,1653890.455518,0.000050,1.480806,5.185232,31.693267,0.035548,0.000000,0.000063,2886687
50000,CLV,false,0,true,false,true,WR,0,false,100000,0,SPECIFIED,0.5,16,false,0.1,true,false,1024*1024*10,1,YCSB,false,0.5,0,0,0,0.000000,0.000000,0.000000,0.000000,0.000000,0.000000,0.000000,0.000000,0.000000,0.001082,-nan,0.000000,0.000000,0.000020,2.019296,49522.216587,0.000000,0.035701,0.314123,1.166631,0.001067,0.000000,0.000000,100000
50000,CLV,false,0,true,false,true,WR,0,false,100000,0,SPECIFIED,0.5,16,false,0.1,true,false,1024*1024*10,2,YCSB,false,0.5,0,0,0,0.000000,0.000000,0.000000,0.000000,0.000000,0.000000,0.000000,0.000000,0.000000,0.002044,-nan,0.000000,0.000000,0.000038,6.882733,52566.621470,0.000000,0.107746,1.119219,4.494976,0.002092,0.000000,0.000000,180901
50000,CLV,false,0,true,false,true,WR,0,false,100000,0,SPECIFIED,0.5,16,false,0.1,true,false,1024*1024*10,4,YCSB,false,0.5,0,0,0,0.000000,0.000000,0.000000,0.000000,0.000000,0.000000,0.000000,0.000000,0.000000,0.004652,-nan,0.000000,0.000000,0.000033,12.683291,119630.778598,0.000000,0.228268,2.121191,8.047054,0.006904,0.000000,0.000001,379328
50000,CLV,false,0,true,false,true,WR,0,false,100000,0,SPECIFIED,0.5,16,false,0.1,true,false,1024*1024*10,8,YCSB,false,0.5,0,0,0,0.000000,0.000000,0.000000,0.000000,0.000000,0.000000,0.000000,0.000000,0.000000,0.017517,-nan,0.000000,0.000000,0.000024,18.147930,328360.090089,0.000000,0.440656,2.372207,11.064727,0.008991,0.000000,0.000001,744882
50000,CLV,false,0,true,false,true,WR,0,false,100000,0,SPECIFIED,0.5,16,false,0.1,true,false,1024*1024*10,16,YCSB,false,0.5,0,0,0,0.000000,0.000000,0.000000,0.000000,0.000000,0.000000,0.000000,0.000000,0.000000,0.019379,-nan,0.000000,0.000000,0.000020,29.842469,816631.093174,0.000000,0.860730,2.910833,17.567992,0.018099,0.000000,0.000011,1523143
50000,CLV,false,0,true,false,true,WR,0,false,100000,0,SPECIFIED,0.5,16,false,0.1,true,false,1024*1024*10,32,YCSB,false,0.5,4,0,0,0.000000,0.000000,0.000000,0.000000,0.000000,0.000000,0.000000,0.000000,0.000000,0.135177,-nan,0.000000,0.000000,0.000022,68.076092,1433024.674046,0.000046,2.163415,7.010591,41.484618,0.038549,0.000000,0.000035,3048585
50000,CLV,false,0,true,false,true,WR,0,false,100000,0,SPECIFIED,0.9,16,false,0.1,true,false,1024*1024*10,1,YCSB,false,0.5,0,0,0,0.000000,0.000000,0.000000,0.000000,0.000000,0.000000,0.000000,0.000000,0.000000,0.001090,-nan,0.000000,0.000000,0.000019,1.942685,51475.145879,0.000000,0.035687,0.314181,0.974628,0.001061,0.000000,0.000000,100000
50000,CLV,false,0,true,false,true,WR,0,false,100000,0,SPECIFIED,0.9,16,false,0.1,true,false,1024*1024*10,2,YCSB,false,0.5,0,0,0,0.000000,0.000000,0.000000,0.000000,0.000000,0.000000,0.000000,0.000000,0.000000,0.002244,-nan,0.000000,0.000000,0.000041,8.134640,48777.329760,0.000000,0.103617,1.424864,5.368921,0.002263,0.000000,0.000000,198393
50000,CLV,false,0,true,false,true,WR,0,false,100000,0,SPECIFIED,0.9,16,false,0.1,true,false,1024*1024*10,4,YCSB,false,0.5,0,0,0,0.000000,0.000000,0.000000,0.000000,0.000000,0.000000,0.000000,0.000000,0.000000,0.004770,-nan,0.000000,0.000000,0.000031,12.151900,127068.852364,0.000000,0.213152,1.667163,7.787190,0.009002,0.000000,0.000000,386032
50000,CLV,false,0,true,false,true,WR,0,false,100000,0,SPECIFIED,0.9,16,false,0.1,true,false,1024*1024*10,8,YCSB,false,0.5,0,0,0,0.000000,0.000000,0.000000,0.000000,0.000000,0.000000,0.000000,0.000000,0.000000,0.009075,-nan,0.000000,0.000000,0.000022,16.499745,359771.384434,0.000000,0.379715,2.222726,9.670947,0.009064,0.000000,0.000001,742017
50000,CLV,false,0,true,false,true,WR,0,false,100000,0,SPECIFIED,0.9,16,false,0.1,true,false,1024*1024*10,16,YCSB,false,0.5,0,0,0,0.000000,0.000000,0.000000,0.000000,0.000000,0.000000,0.000000,0.000000,0.000000,0.017427,-nan,0.000000,0.000000,0.000017,25.369087,952249.960486,0.000000,0.701407,2.242738,14.710709,0.017068,0.000000,0.000000,1509857
50000,CLV,false,0,true,false,true,WR,0,false,100000,0,SPECIFIED,0.9,16,false,0.1,true,false,1024*1024*10,32,YCSB,false,0.5,0,0,0,0.000000,0.000000,0.000000,0.000000,0.000000,0.000000,0.000000,0.000000,0.000000,0.037165,-nan,0.000000,0.000000,0.000021,64.289765,1508478.737970,0.000000,1.732055,7.173126,38.918512,0.036065,0.000000,0.000010,3030617
50000,CLV,false,0,true,false,true,WR,0,false,100000,0,SPECIFIED,0.1,16,false,0.1,true,false,1024*1024*10,1,YCSB,false,0.9,0,0,0,0.000000,0.000000,0.000000,0.000000,0.000000,0.000000,0.000000,0.000000,0.000000,0.001083,-nan,0.000000,0.000000,0.000014,1.391438,71868.078558,0.000000,0.034394,0.248583,0.786275,0.001069,0.000000,0.000000,100000
50000,CLV,false,0,true,false,true,WR,0,false,100000,0,SPECIFIED,0.1,16,false,0.1,true,false,1024*1024*10,2,YCSB,false,0.9,923,0,0,0.000000,0.000000,0.000000,0.000000,0.000000,0.000000,0.000000,0.000000,0.000000,0.119513,-nan,0.000000,0.000000,0.000033,6.153576,60733.461551,0.026934,0.287041,1.166053,3.867088,0.074166,0.000000,0.002381,186864
50000,CLV,false,0,true,false,true,WR,0,false,100000,0,SPECIFIED,0.1,16,false,0.1,true,false,1024*1024*10,4,YCSB,false,0.9,12582,0,0,0.000000,0.000000,0.000000,0.000000,0.000000,0.000000,0.000000,0.000000,0.000000,0.533977,-nan,0.000000,0.000000,0.000029,11.184494,136032.616897,0.327161,0.869458,1.751070,6.349717,0.982244,0.000000,0.000572,380364
50000,CLV,false,0,true,false,true,WR,0,false,100000,0,SPECIFIED,0.1,16,false,0.1,true,false,1024*1024*10,8,YCSB,false,0.9,69670,0,0,0.000000,0.000000,0.000000,0.000000,0.000000,0.000000,0.000000,0.000000,0.000000,1.366331,-nan,0.000000,0.000000,0.000025,20.742532,301562.412252,1.579205,2.014586,1.747135,9.119538,5.376809,0.000000,0.001812,781896
50000,CLV,false,0,true,false,true,WR,0,false,100000,0,SPECIFIED,0.5,16,false,0.1,true,false,1024*1024*10,1,YCSB,false,0.9,0,0,0,0.000000,0.000000,0.000000,0.000000,0.000000,0.000000,0.000000,0.000000,0.000000,0.001081,-nan,0.000000,0.000000,0.000014,1.360430,73506.187431,0.000000,0.034338,0.247968,0.748872,0.001070,0.000000,0.000000,100000
50000,CLV,false,0,true,false,true,WR,0,false,100000,0,SPECIFIED,0.5,16,false,0.1,true,false,1024*1024*10,2,YCSB,false,0.9,576,0,0,0.000000,0.000000,0.000000,0.000000,0.000000,0.000000,0.000000,0.000000,0.000000,0.051281,-nan,0.000000,0.000000,0.000024,4.756663,83034.267804,0.011502,0.238677,0.782531,2.993166,0.047654,0.000000,0.000074,197483
50000,CLV,false,0,true,false,true,WR,0,false,100000,0,SPECIFIED,0.5,16,false,0.1,true,false,1024*1024*10,4,YCSB,false,0.9,7868,0,0,0.000000,0.000000,0.000000,0.000000,0.000000,0.000000,0.000000,0.000000,0.000000,0.459503,-nan,0.000000,0.000000,0.000029,10.961164,135016.678088,0.206351,0.810746,1.652202,6.750697,0.619281,0.000000,0.000270,369985
50000,CLV,false,0,true,false,true,WR,0,false,100000,0,SPECIFIED,0.9,16,false,0.1,true,false,1024*1024*10,1,YCSB,false,0.9,0,0,0,0.000000,0.000000,0.000000,0.000000,0.000000,0.000000,0.000000,0.000000,0.000000,0.001091,-nan,0.000000,0.000000,0.000013,1.304198,76675.499050,0.000000,0.034331,0.246637,0.613864,0.001074,0.000000,0.000000,100000
50000,CLV,false,0,true,false,true,WR,0,false,100000,0,SPECIFIED,0.9,16,false,0.1,true,false,1024*1024*10,2,YCSB,false,0.9,42,0,0,0.000000,0.000000,0.000000,0.000000,0.000000,0.000000,0.000000,0.000000,0.000000,0.035622,-nan,0.000000,0.000000,0.000030,5.498204,67648.997546,0.001026,0.198825,1.046506,3.558191,0.005633,0.000000,0.000016,185974
50000,CLV,false,0,true,false,true,WR,0,false,100000,0,SPECIFIED,0.9,16,false,0.1,true,false,1024*1024*10,4,YCSB,false,0.9,725,0,0,0.000000,0.000000,0.000000,0.000000,0.000000,0.000000,0.000000,0.000000,0.000000,0.167371,-nan,0.000000,0.000000,0.000024,9.112064,163544.935865,0.015824,0.518385,1.605560,5.820069,0.063793,0.000000,0.000100,372558
50000,CLV,false,0,true,false,true,WR,0,false,100000,0,SPECIFIED,0.9,16,false,0.1,true,false,1024*1024*10,8,YCSB,false,0.9,6119,0,0,0.000000,0.000000,0.000000,0.000000,0.000000,0.000000,0.000000,0.000000,0.000000,0.464162,-nan,0.000000,0.000000,0.000021,15.336835,383391.225196,0.108739,1.257108,2.214207,9.524694,0.487209,0.000000,0.000891,735001
