ABORT_PENALTY,BB_ALWAYS_RETIRE_READ,BB_AUTORETIRE,BB_DYNAMIC_TS,BB_LAST_RETIRE,BB_OPT_RAW,BB_PRECOMMIT,CC_ALG,COMPILE_ONLY,CPU_FREQ,LATCH,LONG_TXN_RATIO,LONG_TXN_READ_RATIO,MAX_ROW_PER_TXN,MAX_RUNTIME,MAX_TXN_PER_PART,NDEBUG,OUTPUT_TO_FILE,PF_ABORT,PF_BASIC,PF_CS,READ_PERC,REQ_PER_QUERY,SYNTHETIC_YCSB,SYNTH_TABLE_SIZE,TERMINATE_BY_COUNT,THREAD_CNT,UNSET_NUMA,WARMUP,WORKLOAD,WW_STARV_FREE,ZIPF_THETA,abort_cnt,abort_cnt_long,abort_length,cascading_abort_times,commit_latency,cycle_detect,deadlock_cnt,dl_detect_time,dl_wait_time,latency,max_abort_length,run_time,throughput,time_abort,time_cleanup,time_commit,time_copy,time_get_cs,time_get_latch,time_index,time_man,time_query,time_release_cs,time_release_latch,time_retire_cs,time_retire_latch,time_semaphore_cs,time_ts_alloc,time_wait,txn_cnt,txn_cnt_long,user_abort_cnt,wait_cnt
50000,TRUE,FALSE,TRUE,0,TRUE,FALSE,BAMBOO,FALSE,2.8,LH_MCSLOCK,0.05,1,1000,10,100000,TRUE,TRUE,FALSE,TRUE,FALSE,0.5,16,FALSE,100000000,FALSE,8,FALSE,100,YCSB,FALSE,0.9,10050,910,0,0,134709,0,0,0,0,136008,0,88.7966,70780.5,1.01876,36.0776,30.5762,0,0,0,1.06725,63.9772,0.818085,0,0,0,0,0,0,0.00376457,785634,39141,0,3420
50000,TRUE,FALSE,TRUE,0,TRUE,FALSE,SILO,FALSE,2.8,LH_MCSLOCK,0.05,1,1000,10,100000,TRUE,TRUE,FALSE,TRUE,FALSE,0.5,16,FALSE,100000000,FALSE,8,FALSE,100,YCSB,FALSE,0.9,205409,194918,0,0,32591,0,0,0,0,161331,0,103.928,57952.4,96.8577,5.07062,0,0,0,0,0.975185,7.30714,16.2497,0,0,0,0,0,0,0,752863,37514,0,0
50000,TRUE,FALSE,TRUE,0,TRUE,FALSE,WOUND_WAIT,FALSE,2.8,LH_MCSLOCK,0.05,1,1000,10,100000,TRUE,TRUE,FALSE,TRUE,FALSE,0.5,16,FALSE,100000000,FALSE,8,FALSE,100,YCSB,FALSE,0.9,45464,283,0,0,131505,0,0,0,0,137573,0,90.3995,69710.3,4.77293,4.31148,0,0,0,0,1.08795,29.2346,3.60225,0,0,0,0,0,154792866,30.8901,787722,39221,0,182498
50000,TRUE,FALSE,TRUE,0,TRUE,FALSE,NO_WAIT,FALSE,2.8,LH_MCSLOCK,0.05,1,1000,10,100000,TRUE,TRUE,FALSE,TRUE,FALSE,0.5,16,FALSE,100000000,FALSE,8,FALSE,100,YCSB,FALSE,0.9,702768,3600,0,0,114840,0,0,0,0,176960,0,117.494,53492.7,48.7385,5.00827,0,0,0,0,1.18578,33.5912,55.0104,0,0,0,0,0,0,0,785633,39183,0,0
50000,TRUE,FALSE,TRUE,0,TRUE,FALSE,BAMBOO,FALSE,2.8,LH_MCSLOCK,0.05,1,1000,10,100000,TRUE,TRUE,FALSE,TRUE,FALSE,0.5,16,FALSE,100000000,FALSE,4,FALSE,100,YCSB,FALSE,0.9,1821,493,0,0,112637,0,0,0,0,114098,0,36.2815,43541,0.576488,10.8526,8.37289,0,0,0,0.500426,24.3113,0.154397,0,0,0,0,0,0,0.000535096,394934,19808,0,464
50000,TRUE,FALSE,TRUE,0,TRUE,FALSE,SILO,FALSE,2.8,LH_MCSLOCK,0.05,1,1000,10,100000,TRUE,TRUE,FALSE,TRUE,FALSE,0.5,16,FALSE,100000000,FALSE,4,FALSE,100,YCSB,FALSE,0.9,47782,46486,0,0,31917,0,0,0,0,117418,0,37.432,42205.3,33.7548,2.0499,0,0,0,0,0.502682,3.69026,3.78176,0,0,0,0,0,0,0,394957,19822,0,0
50000,TRUE,FALSE,TRUE,0,TRUE,FALSE,WOUND_WAIT,FALSE,2.8,LH_MCSLOCK,0.05,1,1000,10,100000,TRUE,TRUE,FALSE,TRUE,FALSE,0.5,16,FALSE,100000000,FALSE,4,FALSE,100,YCSB,FALSE,0.9,10778,20,0,0,107354,0,0,0,0,109208,0,34.2776,46173,0.731754,1.97207,0,0,0,0,0.54196,14.2141,0.860328,0,0,0,0,0,74097834,7.31184,395675,19837,0,46536
50000,TRUE,FALSE,TRUE,0,TRUE,FALSE,NO_WAIT,FALSE,2.8,LH_MCSLOCK,0.05,1,1000,10,100000,TRUE,TRUE,FALSE,TRUE,FALSE,0.5,16,FALSE,100000000,FALSE,4,FALSE,100,YCSB,FALSE,0.9,151322,863,0,0,96978,0,0,0,0,121565,0,38.4554,41131.8,9.70855,2.05014,0,0,0,0,0.537672,14.5453,11.7993,0,0,0,0,0,0,0,395435,19855,0,0
50000,TRUE,FALSE,TRUE,0,TRUE,FALSE,BAMBOO,FALSE,2.8,LH_MCSLOCK,0.05,1,1000,10,100000,TRUE,TRUE,FALSE,TRUE,FALSE,0.5,16,FALSE,100000000,FALSE,2,FALSE,100,YCSB,FALSE,0.9,71,9,0,0,125311,0,0,0,0,125360,0,20.2951,19486.8,0.00966374,3.78675,2.67244,0,0,0,0.277272,13.3938,0.0103788,0,0,0,0,0,0,0.000122264,197744,9905,0,83
50000,TRUE,FALSE,TRUE,0,TRUE,FALSE,SILO,FALSE,2.8,LH_MCSLOCK,0.05,1,1000,10,100000,TRUE,TRUE,FALSE,TRUE,FALSE,0.5,16,FALSE,100000000,FALSE,2,FALSE,100,YCSB,FALSE,0.9,10609,10603,0,0,47643,0,0,0,0,120153,0,19.376,20474.7,14.3804,0.885767,0,0,0,0,0.241246,2.59683,0.844344,0,0,0,0,0,0,0,198359,9957,0,0
50000,TRUE,FALSE,TRUE,0,TRUE,FALSE,WOUND_WAIT,FALSE,2.8,LH_MCSLOCK,0.05,1,1000,10,100000,TRUE,TRUE,FALSE,TRUE,FALSE,0.5,16,FALSE,100000000,FALSE,2,FALSE,100,YCSB,FALSE,0.9,2181,0,0,0,118553,0,0,0,0,119294,0,19.3125,20672.6,0.147604,0.907504,0,0,0,0,0.285526,9.8555,0.177774,0,0,0,0,0,42760096,2.33433,199620,9995,0,10257
50000,TRUE,FALSE,TRUE,0,TRUE,FALSE,NO_WAIT,FALSE,2.8,LH_MCSLOCK,0.05,1,1000,10,100000,TRUE,TRUE,FALSE,TRUE,FALSE,0.5,16,FALSE,100000000,FALSE,2,FALSE,100,YCSB,FALSE,0.9,37115,245,0,0,107826,0,0,0,0,119929,0,19.2538,20566.6,2.39265,0.913465,0,0,0,0,0.279513,9.62858,2.88931,0,0,0,0,0,0,0,197993,9912,0,0
50000,TRUE,FALSE,TRUE,0,TRUE,FALSE,BAMBOO,FALSE,2.8,LH_MCSLOCK,0.05,1,1000,10,100000,TRUE,TRUE,FALSE,TRUE,FALSE,0.5,16,FALSE,100000000,FALSE,1,FALSE,100,YCSB,FALSE,0.9,0,0,0,0,101809,0,0,0,0,101809,0,7.89971,12658.7,0,0.307599,0.00247928,0,0,0,0.151521,1.90521,0.0021597,0,0,0,0,0,0,0,100000,5036,0,0
50000,TRUE,FALSE,TRUE,0,TRUE,FALSE,SILO,FALSE,2.8,LH_MCSLOCK,0.05,1,1000,10,100000,TRUE,TRUE,FALSE,TRUE,FALSE,0.5,16,FALSE,100000000,FALSE,1,FALSE,100,YCSB,FALSE,0.9,0,0,0,0,114872,0,0,0,0,114872,0,9.24285,10819.2,0,0.332034,0,0,0,0,0.13651,2.0397,0.00211062,0,0,0,0,0,0,0,100000,5036,0,0
50000,TRUE,FALSE,TRUE,0,TRUE,FALSE,WOUND_WAIT,FALSE,2.8,LH_MCSLOCK,0.05,1,1000,10,100000,TRUE,TRUE,FALSE,TRUE,FALSE,0.5,16,FALSE,100000000,FALSE,1,FALSE,100,YCSB,FALSE,0.9,0,0,0,0,96998,0,0,0,0,96998,0,7.47059,13385.8,0,0.233352,0,0,0,0,0.141441,1.6763,0.00236439,0,0,0,0,0,5635296,0,100000,5036,0,0
50000,TRUE,FALSE,TRUE,0,TRUE,FALSE,NO_WAIT,FALSE,2.8,LH_MCSLOCK,0.05,1,1000,10,100000,TRUE,TRUE,FALSE,TRUE,FALSE,0.5,16,FALSE,100000000,FALSE,1,FALSE,100,YCSB,FALSE,0.9,0,0,0,0,97113,0,0,0,0,97113,0,7.48145,13366.4,0,0.221874,0,0,0,0,0.143972,1.63041,0.0020578,0,0,0,0,0,0,0,100000,5036,0,0
50000,TRUE,FALSE,TRUE,0,TRUE,FALSE,BAMBOO,FALSE,2.8,LH_MCSLOCK,0.05,1,1000,10,100000,TRUE,TRUE,FALSE,TRUE,FALSE,0.5,16,FALSE,100000000,FALSE,120,FALSE,100,YCSB,FALSE,0.9,1610566,27248,0,0,970054,0,0,0,0,976820,0,11307.7,126856,79.885,10196.1,10055.8,0,0,0,49.1598,10730,132.377,0,0,0,0,0,0,9.62442,11953713,597203,0,1748768
50000,TRUE,FALSE,TRUE,0,TRUE,FALSE,SILO,FALSE,2.8,LH_MCSLOCK,0.05,1,1000,10,100000,TRUE,TRUE,FALSE,TRUE,FALSE,0.5,16,FALSE,100000000,FALSE,120,FALSE,100,YCSB,FALSE,0.9,20356173,19946293,0,0,63359,0,0,0,0,2092385,0,15535.3,58351.5,15326.2,353.04,0,0,0,0,14.0436,145.576,1682.57,0,0,0,0,0,0,0,7554219,377133,0,0
50000,TRUE,FALSE,TRUE,0,TRUE,FALSE,WOUND_WAIT,FALSE,2.8,LH_MCSLOCK,0.05,1,1000,10,100000,TRUE,TRUE,FALSE,TRUE,FALSE,0.5,16,FALSE,100000000,FALSE,120,FALSE,100,YCSB,FALSE,0.9,15734302,1220550,0,0,2395789,0,0,0,0,4660810,0,54879.3,25927.9,26855.4,91.8828,0,0,0,0,27.6716,474.898,1271.58,0,0,0,0,0,4521076344,27084.3,11857559,592350,0,42937736
50000,TRUE,FALSE,TRUE,0,TRUE,FALSE,NO_WAIT,FALSE,2.8,LH_MCSLOCK,0.05,1,1000,10,100000,TRUE,TRUE,FALSE,TRUE,FALSE,0.5,16,FALSE,100000000,FALSE,120,FALSE,100,YCSB,FALSE,0.9,139178461,397866,0,0,147532,0,0,0,0,1138304,0,12866.5,108985,11556.7,171.207,0,0,0,0,72.6637,578.288,11372,0,0,0,0,0,0,0,11685496,583772,0,0
50000,TRUE,FALSE,TRUE,0,TRUE,FALSE,BAMBOO,FALSE,2.8,LH_MCSLOCK,0.05,1,1000,10,100000,TRUE,TRUE,FALSE,TRUE,FALSE,0.5,16,FALSE,100000000,FALSE,96,FALSE,100,YCSB,FALSE,0.9,1264302,17404,0,0,838996,0,0,0,0,844632,0,7734.95,117696,53.1474,6891.22,6787.13,0,0,0,36.2032,7292.47,100.919,0,0,0,0,0,0,6.26745,9483014,473249,0,1284214
50000,TRUE,FALSE,TRUE,0,TRUE,FALSE,SILO,FALSE,2.8,LH_MCSLOCK,0.05,1,1000,10,100000,TRUE,TRUE,FALSE,TRUE,FALSE,0.5,16,FALSE,100000000,FALSE,96,FALSE,100,YCSB,FALSE,0.9,13620632,13480254,0,0,36699,0,0,0,0,1448613,0,6516.74,67367.7,6460.97,154.163,0,0,0,0,6.25936,46.1145,1095.22,0,0,0,0,0,0,0,4573101,228065,0,0
50000,TRUE,FALSE,TRUE,0,TRUE,FALSE,WOUND_WAIT,FALSE,2.8,LH_MCSLOCK,0.05,1,1000,10,100000,TRUE,TRUE,FALSE,TRUE,FALSE,0.5,16,FALSE,100000000,FALSE,96,FALSE,100,YCSB,FALSE,0.9,10603055,817219,0,0,1951260,0,0,0,0,3596867,0,33751.4,26913.8,15570,68.7456,0,0,0,0,20.1444,369.918,833.59,0,0,0,0,0,3270424334,17447.7,9462284,472410,0,29751916
50000,TRUE,FALSE,TRUE,0,TRUE,FALSE,NO_WAIT,FALSE,2.8,LH_MCSLOCK,0.05,1,1000,10,100000,TRUE,TRUE,FALSE,TRUE,FALSE,0.5,16,FALSE,100000000,FALSE,96,FALSE,100,YCSB,FALSE,0.9,90456759,269069,0,0,143224,0,0,0,0,928949,0,8332.7,107423,7313.51,120.262,0,0,0,0,49.9253,447.025,7252.35,0,0,0,0,0,0,0,9324185,465484,0,0
50000,TRUE,FALSE,TRUE,0,TRUE,FALSE,BAMBOO,FALSE,2.8,LH_MCSLOCK,0.05,1,1000,10,100000,TRUE,TRUE,FALSE,TRUE,FALSE,0.5,16,FALSE,100000000,FALSE,64,FALSE,100,YCSB,FALSE,0.9,850537,9092,0,0,625978,0,0,0,0,630505,0,3847.92,105618,28.5648,3320.38,3258.02,0,0,0,10.7875,3565.9,67.1758,0,0,0,0,0,0,3.03385,6350139,316827,0,779548
50000,TRUE,FALSE,TRUE,0,TRUE,FALSE,SILO,FALSE,2.8,LH_MCSLOCK,0.05,1,1000,10,100000,TRUE,TRUE,FALSE,TRUE,FALSE,0.5,16,FALSE,100000000,FALSE,64,FALSE,100,YCSB,FALSE,0.9,9274986,8960744,0,0,36150,0,0,0,0,611799,0,3099.92,108942,3035.34,97.9014,0,0,0,0,6.92624,51.0738,734.309,0,0,0,0,0,0,0,5276738,262787,0,0
50000,TRUE,FALSE,TRUE,0,TRUE,FALSE,WOUND_WAIT,FALSE,2.8,LH_MCSLOCK,0.05,1,1000,10,100000,TRUE,TRUE,FALSE,TRUE,FALSE,0.5,16,FALSE,100000000,FALSE,64,FALSE,100,YCSB,FALSE,0.9,4879068,363970,0,0,1291239,0,0,0,0,2151241,0,13466.2,30096.5,5445.61,41.271,0,0,0,0,9.43867,237.25,380.312,0,0,0,0,0,1822194872,7545.01,6332601,315931,0,14727564
50000,TRUE,FALSE,TRUE,0,TRUE,FALSE,NO_WAIT,FALSE,2.8,LH_MCSLOCK,0.05,1,1000,10,100000,TRUE,TRUE,FALSE,TRUE,FALSE,0.5,16,FALSE,100000000,FALSE,64,FALSE,100,YCSB,FALSE,0.9,41406553,134284,0,0,137416,0,0,0,0,657102,0,3926.23,102509,3262.9,68.4126,0,0,0,0,24.5562,291.821,3282.92,0,0,0,0,0,0,0,6288660,313790,0,0
50000,TRUE,FALSE,TRUE,0,TRUE,FALSE,BAMBOO,FALSE,2.8,LH_MCSLOCK,0.05,1,1000,10,100000,TRUE,TRUE,FALSE,TRUE,FALSE,0.5,16,FALSE,100000000,FALSE,32,FALSE,100,YCSB,FALSE,0.9,285695,4636,0,0,296330,0,0,0,0,299135,0,874.633,116135,8.84599,634.049,606.683,0,0,0,3.9609,751.259,22.5938,0,0,0,0,0,0,0.320708,3174232,158238,0,182768
50000,TRUE,FALSE,TRUE,0,TRUE,FALSE,SILO,FALSE,2.8,LH_MCSLOCK,0.05,1,1000,10,100000,TRUE,TRUE,FALSE,TRUE,FALSE,0.5,16,FALSE,100000000,FALSE,32,FALSE,100,YCSB,FALSE,0.9,2703224,2580557,0,0,34667,0,0,0,0,361681,0,923.66,94741.8,893.291,33.5202,0,0,0,0,3.53024,26.1612,213.164,0,0,0,0,0,0,0,2734661,136227,0,0
50000,TRUE,FALSE,TRUE,0,TRUE,FALSE,WOUND_WAIT,FALSE,2.8,LH_MCSLOCK,0.05,1,1000,10,100000,TRUE,TRUE,FALSE,TRUE,FALSE,0.5,16,FALSE,100000000,FALSE,32,FALSE,100,YCSB,FALSE,0.9,988218,55692,0,0,529248,0,0,0,0,732154,0,2246.06,45166.4,643.145,19.4454,0,0,0,0,4.14167,119.159,77.1492,0,0,0,0,0,728252054,1368.05,3170208,158005,0,3675818
50000,TRUE,FALSE,TRUE,0,TRUE,FALSE,NO_WAIT,FALSE,2.8,LH_MCSLOCK,0.05,1,1000,10,100000,TRUE,TRUE,FALSE,TRUE,FALSE,0.5,16,FALSE,100000000,FALSE,32,FALSE,100,YCSB,FALSE,0.9,10705916,41205,0,0,129359,0,0,0,0,385726,0,1124.25,90083.3,810.111,27.4787,0,0,0,0,7.71543,140.972,841.76,0,0,0,0,0,0,0,3164877,157702,0,0
50000,TRUE,FALSE,TRUE,0,TRUE,FALSE,BAMBOO,FALSE,2.8,LH_MCSLOCK,0.05,1,1000,10,100000,TRUE,TRUE,FALSE,TRUE,FALSE,0.5,16,FALSE,100000000,FALSE,16,FALSE,100,YCSB,FALSE,0.9,57193,1757,0,0,174853,0,0,0,0,176172,0,241.512,104685,2.07375,131.309,119.039,0,0,0,1.99207,188.406,4.58326,0,0,0,0,0,0,0.0276765,1580164,78783,0,23387
50000,TRUE,FALSE,TRUE,0,TRUE,FALSE,SILO,FALSE,2.8,LH_MCSLOCK,0.05,1,1000,10,100000,TRUE,TRUE,FALSE,TRUE,FALSE,0.5,16,FALSE,100000000,FALSE,16,FALSE,100,YCSB,FALSE,0.9,798982,758318,0,0,33370,0,0,0,0,236120,0,311.554,75374,297.283,13.1118,0,0,0,0,1.89594,14.0942,63.0486,0,0,0,0,0,0,0,1467694,73032,0,0
50000,TRUE,FALSE,TRUE,0,TRUE,FALSE,WOUND_WAIT,FALSE,2.8,LH_MCSLOCK,0.05,1,1000,10,100000,TRUE,TRUE,FALSE,TRUE,FALSE,0.5,16,FALSE,100000000,FALSE,16,FALSE,100,YCSB,FALSE,0.9,182894,3861,0,0,202707,0,0,0,0,232049,0,328.027,76888.5,46.2375,9.30342,0,0,0,0,2.04446,59.2782,14.3717,0,0,0,0,0,315693544,168.245,1576347,78574,0,765940
50000,TRUE,FALSE,TRUE,0,TRUE,FALSE,NO_WAIT,FALSE,2.8,LH_MCSLOCK,0.05,1,1000,10,100000,TRUE,TRUE,FALSE,TRUE,FALSE,0.5,16,FALSE,100000000,FALSE,16,FALSE,100,YCSB,FALSE,0.9,2773102,12438,0,0,121085,0,0,0,0,249109,0,346.643,72535.5,200.9,11.3727,0,0,0,0,2.72353,67.7861,217.22,0,0,0,0,0,0,0,1571496,78367,0,0
50000,TRUE,FALSE,TRUE,0,TRUE,FALSE,BAMBOO,FALSE,2.8,LH_MCSLOCK,0.05,1,1000,10,100000,TRUE,TRUE,FALSE,TRUE,FALSE,0.5,16,FALSE,100000000,FALSE,8,FALSE,100,YCSB,FALSE,0.9,10014,902,0,0,135904,0,0,0,0,137226,0,89.4007,70298,1.03673,36.5665,31.0421,0,0,0,1.06238,64.5175,0.816449,0,0,0,0,0,0,0.00344784,785587,39107,0,3191
50000,TRUE,FALSE,TRUE,0,TRUE,FALSE,SILO,FALSE,2.8,LH_MCSLOCK,0.05,1,1000,10,100000,TRUE,TRUE,FALSE,TRUE,FALSE,0.5,16,FALSE,100000000,FALSE,8,FALSE,100,YCSB,FALSE,0.9,207213,196622,0,0,32424,0,0,0,0,160930,0,104.174,58160.8,97.2467,5.06928,0,0,0,0,0.98023,7.2791,16.3742,0,0,0,0,0,0,0,757354,37713,0,0
50000,TRUE,FALSE,TRUE,0,TRUE,FALSE,WOUND_WAIT,FALSE,2.8,LH_MCSLOCK,0.05,1,1000,10,100000,TRUE,TRUE,FALSE,TRUE,FALSE,0.5,16,FALSE,100000000,FALSE,8,FALSE,100,YCSB,FALSE,0.9,45961,275,0,0,131983,0,0,0,0,138303,0,91.0066,69321.5,4.97774,4.29208,0,0,0,0,1.07153,29.1931,3.63335,0,0,0,0,0,155332500,31.339,788589,39291,0,184046
50000,TRUE,FALSE,TRUE,0,TRUE,FALSE,NO_WAIT,FALSE,2.8,LH_MCSLOCK,0.05,1,1000,10,100000,TRUE,TRUE,FALSE,TRUE,FALSE,0.5,16,FALSE,100000000,FALSE,8,FALSE,100,YCSB,FALSE,0.9,714000,3459,0,0,115530,0,0,0,0,177817,0,119.04,53427.3,49.4436,5.0518,0,0,0,0,1.18416,33.985,55.8328,0,0,0,0,0,0,0,794995,39613,0,0
50000,TRUE,FALSE,TRUE,0,TRUE,FALSE,BAMBOO,FALSE,2.8,LH_MCSLOCK,0.05,1,1000,10,100000,TRUE,TRUE,FALSE,TRUE,FALSE,0.5,16,FALSE,100000000,FALSE,4,FALSE,100,YCSB,FALSE,0.9,1905,514,0,0,111817,0,0,0,0,113383,0,35.9821,43929.2,0.618017,10.6343,8.1639,0,0,0,0.499357,24.074,0.160135,0,0,0,0,0,0,0.00051279,395166,19832,0,474
50000,TRUE,FALSE,TRUE,0,TRUE,FALSE,SILO,FALSE,2.8,LH_MCSLOCK,0.05,1,1000,10,100000,TRUE,TRUE,FALSE,TRUE,FALSE,0.5,16,FALSE,100000000,FALSE,4,FALSE,100,YCSB,FALSE,0.9,48175,46833,0,0,31566,0,0,0,0,116634,0,37.2817,42476.9,33.665,2.02134,0,0,0,0,0.501266,3.64592,3.79848,0,0,0,0,0,0,0,395903,19836,0,0
50000,TRUE,FALSE,TRUE,0,TRUE,FALSE,WOUND_WAIT,FALSE,2.8,LH_MCSLOCK,0.05,1,1000,10,100000,TRUE,TRUE,FALSE,TRUE,FALSE,0.5,16,FALSE,100000000,FALSE,4,FALSE,100,YCSB,FALSE,0.9,10915,23,0,0,108199,0,0,0,0,110155,0,34.566,45661.6,0.77014,1.9596,0,0,0,0,0.53906,14.221,0.869866,0,0,0,0,0,74417492,7.43358,394585,19775,0,46490
50000,TRUE,FALSE,TRUE,0,TRUE,FALSE,NO_WAIT,FALSE,2.8,LH_MCSLOCK,0.05,1,1000,10,100000,TRUE,TRUE,FALSE,TRUE,FALSE,0.5,16,FALSE,100000000,FALSE,4,FALSE,100,YCSB,FALSE,0.9,150413,811,0,0,95306,0,0,0,0,119456,0,38.0454,41767.5,9.57993,1.9961,0,0,0,0,0.537481,14.3402,11.7184,0,0,0,0,0,0,0,397265,19954,0,0
50000,TRUE,FALSE,TRUE,0,TRUE,FALSE,BAMBOO,FALSE,2.8,LH_MCSLOCK,0.05,1,1000,10,100000,TRUE,TRUE,FALSE,TRUE,FALSE,0.5,16,FALSE,100000000,FALSE,2,FALSE,100,YCSB,FALSE,0.9,94,12,0,0,124766,0,0,0,0,124821,0,20.3994,19568.7,0.010823,3.78704,2.68065,0,0,0,0.279616,13.4552,0.0123261,0,0,0,0,0,0,0.000125558,199595,9996,0,75
50000,TRUE,FALSE,TRUE,0,TRUE,FALSE,SILO,FALSE,2.8,LH_MCSLOCK,0.05,1,1000,10,100000,TRUE,TRUE,FALSE,TRUE,FALSE,0.5,16,FALSE,100000000,FALSE,2,FALSE,100,YCSB,FALSE,0.9,10732,10730,0,0,47375,0,0,0,0,119840,0,19.3431,20494.9,14.3604,0.876328,0,0,0,0,0.241304,2.60571,0.85204,0,0,0,0,0,0,0,198218,9932,0,0
50000,TRUE,FALSE,TRUE,0,TRUE,FALSE,WOUND_WAIT,FALSE,2.8,LH_MCSLOCK,0.05,1,1000,10,100000,TRUE,TRUE,FALSE,TRUE,FALSE,0.5,16,FALSE,100000000,FALSE,2,FALSE,100,YCSB,FALSE,0.9,2276,0,0,0,118453,0,0,0,0,119186,0,19.3119,20678,0.146022,0.919275,0,0,0,0,0.29684,9.86477,0.184933,0,0,0,0,0,43482922,2.34464,199666,10000,0,10287
50000,TRUE,FALSE,TRUE,0,TRUE,FALSE,NO_WAIT,FALSE,2.8,LH_MCSLOCK,0.05,1,1000,10,100000,TRUE,TRUE,FALSE,TRUE,FALSE,0.5,16,FALSE,100000000,FALSE,2,FALSE,100,YCSB,FALSE,0.9,38552,258,0,0,108909,0,0,0,0,121641,0,19.6291,20173.9,2.51703,0.891419,0,0,0,0,0.281726,9.77082,2.99605,0,0,0,0,0,0,0,197998,9925,0,0
50000,TRUE,FALSE,TRUE,0,TRUE,FALSE,BAMBOO,FALSE,2.8,LH_MCSLOCK,0.05,1,1000,10,100000,TRUE,TRUE,FALSE,TRUE,FALSE,0.5,16,FALSE,100000000,FALSE,1,FALSE,100,YCSB,FALSE,0.9,0,0,0,0,101230,0,0,0,0,101230,0,7.86957,12707.2,0,0.307662,0.00249041,0,0,0,0.156421,1.90944,0.00223451,0,0,0,0,0,0,0,100000,5036,0,0
50000,TRUE,FALSE,TRUE,0,TRUE,FALSE,SILO,FALSE,2.8,LH_MCSLOCK,0.05,1,1000,10,100000,TRUE,TRUE,FALSE,TRUE,FALSE,0.5,16,FALSE,100000000,FALSE,1,FALSE,100,YCSB,FALSE,0.9,0,0,0,0,113938,0,0,0,0,113938,0,9.1823,10890.5,0,0.336894,0,0,0,0,0.137752,2.03476,0.00214306,0,0,0,0,0,0,0,100000,5036,0,0
50000,TRUE,FALSE,TRUE,0,TRUE,FALSE,WOUND_WAIT,FALSE,2.8,LH_MCSLOCK,0.05,1,1000,10,100000,TRUE,TRUE,FALSE,TRUE,FALSE,0.5,16,FALSE,100000000,FALSE,1,FALSE,100,YCSB,FALSE,0.9,0,0,0,0,96422,0,0,0,0,96422,0,7.39624,13520.4,0,0.228685,0,0,0,0,0.138349,1.65963,0.00230986,0,0,0,0,0,5652842,0,100000,5036,0,0
50000,TRUE,FALSE,TRUE,0,TRUE,FALSE,NO_WAIT,FALSE,2.8,LH_MCSLOCK,0.05,1,1000,10,100000,TRUE,TRUE,FALSE,TRUE,FALSE,0.5,16,FALSE,100000000,FALSE,1,FALSE,100,YCSB,FALSE,0.9,0,0,0,0,96644,0,0,0,0,96644,0,7.42606,13466.1,0,0.217023,0,0,0,0,0.147101,1.58736,0.00207592,0,0,0,0,0,0,0,100000,5036,0,0
50000,TRUE,FALSE,TRUE,0,TRUE,FALSE,BAMBOO,FALSE,2.8,LH_MCSLOCK,0.05,1,1000,10,100000,TRUE,TRUE,FALSE,TRUE,FALSE,0.5,16,FALSE,100000000,FALSE,120,FALSE,100,YCSB,FALSE,0.9,1608246,27315,0,0,968636,0,0,0,0,975381,0,11286.8,127054,79.9161,10175.5,10035.2,0,0,0,52.5151,10708.6,132.278,0,0,0,0,0,0,9.81389,11950292,597068,0,1749093
50000,TRUE,FALSE,TRUE,0,TRUE,FALSE,SILO,FALSE,2.8,LH_MCSLOCK,0.05,1,1000,10,100000,TRUE,TRUE,FALSE,TRUE,FALSE,0.5,16,FALSE,100000000,FALSE,120,FALSE,100,YCSB,FALSE,0.9,19108360,18723538,0,0,63111,0,0,0,0,2084294,0,14537.3,58586.2,14342.3,327.984,0,0,0,0,12.9479,135.759,1579.94,0,0,0,0,0,0,0,7097397,353835,0,0
50000,TRUE,FALSE,TRUE,0,TRUE,FALSE,WOUND_WAIT,FALSE,2.8,LH_MCSLOCK,0.05,1,1000,10,100000,TRUE,TRUE,FALSE,TRUE,FALSE,0.5,16,FALSE,100000000,FALSE,120,FALSE,100,YCSB,FALSE,0.9,15698449,1213461,0,0,2397200,0,0,0,0,4664424,0,54749.2,25913.6,26803.2,91.4763,0,0,0,0,27.6222,473.22,1269.33,0,0,0,0,0,4457785652,27015.8,11822896,590642,0,42828096
50000,TRUE,FALSE,TRUE,0,TRUE,FALSE,NO_WAIT,FALSE,2.8,LH_MCSLOCK,0.05,1,1000,10,100000,TRUE,TRUE,FALSE,TRUE,FALSE,0.5,16,FALSE,100000000,FALSE,120,FALSE,100,YCSB,FALSE,0.9,141587047,407439,0,0,146967,0,0,0,0,1152215,0,13012.1,107551,11702.3,172.811,0,0,0,0,72.9513,577.961,11511.3,0,0,0,0,0,0,0,11662192,582528,0,0
50000,TRUE,FALSE,TRUE,0,TRUE,FALSE,BAMBOO,FALSE,2.8,LH_MCSLOCK,0.05,1,1000,10,100000,TRUE,TRUE,FALSE,TRUE,FALSE,0.5,16,FALSE,100000000,FALSE,96,FALSE,100,YCSB,FALSE,0.9,1263122,17749,0,0,838195,0,0,0,0,843856,0,7734.6,117834,53.4522,6891.48,6787.66,0,0,0,33.554,7292.73,100.737,0,0,0,0,0,0,6.29363,9493737,473929,0,1288664
50000,TRUE,FALSE,TRUE,0,TRUE,FALSE,SILO,FALSE,2.8,LH_MCSLOCK,0.05,1,1000,10,100000,TRUE,TRUE,FALSE,TRUE,FALSE,0.5,16,FALSE,100000000,FALSE,96,FALSE,100,YCSB,FALSE,0.9,7960819,7872408,0,0,36477,0,0,0,0,1391768,0,3817.35,69295.9,3784.76,90.5707,0,0,0,0,3.76361,28.0085,639.789,0,0,0,0,0,0,0,2755486,136748,0,0
50000,TRUE,FALSE,TRUE,0,TRUE,FALSE,WOUND_WAIT,FALSE,2.8,LH_MCSLOCK,0.05,1,1000,10,100000,TRUE,TRUE,FALSE,TRUE,FALSE,0.5,16,FALSE,100000000,FALSE,96,FALSE,100,YCSB,FALSE,0.9,10610056,819786,0,0,1946036,0,0,0,0,3585798,0,33739.8,26999.4,15559,68.7568,0,0,0,0,20.1931,370.691,834.311,0,0,0,0,0,3308882668,17446.8,9489114,473718,0,29791969
50000,TRUE,FALSE,TRUE,0,TRUE,FALSE,NO_WAIT,FALSE,2.8,LH_MCSLOCK,0.05,1,1000,10,100000,TRUE,TRUE,FALSE,TRUE,FALSE,0.5,16,FALSE,100000000,FALSE,96,FALSE,100,YCSB,FALSE,0.9,89949199,267829,0,0,142900,0,0,0,0,928697,0,8300.09,107414,7285.5,120.093,0,0,0,0,49.5986,444.698,7226.6,0,0,0,0,0,0,0,9286975,463375,0,0
50000,TRUE,FALSE,TRUE,0,TRUE,FALSE,BAMBOO,FALSE,2.8,LH_MCSLOCK,0.05,1,1000,10,100000,TRUE,TRUE,FALSE,TRUE,FALSE,0.5,16,FALSE,100000000,FALSE,64,FALSE,100,YCSB,FALSE,0.9,852861,9299,0,0,625399,0,0,0,0,629957,0,3842.21,105736,28.7481,3314.66,3252.34,0,0,0,10.7014,3560.76,67.3366,0,0,0,0,0,0,2.97719,6347839,316618,0,780591
50000,TRUE,FALSE,TRUE,0,TRUE,FALSE,SILO,FALSE,2.8,LH_MCSLOCK,0.05,1,1000,10,100000,TRUE,TRUE,FALSE,TRUE,FALSE,0.5,16,FALSE,100000000,FALSE,64,FALSE,100,YCSB,FALSE,0.9,6145647,5966434,0,0,35859,0,0,0,0,656829,0,2123.41,101093,2083.67,65.7662,0,0,0,0,4.42837,32.4675,487.497,0,0,0,0,0,0,0,3354093,167126,0,0
50000,TRUE,FALSE,TRUE,0,TRUE,FALSE,WOUND_WAIT,FALSE,2.8,LH_MCSLOCK,0.05,1,1000,10,100000,TRUE,TRUE,FALSE,TRUE,FALSE,0.5,16,FALSE,100000000,FALSE,64,FALSE,100,YCSB,FALSE,0.9,4892982,365038,0,0,1291071,0,0,0,0,2151721,0,13476,30087.5,5452.02,41.2476,0,0,0,0,9.4874,237.382,381.33,0,0,0,0,0,1834298202,7547.84,6335297,316079,0,14758219
50000,TRUE,FALSE,TRUE,0,TRUE,FALSE,NO_WAIT,FALSE,2.8,LH_MCSLOCK,0.05,1,1000,10,100000,TRUE,TRUE,FALSE,TRUE,FALSE,0.5,16,FALSE,100000000,FALSE,64,FALSE,100,YCSB,FALSE,0.9,41259556,133428,0,0,137525,0,0,0,0,654720,0,3907.88,102924,3245.16,68.0333,0,0,0,0,24.2942,291.344,3266.62,0,0,0,0,0,0,0,6284629,313541,0,0
50000,TRUE,FALSE,TRUE,0,TRUE,FALSE,BAMBOO,FALSE,2.8,LH_MCSLOCK,0.05,1,1000,10,100000,TRUE,TRUE,FALSE,TRUE,FALSE,0.5,16,FALSE,100000000,FALSE,32,FALSE,100,YCSB,FALSE,0.9,287130,4655,0,0,298397,0,0,0,0,301244,0,877.685,115204,8.93463,637.02,609.56,0,0,0,3.9739,754.619,22.6958,0,0,0,0,0,0,0.319314,3159785,157495,0,181676
50000,TRUE,FALSE,TRUE,0,TRUE,FALSE,SILO,FALSE,2.8,LH_MCSLOCK,0.05,1,1000,10,100000,TRUE,TRUE,FALSE,TRUE,FALSE,0.5,16,FALSE,100000000,FALSE,32,FALSE,100,YCSB,FALSE,0.9,2776117,2649597,0,0,34647,0,0,0,0,361390,0,944.025,94862.3,913.493,34.1371,0,0,0,0,3.62214,26.758,219,0,0,0,0,0,0,0,2798513,139542,0,0
50000,TRUE,FALSE,TRUE,0,TRUE,FALSE,WOUND_WAIT,FALSE,2.8,LH_MCSLOCK,0.05,1,1000,10,100000,TRUE,TRUE,FALSE,TRUE,FALSE,0.5,16,FALSE,100000000,FALSE,32,FALSE,100,YCSB,FALSE,0.9,993580,54889,0,0,533418,0,0,0,0,738668,0,2266.08,44749.4,650.319,19.4115,0,0,0,0,4.15198,119.57,77.5622,0,0,0,0,0,749433172,1380.05,3168926,157925,0,3689850
50000,TRUE,FALSE,TRUE,0,TRUE,FALSE,NO_WAIT,FALSE,2.8,LH_MCSLOCK,0.05,1,1000,10,100000,TRUE,TRUE,FALSE,TRUE,FALSE,0.5,16,FALSE,100000000,FALSE,32,FALSE,100,YCSB,FALSE,0.9,10551748,40067,0,0,128974,0,0,0,0,383450,0,1107.24,90697.1,797.386,27.0451,0,0,0,0,7.8525,138.965,828.899,0,0,0,0,0,0,0,3138237,156377,0,0
50000,TRUE,FALSE,TRUE,0,TRUE,FALSE,BAMBOO,FALSE,2.8,LH_MCSLOCK,0.05,1,1000,10,100000,TRUE,TRUE,FALSE,TRUE,FALSE,0.5,16,FALSE,100000000,FALSE,16,FALSE,100,YCSB,FALSE,0.9,56932,1737,0,0,173496,0,0,0,0,174792,0,238.458,105664,2.02773,129.495,117.269,0,0,0,1.91997,185.953,4.56319,0,0,0,0,0,0,0.0281479,1574771,78518,0,23640
50000,TRUE,FALSE,TRUE,0,TRUE,FALSE,SILO,FALSE,2.8,LH_MCSLOCK,0.05,1,1000,10,100000,TRUE,TRUE,FALSE,TRUE,FALSE,0.5,16,FALSE,100000000,FALSE,16,FALSE,100,YCSB,FALSE,0.9,796627,756831,0,0,33476,0,0,0,0,237940,0,311.381,74659.5,296.763,13.1023,0,0,0,0,1.87233,13.9627,62.8998,0,0,0,0,0,0,0,1452974,72517,0,0
50000,TRUE,FALSE,TRUE,0,TRUE,FALSE,WOUND_WAIT,FALSE,2.8,LH_MCSLOCK,0.05,1,1000,10,100000,TRUE,TRUE,FALSE,TRUE,FALSE,0.5,16,FALSE,100000000,FALSE,16,FALSE,100,YCSB,FALSE,0.9,184379,3985,0,0,203217,0,0,0,0,232471,0,332.109,76487.7,46.4214,9.3782,0,0,0,0,2.04853,59.7886,14.4874,0,0,0,0,0,320911176,171.054,1587642,79146,0,774767
50000,TRUE,FALSE,TRUE,0,TRUE,FALSE,NO_WAIT,FALSE,2.8,LH_MCSLOCK,0.05,1,1000,10,100000,TRUE,TRUE,FALSE,TRUE,FALSE,0.5,16,FALSE,100000000,FALSE,16,FALSE,100,YCSB,FALSE,0.9,2824190,12245,0,0,121571,0,0,0,0,251340,0,352.351,71805.4,204.908,11.6198,0,0,0,0,2.70129,68.7173,221.099,0,0,0,0,0,0,0,1581295,78873,0,0
50000,TRUE,FALSE,TRUE,0,TRUE,FALSE,BAMBOO,FALSE,2.8,LH_MCSLOCK,0.05,1,1000,10,100000,TRUE,TRUE,FALSE,TRUE,FALSE,0.5,16,FALSE,100000000,FALSE,8,FALSE,100,YCSB,FALSE,0.9,10167,940,0,0,135021,0,0,0,0,136317,0,89.5682,70617.2,1.02153,36.5951,31.1067,0,0,0,1.06464,64.7473,0.828589,0,0,0,0,0,0,0.00348397,790632,39390,0,3224
50000,TRUE,FALSE,TRUE,0,TRUE,FALSE,SILO,FALSE,2.8,LH_MCSLOCK,0.05,1,1000,10,100000,TRUE,TRUE,FALSE,TRUE,FALSE,0.5,16,FALSE,100000000,FALSE,8,FALSE,100,YCSB,FALSE,0.9,207856,197170,0,0,32510,0,0,0,0,161107,0,105.004,58058,97.9231,5.1348,0,0,0,0,0.990397,7.34523,16.4158,0,0,0,0,0,0,0,762043,37940,0,0
50000,TRUE,FALSE,TRUE,0,TRUE,FALSE,WOUND_WAIT,FALSE,2.8,LH_MCSLOCK,0.05,1,1000,10,100000,TRUE,TRUE,FALSE,TRUE,FALSE,0.5,16,FALSE,100000000,FALSE,8,FALSE,100,YCSB,FALSE,0.9,46425,274,0,0,130948,0,0,0,0,137178,0,90.7746,69962.5,4.93902,4.26999,0,0,0,0,1.08616,29.2195,3.66899,0,0,0,0,0,155791556,30.9886,793852,39551,0,184700
50000,TRUE,FALSE,TRUE,0,TRUE,FALSE,NO_WAIT,FALSE,2.8,LH_MCSLOCK,0.05,1,1000,10,100000,TRUE,TRUE,FALSE,TRUE,FALSE,0.5,16,FALSE,100000000,FALSE,8,FALSE,100,YCSB,FALSE,0.9,710491,3469,0,0,114678,0,0,0,0,177781,0,117.451,53330.7,49.3341,4.94317,0,0,0,0,1.19769,33.2079,55.5833,0,0,0,0,0,0,0,782966,38980,0,0
50000,TRUE,FALSE,TRUE,0,TRUE,FALSE,BAMBOO,FALSE,2.8,LH_MCSLOCK,0.05,1,1000,10,100000,TRUE,TRUE,FALSE,TRUE,FALSE,0.5,16,FALSE,100000000,FALSE,4,FALSE,100,YCSB,FALSE,0.9,1876,522,0,0,112171,0,0,0,0,113773,0,36.3323,43814.4,0.63694,10.7374,8.236,0,0,0,0.504797,24.301,0.159931,0,0,0,0,0,0,0.000534984,397970,19983,0,483
50000,TRUE,FALSE,TRUE,0,TRUE,FALSE,SILO,FALSE,2.8,LH_MCSLOCK,0.05,1,1000,10,100000,TRUE,TRUE,FALSE,TRUE,FALSE,0.5,16,FALSE,100000000,FALSE,4,FALSE,100,YCSB,FALSE,0.9,48677,47351,0,0,32424,0,0,0,0,119749,0,38.2604,41336.4,34.513,2.08276,0,0,0,0,0.504506,3.74594,3.85419,0,0,0,0,0,0,0,395387,19845,0,0
50000,TRUE,FALSE,TRUE,0,TRUE,FALSE,WOUND_WAIT,FALSE,2.8,LH_MCSLOCK,0.05,1,1000,10,100000,TRUE,TRUE,FALSE,TRUE,FALSE,0.5,16,FALSE,100000000,FALSE,4,FALSE,100,YCSB,FALSE,0.9,10902,24,0,0,106949,0,0,0,0,108831,0,34.3803,46352.4,0.748054,1.95504,0,0,0,0,0.534252,14.2382,0.871127,0,0,0,0,0,75051026,7.341,398402,19991,0,46789
50000,TRUE,FALSE,TRUE,0,TRUE,FALSE,NO_WAIT,FALSE,2.8,LH_MCSLOCK,0.05,1,1000,10,100000,TRUE,TRUE,FALSE,TRUE,FALSE,0.5,16,FALSE,100000000,FALSE,4,FALSE,100,YCSB,FALSE,0.9,154209,835,0,0,98011,0,0,0,0,122875,0,39.2704,40577.4,9.8924,2.05216,0,0,0,0,0.550969,14.8504,12.0186,0,0,0,0,0,0,0,398372,20000,0,0
50000,TRUE,FALSE,TRUE,0,TRUE,FALSE,BAMBOO,FALSE,2.8,LH_MCSLOCK,0.05,1,1000,10,100000,TRUE,TRUE,FALSE,TRUE,FALSE,0.5,16,FALSE,100000000,FALSE,2,FALSE,100,YCSB,FALSE,0.9,82,6,0,0,125002,0,0,0,0,125030,0,20.4202,19466.1,0.00553842,3.83143,2.71048,0,0,0,0.282035,13.4831,0.0110649,0,0,0,0,0,0,0.000113454,198751,9967,0,73
50000,TRUE,FALSE,TRUE,0,TRUE,FALSE,SILO,FALSE,2.8,LH_MCSLOCK,0.05,1,1000,10,100000,TRUE,TRUE,FALSE,TRUE,FALSE,0.5,16,FALSE,100000000,FALSE,2,FALSE,100,YCSB,FALSE,0.9,10611,10611,0,0,47478,0,0,0,0,120613,0,19.432,20448,14.5277,0.883146,0,0,0,0,0.235844,2.70946,0.845341,0,0,0,0,0,0,0,198673,9963,0,0
50000,TRUE,FALSE,TRUE,0,TRUE,FALSE,WOUND_WAIT,FALSE,2.8,LH_MCSLOCK,0.05,1,1000,10,100000,TRUE,TRUE,FALSE,TRUE,FALSE,0.5,16,FALSE,100000000,FALSE,2,FALSE,100,YCSB,FALSE,0.9,2230,0,0,0,118756,0,0,0,0,119537,0,19.3638,20622.8,0.15578,0.915056,0,0,0,0,0.290643,9.9106,0.181623,0,0,0,0,0,44451026,2.32857,199668,10004,0,10457
50000,TRUE,FALSE,TRUE,0,TRUE,FALSE,NO_WAIT,FALSE,2.8,LH_MCSLOCK,0.05,1,1000,10,100000,TRUE,TRUE,FALSE,TRUE,FALSE,0.5,16,FALSE,100000000,FALSE,2,FALSE,100,YCSB,FALSE,0.9,37606,238,0,0,108561,0,0,0,0,120765,0,19.524,20420,2.42851,0.877811,0,0,0,0,0.277489,9.75442,2.92348,0,0,0,0,0,0,0,199340,9983,0,0
50000,TRUE,FALSE,TRUE,0,TRUE,FALSE,BAMBOO,FALSE,2.8,LH_MCSLOCK,0.05,1,1000,10,100000,TRUE,TRUE,FALSE,TRUE,FALSE,0.5,16,FALSE,100000000,FALSE,1,FALSE,100,YCSB,FALSE,0.9,0,0,0,0,101786,0,0,0,0,101786,0,7.89302,12669.4,0,0.306125,0.0025433,0,0,0,0.162132,1.90899,0.00222601,0,0,0,0,0,0,0,100000,5036,0,0
50000,TRUE,FALSE,TRUE,0,TRUE,FALSE,SILO,FALSE,2.8,LH_MCSLOCK,0.05,1,1000,10,100000,TRUE,TRUE,FALSE,TRUE,FALSE,0.5,16,FALSE,100000000,FALSE,1,FALSE,100,YCSB,FALSE,0.9,0,0,0,0,114232,0,0,0,0,114232,0,9.20283,10866.2,0,0.324765,0,0,0,0,0.141922,2.03769,0.0022854,0,0,0,0,0,0,0,100000,5036,0,0
50000,TRUE,FALSE,TRUE,0,TRUE,FALSE,WOUND_WAIT,FALSE,2.8,LH_MCSLOCK,0.05,1,1000,10,100000,TRUE,TRUE,FALSE,TRUE,FALSE,0.5,16,FALSE,100000000,FALSE,1,FALSE,100,YCSB,FALSE,0.9,0,0,0,0,97104,0,0,0,0,97104,0,7.47292,13381.6,0,0.233535,0,0,0,0,0.14072,1.67677,0.00225269,0,0,0,0,0,5546350,0,100000,5036,0,0
50000,TRUE,FALSE,TRUE,0,TRUE,FALSE,NO_WAIT,FALSE,2.8,LH_MCSLOCK,0.05,1,1000,10,100000,TRUE,TRUE,FALSE,TRUE,FALSE,0.5,16,FALSE,100000000,FALSE,1,FALSE,100,YCSB,FALSE,0.9,0,0,0,0,97954,0,0,0,0,97954,0,7.54598,13252.1,0,0.2248,0,0,0,0,0.158363,1.62828,0.00216345,0,0,0,0,0,0,0,100000,5036,0,0
50000,TRUE,FALSE,TRUE,0,TRUE,FALSE,BAMBOO,FALSE,2.8,LH_MCSLOCK,0.05,1,1000,10,100000,TRUE,TRUE,FALSE,TRUE,FALSE,0.5,16,FALSE,100000000,FALSE,120,FALSE,100,YCSB,FALSE,0.9,1616132,27765,0,0,970461,0,0,0,0,977382,0,11308.7,126896,81.9151,10195,10054.8,0,0,0,49.3111,10728,133.449,0,0,0,0,0,0,10.1252,11958591,597465,0,1756068
50000,TRUE,FALSE,TRUE,0,TRUE,FALSE,SILO,FALSE,2.8,LH_MCSLOCK,0.05,1,1000,10,100000,TRUE,TRUE,FALSE,TRUE,FALSE,0.5,16,FALSE,100000000,FALSE,120,FALSE,100,YCSB,FALSE,0.9,23087440,22624698,0,0,63272,0,0,0,0,2095004,0,17623.7,58274.3,17385.1,395.595,0,0,0,0,15.7279,163.976,1911.02,0,0,0,0,0,0,0,8558390,427336,0,0
50000,TRUE,FALSE,TRUE,0,TRUE,FALSE,WOUND_WAIT,FALSE,2.8,LH_MCSLOCK,0.05,1,1000,10,100000,TRUE,TRUE,FALSE,TRUE,FALSE,0.5,16,FALSE,100000000,FALSE,120,FALSE,100,YCSB,FALSE,0.9,15724145,1218223,0,0,2399385,0,0,0,0,4672783,0,54848.2,25866.3,26875.5,91.5264,0,0,0,0,27.602,473.525,1272.37,0,0,0,0,0,4489887566,27041.3,11822666,590588,0,42888786
50000,TRUE,FALSE,TRUE,0,TRUE,FALSE,NO_WAIT,FALSE,2.8,LH_MCSLOCK,0.05,1,1000,10,100000,TRUE,TRUE,FALSE,TRUE,FALSE,0.5,16,FALSE,100000000,FALSE,120,FALSE,100,YCSB,FALSE,0.9,141363540,404865,0,0,146540,0,0,0,0,1147326,0,12960.5,108029,11656.7,170.565,0,0,0,0,72.5588,573.573,11470.1,0,0,0,0,0,0,0,11667614,582821,0,0
50000,TRUE,FALSE,TRUE,0,TRUE,FALSE,BAMBOO,FALSE,2.8,LH_MCSLOCK,0.05,1,1000,10,100000,TRUE,TRUE,FALSE,TRUE,FALSE,0.5,16,FALSE,100000000,FALSE,96,FALSE,100,YCSB,FALSE,0.9,1263072,16927,0,0,838259,0,0,0,0,843914,0,7701.89,117804,53.1516,6860.39,6756.97,0,0,0,33.3988,7260.52,100.797,0,0,0,0,0,0,6.26525,9451149,471853,0,1287720
50000,TRUE,FALSE,TRUE,0,TRUE,FALSE,SILO,FALSE,2.8,LH_MCSLOCK,0.05,1,1000,10,100000,TRUE,TRUE,FALSE,TRUE,FALSE,0.5,16,FALSE,100000000,FALSE,96,FALSE,100,YCSB,FALSE,0.9,14102088,13955327,0,0,36497,0,0,0,0,1435119,0,6784.16,67643.2,6726.84,160.359,0,0,0,0,6.53378,47.9571,1138.98,0,0,0,0,0,0,0,4780231,238227,0,0
50000,TRUE,FALSE,TRUE,0,TRUE,FALSE,WOUND_WAIT,FALSE,2.8,LH_MCSLOCK,0.05,1,1000,10,100000,TRUE,TRUE,FALSE,TRUE,FALSE,0.5,16,FALSE,100000000,FALSE,96,FALSE,100,YCSB,FALSE,0.9,10607055,816261,0,0,1948855,0,0,0,0,3590024,0,33788,26968.1,15576.2,68.7654,0,0,0,0,20.2265,370.523,833.862,0,0,0,0,0,3286186010,17478.1,9491640,473720,0,29782026
50000,TRUE,FALSE,TRUE,0,TRUE,FALSE,NO_WAIT,FALSE,2.8,LH_MCSLOCK,0.05,1,1000,10,100000,TRUE,TRUE,FALSE,TRUE,FALSE,0.5,16,FALSE,100000000,FALSE,96,FALSE,100,YCSB,FALSE,0.9,91187194,269866,0,0,143094,0,0,0,0,931810,0,8391.17,107073,7369.16,120.329,0,0,0,0,49.791,447.847,7307.66,0,0,0,0,0,0,0,9359007,467123,0,0
50000,TRUE,FALSE,TRUE,0,TRUE,FALSE,BAMBOO,FALSE,2.8,LH_MCSLOCK,0.05,1,1000,10,100000,TRUE,TRUE,FALSE,TRUE,FALSE,0.5,16,FALSE,100000000,FALSE,64,FALSE,100,YCSB,FALSE,0.9,852493,9276,0,0,624367,0,0,0,0,628931,0,3840.7,105889,28.8211,3312.77,3250.22,0,0,0,10.8263,3558.94,67.2968,0,0,0,0,0,0,3.05812,6354518,317028,0,783123
50000,TRUE,FALSE,TRUE,0,TRUE,FALSE,SILO,FALSE,2.8,LH_MCSLOCK,0.05,1,1000,10,100000,TRUE,TRUE,FALSE,TRUE,FALSE,0.5,16,FALSE,100000000,FALSE,64,FALSE,100,YCSB,FALSE,0.9,8059187,7786561,0,0,36194,0,0,0,0,613099,0,2700.73,108719,2644.96,85.2624,0,0,0,0,6.07984,44.3895,638.298,0,0,0,0,0,0,0,4587815,228563,0,0
50000,TRUE,FALSE,TRUE,0,TRUE,FALSE,WOUND_WAIT,FALSE,2.8,LH_MCSLOCK,0.05,1,1000,10,100000,TRUE,TRUE,FALSE,TRUE,FALSE,0.5,16,FALSE,100000000,FALSE,64,FALSE,100,YCSB,FALSE,0.9,4881254,363437,0,0,1290965,0,0,0,0,2150928,0,13465.4,30097,5445.01,41.2331,0,0,0,0,9.45395,237.126,380.476,0,0,0,0,0,1832979742,7544.38,6332291,315860,0,14725736
50000,TRUE,FALSE,TRUE,0,TRUE,FALSE,NO_WAIT,FALSE,2.8,LH_MCSLOCK,0.05,1,1000,10,100000,TRUE,TRUE,FALSE,TRUE,FALSE,0.5,16,FALSE,100000000,FALSE,64,FALSE,100,YCSB,FALSE,0.9,41680788,135576,0,0,137526,0,0,0,0,660316,0,3948.05,101976,3283.35,68.3132,0,0,0,0,24.0801,292.518,3302.02,0,0,0,0,0,0,0,6290741,313874,0,0
50000,TRUE,FALSE,TRUE,0,TRUE,FALSE,BAMBOO,FALSE,2.8,LH_MCSLOCK,0.05,1,1000,10,100000,TRUE,TRUE,FALSE,TRUE,FALSE,0.5,16,FALSE,100000000,FALSE,32,FALSE,100,YCSB,FALSE,0.9,285758,4506,0,0,299507,0,0,0,0,302334,0,879.505,114745,8.85401,639.593,612.354,0,0,0,3.95946,756.496,22.5872,0,0,0,0,0,0,0.317181,3153703,157163,0,180723
50000,TRUE,FALSE,TRUE,0,TRUE,FALSE,SILO,FALSE,2.8,LH_MCSLOCK,0.05,1,1000,10,100000,TRUE,TRUE,FALSE,TRUE,FALSE,0.5,16,FALSE,100000000,FALSE,32,FALSE,100,YCSB,FALSE,0.9,2745145,2620790,0,0,34631,0,0,0,0,362602,0,935.44,94539,905.39,33.8143,0,0,0,0,3.5734,26.4011,216.528,0,0,0,0,0,0,0,2763613,137772,0,0
50000,TRUE,FALSE,TRUE,0,TRUE,FALSE,WOUND_WAIT,FALSE,2.8,LH_MCSLOCK,0.05,1,1000,10,100000,TRUE,TRUE,FALSE,TRUE,FALSE,0.5,16,FALSE,100000000,FALSE,32,FALSE,100,YCSB,FALSE,0.9,987288,54968,0,0,529023,0,0,0,0,731882,0,2242.64,45169.3,642.05,19.3002,0,0,0,0,4.15352,118.845,77.0223,0,0,0,0,0,746784056,1366.08,3165585,157862,0,3674646
50000,TRUE,FALSE,TRUE,0,TRUE,FALSE,NO_WAIT,FALSE,2.8,LH_MCSLOCK,0.05,1,1000,10,100000,TRUE,TRUE,FALSE,TRUE,FALSE,0.5,16,FALSE,100000000,FALSE,32,FALSE,100,YCSB,FALSE,0.9,10654962,41201,0,0,129740,0,0,0,0,387312,0,1119.89,89686.2,807.227,27.4659,0,0,0,0,7.47157,140.516,838.34,0,0,0,0,0,0,0,3138703,156439,0,0
50000,TRUE,FALSE,TRUE,0,TRUE,FALSE,BAMBOO,FALSE,2.8,LH_MCSLOCK,0.05,1,1000,10,100000,TRUE,TRUE,FALSE,TRUE,FALSE,0.5,16,FALSE,100000000,FALSE,16,FALSE,100,YCSB,FALSE,0.9,57222,1727,0,0,175510,0,0,0,0,176814,0,242.713,104332,2.05059,132.093,119.748,0,0,0,1.94953,189.422,4.57909,0,0,0,0,0,0,0.0284179,1582674,78931,0,23748
50000,TRUE,FALSE,TRUE,0,TRUE,FALSE,SILO,FALSE,2.8,LH_MCSLOCK,0.05,1,1000,10,100000,TRUE,TRUE,FALSE,TRUE,FALSE,0.5,16,FALSE,100000000,FALSE,16,FALSE,100,YCSB,FALSE,0.9,781685,741671,0,0,33477,0,0,0,0,236876,0,306.44,75090.1,292.23,12.9531,0,0,0,0,1.85261,13.8025,61.7473,0,0,0,0,0,0,0,1438163,71663,0,0
50000,TRUE,FALSE,TRUE,0,TRUE,FALSE,WOUND_WAIT,FALSE,2.8,LH_MCSLOCK,0.05,1,1000,10,100000,TRUE,TRUE,FALSE,TRUE,FALSE,0.5,16,FALSE,100000000,FALSE,16,FALSE,100,YCSB,FALSE,0.9,183538,4055,0,0,203756,0,0,0,0,233168,0,331.146,76355.7,46.4561,9.45959,0,0,0,0,2.08208,59.7176,14.4232,0,0,0,0,0,319510678,170.376,1580306,78800,0,770022
50000,TRUE,FALSE,TRUE,0,TRUE,FALSE,NO_WAIT,FALSE,2.8,LH_MCSLOCK,0.05,1,1000,10,100000,TRUE,TRUE,FALSE,TRUE,FALSE,0.5,16,FALSE,100000000,FALSE,16,FALSE,100,YCSB,FALSE,0.9,2806895,12144,0,0,121834,0,0,0,0,251191,0,350.99,71899.3,203.73,11.651,0,0,0,0,2.59506,68.6915,219.941,0,0,0,0,0,0,0,1577245,78652,0,0
50000,TRUE,FALSE,TRUE,0,TRUE,FALSE,BAMBOO,FALSE,2.8,LH_MCSLOCK,0.05,1,1000,10,100000,TRUE,TRUE,FALSE,TRUE,FALSE,0.5,16,FALSE,100000000,FALSE,8,FALSE,100,YCSB,FALSE,0.9,10247,940,0,0,134747,0,0,0,0,136098,0,89.542,70901.3,1.06981,36.3254,30.6951,0,0,0,1.04806,64.458,0.836924,0,0,0,0,0,0,0.00348393,793580,39518,0,3173
50000,TRUE,FALSE,TRUE,0,TRUE,FALSE,SILO,FALSE,2.8,LH_MCSLOCK,0.05,1,1000,10,100000,TRUE,TRUE,FALSE,TRUE,FALSE,0.5,16,FALSE,100000000,FALSE,8,FALSE,100,YCSB,FALSE,0.9,212456,201512,0,0,32465,0,0,0,0,160414,0,107.048,58246.9,99.6486,5.23462,0,0,0,0,1.00665,7.43978,16.7875,0,0,0,0,0,0,0,779405,38849,0,0
50000,TRUE,FALSE,TRUE,0,TRUE,FALSE,WOUND_WAIT,FALSE,2.8,LH_MCSLOCK,0.05,1,1000,10,100000,TRUE,TRUE,FALSE,TRUE,FALSE,0.5,16,FALSE,100000000,FALSE,8,FALSE,100,YCSB,FALSE,0.9,46248,305,0,0,132476,0,0,0,0,138624,0,91.9569,69025.2,4.87283,4.30357,0,0,0,0,1.13343,29.4434,3.65997,0,0,0,0,0,156277694,31.9043,793418,39514,0,185804
50000,TRUE,FALSE,TRUE,0,TRUE,FALSE,NO_WAIT,FALSE,2.8,LH_MCSLOCK,0.05,1,1000,10,100000,TRUE,TRUE,FALSE,TRUE,FALSE,0.5,16,FALSE,100000000,FALSE,8,FALSE,100,YCSB,FALSE,0.9,715874,3406,0,0,114951,0,0,0,0,178054,0,118.642,53142.1,49.6569,5.02293,0,0,0,0,1.18392,33.6537,56.0201,0,0,0,0,0,0,0,788111,39228,0,0
50000,TRUE,FALSE,TRUE,0,TRUE,FALSE,BAMBOO,FALSE,2.8,LH_MCSLOCK,0.05,1,1000,10,100000,TRUE,TRUE,FALSE,TRUE,FALSE,0.5,16,FALSE,100000000,FALSE,4,FALSE,100,YCSB,FALSE,0.9,1857,514,0,0,112778,0,0,0,0,114365,0,36.6618,43477.6,0.631629,10.9785,8.46117,0,0,0,0.503736,24.5379,0.157389,0,0,0,0,0,0,0.000506936,398492,20003,0,459
50000,TRUE,FALSE,TRUE,0,TRUE,FALSE,SILO,FALSE,2.8,LH_MCSLOCK,0.05,1,1000,10,100000,TRUE,TRUE,FALSE,TRUE,FALSE,0.5,16,FALSE,100000000,FALSE,4,FALSE,100,YCSB,FALSE,0.9,47847,46475,0,0,31534,0,0,0,0,116343,0,37.0593,42641.4,33.4919,2.02429,0,0,0,0,0.495086,3.66458,3.7787,0,0,0,0,0,0,0,395065,19837,0,0
50000,TRUE,FALSE,TRUE,0,TRUE,FALSE,WOUND_WAIT,FALSE,2.8,LH_MCSLOCK,0.05,1,1000,10,100000,TRUE,TRUE,FALSE,TRUE,FALSE,0.5,16,FALSE,100000000,FALSE,4,FALSE,100,YCSB,FALSE,0.9,10558,20,0,0,106123,0,0,0,0,107954,0,33.5333,46786,0.716767,1.90421,0,0,0,0,0.52437,13.9107,0.844235,0,0,0,0,0,73583144,7.13394,392222,19692,0,45684
50000,TRUE,FALSE,TRUE,0,TRUE,FALSE,NO_WAIT,FALSE,2.8,LH_MCSLOCK,0.05,1,1000,10,100000,TRUE,TRUE,FALSE,TRUE,FALSE,0.5,16,FALSE,100000000,FALSE,4,FALSE,100,YCSB,FALSE,0.9,155784,844,0,0,99625,0,0,0,0,125627,0,39.1528,39773.2,10.1075,2.07016,0,0,0,0,0.535845,14.7169,12.1536,0,0,0,0,0,0,0,389308,19539,0,0
50000,TRUE,FALSE,TRUE,0,TRUE,FALSE,BAMBOO,FALSE,2.8,LH_MCSLOCK,0.05,1,1000,10,100000,TRUE,TRUE,FALSE,TRUE,FALSE,0.5,16,FALSE,100000000,FALSE,2,FALSE,100,YCSB,FALSE,0.9,77,10,0,0,124723,0,0,0,0,124767,0,20.4267,19546,0.00877337,3.76671,2.66029,0,0,0,0.293119,13.4589,0.0109522,0,0,0,0,0,0,6.74E-05,199630,9993,0,56
50000,TRUE,FALSE,TRUE,0,TRUE,FALSE,SILO,FALSE,2.8,LH_MCSLOCK,0.05,1,1000,10,100000,TRUE,TRUE,FALSE,TRUE,FALSE,0.5,16,FALSE,100000000,FALSE,2,FALSE,100,YCSB,FALSE,0.9,10599,10594,0,0,47833,0,0,0,0,121228,0,19.4763,20268.7,14.4847,0.894838,0,0,0,0,0.242226,2.67064,0.845687,0,0,0,0,0,0,0,197379,9890,0,0
50000,TRUE,FALSE,TRUE,0,TRUE,FALSE,WOUND_WAIT,FALSE,2.8,LH_MCSLOCK,0.05,1,1000,10,100000,TRUE,TRUE,FALSE,TRUE,FALSE,0.5,16,FALSE,100000000,FALSE,2,FALSE,100,YCSB,FALSE,0.9,2189,0,0,0,119053,0,0,0,0,119815,0,19.3513,20533.4,0.151108,0.892491,0,0,0,0,0.294817,9.87192,0.177691,0,0,0,0,0,43261790,2.36356,198674,9971,0,10357
50000,TRUE,FALSE,TRUE,0,TRUE,FALSE,NO_WAIT,FALSE,2.8,LH_MCSLOCK,0.05,1,1000,10,100000,TRUE,TRUE,FALSE,TRUE,FALSE,0.5,16,FALSE,100000000,FALSE,2,FALSE,100,YCSB,FALSE,0.9,38056,256,0,0,108950,0,0,0,0,121399,0,19.6328,20216.9,2.46665,0.904638,0,0,0,0,0.278786,9.81297,2.95963,0,0,0,0,0,0,0,198457,9936,0,0
50000,TRUE,FALSE,TRUE,0,TRUE,FALSE,BAMBOO,FALSE,2.8,LH_MCSLOCK,0.05,1,1000,10,100000,TRUE,TRUE,FALSE,TRUE,FALSE,0.5,16,FALSE,100000000,FALSE,1,FALSE,100,YCSB,FALSE,0.9,0,0,0,0,100855,0,0,0,0,100855,0,7.85744,12726.8,0,0.296281,0.00247714,0,0,0,0.150568,1.88716,0.00218343,0,0,0,0,0,0,0,100000,5036,0,0
50000,TRUE,FALSE,TRUE,0,TRUE,FALSE,SILO,FALSE,2.8,LH_MCSLOCK,0.05,1,1000,10,100000,TRUE,TRUE,FALSE,TRUE,FALSE,0.5,16,FALSE,100000000,FALSE,1,FALSE,100,YCSB,FALSE,0.9,0,0,0,0,115804,0,0,0,0,115804,0,9.34033,10706.3,0,0.33822,0,0,0,0,0.160486,2.08907,0.00227909,0,0,0,0,0,0,0,100000,5036,0,0
50000,TRUE,FALSE,TRUE,0,TRUE,FALSE,WOUND_WAIT,FALSE,2.8,LH_MCSLOCK,0.05,1,1000,10,100000,TRUE,TRUE,FALSE,TRUE,FALSE,0.5,16,FALSE,100000000,FALSE,1,FALSE,100,YCSB,FALSE,0.9,0,0,0,0,97223,0,0,0,0,97223,0,7.47904,13370.7,0,0.231978,0,0,0,0,0.14099,1.67793,0.00229626,0,0,0,0,0,5859188,0,100000,5036,0,0
50000,TRUE,FALSE,TRUE,0,TRUE,FALSE,NO_WAIT,FALSE,2.8,LH_MCSLOCK,0.05,1,1000,10,100000,TRUE,TRUE,FALSE,TRUE,FALSE,0.5,16,FALSE,100000000,FALSE,1,FALSE,100,YCSB,FALSE,0.9,0,0,0,0,97469,0,0,0,0,97469,0,7.48789,13354.9,0,0.219036,0,0,0,0,0.144348,1.60373,0.00207527,0,0,0,0,0,0,0,100000,5036,0,0
50000,TRUE,FALSE,TRUE,0,TRUE,FALSE,BAMBOO,FALSE,2.8,LH_MCSLOCK,0.05,1,1000,10,100000,TRUE,TRUE,FALSE,TRUE,FALSE,0.5,16,FALSE,100000000,FALSE,120,FALSE,100,YCSB,FALSE,0.9,1608454,27187,0,0,971233,0,0,0,0,977978,0,11333.4,126705,80.0127,10219.7,10079.2,0,0,0,51.7652,10754.4,132.433,0,0,0,0,0,0,9.90865,11966721,597764,0,1749944
50000,TRUE,FALSE,TRUE,0,TRUE,FALSE,SILO,FALSE,2.8,LH_MCSLOCK,0.05,1,1000,10,100000,TRUE,TRUE,FALSE,TRUE,FALSE,0.5,16,FALSE,100000000,FALSE,120,FALSE,100,YCSB,FALSE,0.9,20820562,20401865,0,0,63452,0,0,0,0,2095580,0,15926.8,58261.5,15711.5,358.507,0,0,0,0,14.3512,148.571,1725.01,0,0,0,0,0,0,0,7732657,386135,0,0
50000,TRUE,FALSE,TRUE,0,TRUE,FALSE,WOUND_WAIT,FALSE,2.8,LH_MCSLOCK,0.05,1,1000,10,100000,TRUE,TRUE,FALSE,TRUE,FALSE,0.5,16,FALSE,100000000,FALSE,120,FALSE,100,YCSB,FALSE,0.9,15682268,1221854,0,0,2396391,0,0,0,0,4664335,0,54721,25906.5,26790.5,91.5091,0,0,0,0,27.5829,473.364,1268.68,0,0,0,0,0,4400932584,26991.7,11813604,590239,0,42797156
50000,TRUE,FALSE,TRUE,0,TRUE,FALSE,NO_WAIT,FALSE,2.8,LH_MCSLOCK,0.05,1,1000,10,100000,TRUE,TRUE,FALSE,TRUE,FALSE,0.5,16,FALSE,100000000,FALSE,120,FALSE,100,YCSB,FALSE,0.9,140368901,404095,0,0,146841,0,0,0,0,1148137,0,13001.4,107929,11688,171.464,0,0,0,0,72.7646,578.92,11501.4,0,0,0,0,0,0,0,11693525,584295,0,0
50000,TRUE,FALSE,TRUE,0,TRUE,FALSE,BAMBOO,FALSE,2.8,LH_MCSLOCK,0.05,1,1000,10,100000,TRUE,TRUE,FALSE,TRUE,FALSE,0.5,16,FALSE,100000000,FALSE,96,FALSE,100,YCSB,FALSE,0.9,1263830,17359,0,0,838353,0,0,0,0,843982,0,7733.25,117798,53.1298,6890.54,6786.97,0,0,0,33.7402,7291.4,100.845,0,0,0,0,0,0,6.24033,9489145,473769,0,1286510
50000,TRUE,FALSE,TRUE,0,TRUE,FALSE,SILO,FALSE,2.8,LH_MCSLOCK,0.05,1,1000,10,100000,TRUE,TRUE,FALSE,TRUE,FALSE,0.5,16,FALSE,100000000,FALSE,96,FALSE,100,YCSB,FALSE,0.9,12484234,12353259,0,0,36407,0,0,0,0,1426642,0,5994.39,67760.1,5944.78,140.696,0,0,0,0,5.7675,42.3829,1004.08,0,0,0,0,0,0,0,4231046,210587,0,0
50000,TRUE,FALSE,TRUE,0,TRUE,FALSE,WOUND_WAIT,FALSE,2.8,LH_MCSLOCK,0.05,1,1000,10,100000,TRUE,TRUE,FALSE,TRUE,FALSE,0.5,16,FALSE,100000000,FALSE,96,FALSE,100,YCSB,FALSE,0.9,10581104,817013,0,0,1949588,0,0,0,0,3590364,0,33726.6,26964.4,15542,68.7518,0,0,0,0,20.1259,370.474,831.899,0,0,0,0,0,3253387386,17450.6,9473090,472821,0,29727305
50000,TRUE,FALSE,TRUE,0,TRUE,FALSE,NO_WAIT,FALSE,2.8,LH_MCSLOCK,0.05,1,1000,10,100000,TRUE,TRUE,FALSE,TRUE,FALSE,0.5,16,FALSE,100000000,FALSE,96,FALSE,100,YCSB,FALSE,0.9,90018212,263697,0,0,143581,0,0,0,0,926077,0,8284,107818,7268.26,119.343,0,0,0,0,49.9191,445.394,7209.29,0,0,0,0,0,0,0,9303810,464285,0,0
50000,TRUE,FALSE,TRUE,0,TRUE,FALSE,BAMBOO,FALSE,2.8,LH_MCSLOCK,0.05,1,1000,10,100000,TRUE,TRUE,FALSE,TRUE,FALSE,0.5,16,FALSE,100000000,FALSE,64,FALSE,100,YCSB,FALSE,0.9,853999,9346,0,0,622315,0,0,0,0,626871,0,3824.27,106231,28.7414,3297.67,3235.46,0,0,0,10.6486,3542.52,67.4326,0,0,0,0,0,0,2.96154,6347744,316627,0,778158
50000,TRUE,FALSE,TRUE,0,TRUE,FALSE,SILO,FALSE,2.8,LH_MCSLOCK,0.05,1,1000,10,100000,TRUE,TRUE,FALSE,TRUE,FALSE,0.5,16,FALSE,100000000,FALSE,64,FALSE,100,YCSB,FALSE,0.9,9174631,8860673,0,0,36078,0,0,0,0,607107,0,3047.46,109884,2985.28,97.0866,0,0,0,0,6.86684,50.4012,726.136,0,0,0,0,0,0,0,5232291,260643,0,0
50000,TRUE,FALSE,TRUE,0,TRUE,FALSE,WOUND_WAIT,FALSE,2.8,LH_MCSLOCK,0.05,1,1000,10,100000,TRUE,TRUE,FALSE,TRUE,FALSE,0.5,16,FALSE,100000000,FALSE,64,FALSE,100,YCSB,FALSE,0.9,4869786,361914,0,0,1293112,0,0,0,0,2154592,0,13446.6,30048.5,5438.24,41.2263,0,0,0,0,9.44423,236.778,379.637,0,0,0,0,0,1870214796,7533.6,6313275,314907,0,14697262
50000,TRUE,FALSE,TRUE,0,TRUE,FALSE,NO_WAIT,FALSE,2.8,LH_MCSLOCK,0.05,1,1000,10,100000,TRUE,TRUE,FALSE,TRUE,FALSE,0.5,16,FALSE,100000000,FALSE,64,FALSE,100,YCSB,FALSE,0.9,41294754,133710,0,0,138086,0,0,0,0,659028,0,3919.46,102256,3256.89,68.3152,0,0,0,0,25.3478,291.414,3275.9,0,0,0,0,0,0,0,6262348,312532,0,0
50000,TRUE,FALSE,TRUE,0,TRUE,FALSE,BAMBOO,FALSE,2.8,LH_MCSLOCK,0.05,1,1000,10,100000,TRUE,TRUE,FALSE,TRUE,FALSE,0.5,16,FALSE,100000000,FALSE,32,FALSE,100,YCSB,FALSE,0.9,285065,4647,0,0,301049,0,0,0,0,303904,0,884.769,114083,8.94281,643.705,616.094,0,0,0,3.99121,761.55,22.5432,0,0,0,0,0,0,0.313111,3154285,157204,0,180110
50000,TRUE,FALSE,TRUE,0,TRUE,FALSE,SILO,FALSE,2.8,LH_MCSLOCK,0.05,1,1000,10,100000,TRUE,TRUE,FALSE,TRUE,FALSE,0.5,16,FALSE,100000000,FALSE,32,FALSE,100,YCSB,FALSE,0.9,2728521,2604869,0,0,34644,0,0,0,0,362228,0,930.053,94613.7,899.866,33.5951,0,0,0,0,3.55679,26.2708,215.183,0,0,0,0,0,0,0,2749868,137128,0,0
50000,TRUE,FALSE,TRUE,0,TRUE,FALSE,WOUND_WAIT,FALSE,2.8,LH_MCSLOCK,0.05,1,1000,10,100000,TRUE,TRUE,FALSE,TRUE,FALSE,0.5,16,FALSE,100000000,FALSE,32,FALSE,100,YCSB,FALSE,0.9,992698,55069,0,0,534547,0,0,0,0,740004,0,2268.95,44660.1,650.489,19.4035,0,0,0,0,4.16515,119.425,77.4594,0,0,0,0,0,766665788,1382.87,3166615,157815,0,3689147
50000,TRUE,FALSE,TRUE,0,TRUE,FALSE,NO_WAIT,FALSE,2.8,LH_MCSLOCK,0.05,1,1000,10,100000,TRUE,TRUE,FALSE,TRUE,FALSE,0.5,16,FALSE,100000000,FALSE,32,FALSE,100,YCSB,FALSE,0.9,10743672,41281,0,0,128894,0,0,0,0,387960,0,1125.65,89400.9,813.487,27.2177,0,0,0,0,7.81662,139.908,844.818,0,0,0,0,0,0,0,3144810,156687,0,0
50000,TRUE,FALSE,TRUE,0,TRUE,FALSE,BAMBOO,FALSE,2.8,LH_MCSLOCK,0.05,1,1000,10,100000,TRUE,TRUE,FALSE,TRUE,FALSE,0.5,16,FALSE,100000000,FALSE,16,FALSE,100,YCSB,FALSE,0.9,57025,1763,0,0,173727,0,0,0,0,175040,0,239.224,105448,2.05636,130.273,118.1,0,0,0,1.92677,186.894,4.55912,0,0,0,0,0,0,0.0275458,1576605,78570,0,23311
50000,TRUE,FALSE,TRUE,0,TRUE,FALSE,SILO,FALSE,2.8,LH_MCSLOCK,0.05,1,1000,10,100000,TRUE,TRUE,FALSE,TRUE,FALSE,0.5,16,FALSE,100000000,FALSE,16,FALSE,100,YCSB,FALSE,0.9,768748,730029,0,0,33584,0,0,0,0,238643,0,301.576,74412.4,287.287,12.6759,0,0,0,0,1.80562,13.4882,60.7033,0,0,0,0,0,0,0,1402562,69880,0,0
50000,TRUE,FALSE,TRUE,0,TRUE,FALSE,WOUND_WAIT,FALSE,2.8,LH_MCSLOCK,0.05,1,1000,10,100000,TRUE,TRUE,FALSE,TRUE,FALSE,0.5,16,FALSE,100000000,FALSE,16,FALSE,100,YCSB,FALSE,0.9,184388,4115,0,0,202680,0,0,0,0,231874,0,330.578,76829.3,46.3198,9.40622,0,0,0,0,2.07078,59.9488,14.4881,0,0,0,0,0,322137786,169.494,1587380,79116,0,774020
50000,TRUE,FALSE,TRUE,0,TRUE,FALSE,NO_WAIT,FALSE,2.8,LH_MCSLOCK,0.05,1,1000,10,100000,TRUE,TRUE,FALSE,TRUE,FALSE,0.5,16,FALSE,100000000,FALSE,16,FALSE,100,YCSB,FALSE,0.9,2775931,12007,0,0,121821,0,0,0,0,250516,0,347.498,72220.5,201.568,11.5136,0,0,0,0,2.75862,67.9626,217.707,0,0,0,0,0,0,0,1568530,78212,0,0
50000,TRUE,FALSE,TRUE,0,TRUE,FALSE,BAMBOO,FALSE,2.8,LH_MCSLOCK,0.05,1,1000,10,100000,TRUE,TRUE,FALSE,TRUE,FALSE,0.5,16,FALSE,100000000,FALSE,8,FALSE,100,YCSB,FALSE,0.9,9910,906,0,0,135668,0,0,0,0,136940,0,90.443,70190.1,1.00693,37.137,31.526,0,0,0,1.05881,65.3519,0.809717,0,0,0,0,0,0,0.00370429,793526,39535,0,3360
50000,TRUE,FALSE,TRUE,0,TRUE,FALSE,SILO,FALSE,2.8,LH_MCSLOCK,0.05,1,1000,10,100000,TRUE,TRUE,FALSE,TRUE,FALSE,0.5,16,FALSE,100000000,FALSE,8,FALSE,100,YCSB,FALSE,0.9,205821,195359,0,0,32424,0,0,0,0,160752,0,103.427,58121.4,96.3575,5.02357,0,0,0,0,0.973143,7.27026,16.2557,0,0,0,0,0,0,0,751418,37440,0,0
50000,TRUE,FALSE,TRUE,0,TRUE,FALSE,WOUND_WAIT,FALSE,2.8,LH_MCSLOCK,0.05,1,1000,10,100000,TRUE,TRUE,FALSE,TRUE,FALSE,0.5,16,FALSE,100000000,FALSE,8,FALSE,100,YCSB,FALSE,0.9,45750,285,0,0,132156,0,0,0,0,138285,0,91.2829,69365.7,4.84426,4.35648,0,0,0,0,1.1002,29.5152,3.62235,0,0,0,0,0,156112456,31.1764,791487,39433,0,184267
50000,TRUE,FALSE,TRUE,0,TRUE,FALSE,NO_WAIT,FALSE,2.8,LH_MCSLOCK,0.05,1,1000,10,100000,TRUE,TRUE,FALSE,TRUE,FALSE,0.5,16,FALSE,100000000,FALSE,8,FALSE,100,YCSB,FALSE,0.9,725266,3505,0,0,115002,0,0,0,0,178613,0,119.719,52991.3,50.3703,5.03425,0,0,0,0,1.1881,33.8202,56.7259,0,0,0,0,0,0,0,793008,39507,0,0
50000,TRUE,FALSE,TRUE,0,TRUE,FALSE,BAMBOO,FALSE,2.8,LH_MCSLOCK,0.05,1,1000,10,100000,TRUE,TRUE,FALSE,TRUE,FALSE,0.5,16,FALSE,100000000,FALSE,4,FALSE,100,YCSB,FALSE,0.9,1774,503,0,0,112706,0,0,0,0,114233,0,36.3403,43584.6,0.604137,10.8272,8.33273,0,0,0,0.502433,24.3069,0.150328,0,0,0,0,0,0,0.000487522,395969,19863,0,436
50000,TRUE,FALSE,TRUE,0,TRUE,FALSE,SILO,FALSE,2.8,LH_MCSLOCK,0.05,1,1000,10,100000,TRUE,TRUE,FALSE,TRUE,FALSE,0.5,16,FALSE,100000000,FALSE,4,FALSE,100,YCSB,FALSE,0.9,48249,46958,0,0,32012,0,0,0,0,118235,0,37.647,41827.8,33.9274,2.0525,0,0,0,0,0.497586,3.68392,3.8199,0,0,0,0,0,0,0,393672,19742,0,0
50000,TRUE,FALSE,TRUE,0,TRUE,FALSE,WOUND_WAIT,FALSE,2.8,LH_MCSLOCK,0.05,1,1000,10,100000,TRUE,TRUE,FALSE,TRUE,FALSE,0.5,16,FALSE,100000000,FALSE,4,FALSE,100,YCSB,FALSE,0.9,10619,25,0,0,106989,0,0,0,0,108750,0,34.1279,46590.4,0.698472,1.9621,0,0,0,0,0.533665,14.2376,0.847696,0,0,0,0,0,74970136,7.16895,397509,19951,0,46125
50000,TRUE,FALSE,TRUE,0,TRUE,FALSE,NO_WAIT,FALSE,2.8,LH_MCSLOCK,0.05,1,1000,10,100000,TRUE,TRUE,FALSE,TRUE,FALSE,0.5,16,FALSE,100000000,FALSE,4,FALSE,100,YCSB,FALSE,0.9,153088,860,0,0,96727,0,0,0,0,121560,0,38.4993,41168.3,9.82513,2.05957,0,0,0,0,0.537527,14.4725,11.9354,0,0,0,0,0,0,0,396238,19884,0,0
50000,TRUE,FALSE,TRUE,0,TRUE,FALSE,BAMBOO,FALSE,2.8,LH_MCSLOCK,0.05,1,1000,10,100000,TRUE,TRUE,FALSE,TRUE,FALSE,0.5,16,FALSE,100000000,FALSE,2,FALSE,100,YCSB,FALSE,0.9,63,8,0,0,124830,0,0,0,0,124864,0,20.3701,19520.7,0.00673586,3.76936,2.64195,0,0,0,0.282565,13.4273,0.00987369,0,0,0,0,0,0,9.92E-05,198819,9971,0,83
50000,TRUE,FALSE,TRUE,0,TRUE,FALSE,SILO,FALSE,2.8,LH_MCSLOCK,0.05,1,1000,10,100000,TRUE,TRUE,FALSE,TRUE,FALSE,0.5,16,FALSE,100000000,FALSE,2,FALSE,100,YCSB,FALSE,0.9,10705,10698,0,0,48492,0,0,0,0,122300,0,19.8485,20104,14.7226,0.912244,0,0,0,0,0.249956,2.663,0.852047,0,0,0,0,0,0,0,199517,9999,0,0
50000,TRUE,FALSE,TRUE,0,TRUE,FALSE,WOUND_WAIT,FALSE,2.8,LH_MCSLOCK,0.05,1,1000,10,100000,TRUE,TRUE,FALSE,TRUE,FALSE,0.5,16,FALSE,100000000,FALSE,2,FALSE,100,YCSB,FALSE,0.9,2233,0,0,0,118923,0,0,0,0,119660,0,19.3417,20616.7,0.146615,0.897064,0,0,0,0,0.296918,9.8843,0.182144,0,0,0,0,0,41835874,2.32517,199381,9983,0,10357
50000,TRUE,FALSE,TRUE,0,TRUE,FALSE,NO_WAIT,FALSE,2.8,LH_MCSLOCK,0.05,1,1000,10,100000,TRUE,TRUE,FALSE,TRUE,FALSE,0.5,16,FALSE,100000000,FALSE,2,FALSE,100,YCSB,FALSE,0.9,38525,222,0,0,110681,0,0,0,0,123257,0,19.9152,19998,2.50033,0.924286,0,0,0,0,0.284711,9.94361,2.99963,0,0,0,0,0,0,0,199132,9977,0,0
50000,TRUE,FALSE,TRUE,0,TRUE,FALSE,BAMBOO,FALSE,2.8,LH_MCSLOCK,0.05,1,1000,10,100000,TRUE,TRUE,FALSE,TRUE,FALSE,0.5,16,FALSE,100000000,FALSE,1,FALSE,100,YCSB,FALSE,0.9,0,0,0,0,100182,0,0,0,0,100182,0,7.77374,12863.8,0,0.296377,0.00246553,0,0,0,0.144043,1.86659,0.0021075,0,0,0,0,0,0,0,100000,5036,0,0
50000,TRUE,FALSE,TRUE,0,TRUE,FALSE,SILO,FALSE,2.8,LH_MCSLOCK,0.05,1,1000,10,100000,TRUE,TRUE,FALSE,TRUE,FALSE,0.5,16,FALSE,100000000,FALSE,1,FALSE,100,YCSB,FALSE,0.9,0,0,0,0,115283,0,0,0,0,115283,0,9.2858,10769.1,0,0.333907,0,0,0,0,0.155277,2.07231,0.00217462,0,0,0,0,0,0,0,100000,5036,0,0
50000,TRUE,FALSE,TRUE,0,TRUE,FALSE,WOUND_WAIT,FALSE,2.8,LH_MCSLOCK,0.05,1,1000,10,100000,TRUE,TRUE,FALSE,TRUE,FALSE,0.5,16,FALSE,100000000,FALSE,1,FALSE,100,YCSB,FALSE,0.9,0,0,0,0,97206,0,0,0,0,97206,0,7.49487,13342.5,0,0.228447,0,0,0,0,0.147067,1.68164,0.00208336,0,0,0,0,0,5664856,0,100000,5036,0,0
50000,TRUE,FALSE,TRUE,0,TRUE,FALSE,NO_WAIT,FALSE,2.8,LH_MCSLOCK,0.05,1,1000,10,100000,TRUE,TRUE,FALSE,TRUE,FALSE,0.5,16,FALSE,100000000,FALSE,1,FALSE,100,YCSB,FALSE,0.9,0,0,0,0,96893,0,0,0,0,96893,0,7.46473,13396.3,0,0.223101,0,0,0,0,0.144114,1.59849,0.002041,0,0,0,0,0,0,0,100000,5036,0,0
50000,TRUE,FALSE,TRUE,0,TRUE,FALSE,BAMBOO,FALSE,2.8,LH_MCSLOCK,0.05,1,1000,10,100000,TRUE,TRUE,FALSE,TRUE,FALSE,0.5,16,FALSE,100000000,FALSE,120,FALSE,100,YCSB,FALSE,0.9,1603065,27543,0,0,970622,0,0,0,0,977352,0,11320,126781,79.7176,10206.2,10065.9,0,0,0,48.7985,10741.8,132.177,0,0,0,0,0,0,9.79988,11959762,597512,0,1750643
50000,TRUE,FALSE,TRUE,0,TRUE,FALSE,SILO,FALSE,2.8,LH_MCSLOCK,0.05,1,1000,10,100000,TRUE,TRUE,FALSE,TRUE,FALSE,0.5,16,FALSE,100000000,FALSE,120,FALSE,100,YCSB,FALSE,0.9,18259978,17893116,0,0,63373,0,0,0,0,2097429,0,13965.3,58220.7,13777.4,313.738,0,0,0,0,12.4439,130.172,1510.96,0,0,0,0,0,0,0,6775580,337841,0,0
50000,TRUE,FALSE,TRUE,0,TRUE,FALSE,WOUND_WAIT,FALSE,2.8,LH_MCSLOCK,0.05,1,1000,10,100000,TRUE,TRUE,FALSE,TRUE,FALSE,0.5,16,FALSE,100000000,FALSE,120,FALSE,100,YCSB,FALSE,0.9,15726532,1221748,0,0,2397357,0,0,0,0,4666582,0,54850.4,25898.1,26860.4,91.7381,0,0,0,0,27.6761,473.842,1272.23,0,0,0,0,0,4428225180,27054.7,11837646,591290,0,42904427
50000,TRUE,FALSE,TRUE,0,TRUE,FALSE,NO_WAIT,FALSE,2.8,LH_MCSLOCK,0.05,1,1000,10,100000,TRUE,TRUE,FALSE,TRUE,FALSE,0.5,16,FALSE,100000000,FALSE,120,FALSE,100,YCSB,FALSE,0.9,140823547,403806,0,0,147030,0,0,0,0,1145151,0,12985.2,108265,11670.9,171.901,0,0,0,0,72.8339,579.633,11483.9,0,0,0,0,0,0,0,11715312,585187,0,0
50000,TRUE,FALSE,TRUE,0,TRUE,FALSE,BAMBOO,FALSE,2.8,LH_MCSLOCK,0.05,1,1000,10,100000,TRUE,TRUE,FALSE,TRUE,FALSE,0.5,16,FALSE,100000000,FALSE,96,FALSE,100,YCSB,FALSE,0.9,1262425,17121,0,0,838703,0,0,0,0,844335,0,7730.4,117725,53.1053,6886.76,6783,0,0,0,35.4032,7288.28,100.726,0,0,0,0,0,0,6.16918,9479825,473335,0,1280355
50000,TRUE,FALSE,TRUE,0,TRUE,FALSE,SILO,FALSE,2.8,LH_MCSLOCK,0.05,1,1000,10,100000,TRUE,TRUE,FALSE,TRUE,FALSE,0.5,16,FALSE,100000000,FALSE,96,FALSE,100,YCSB,FALSE,0.9,10065241,9961122,0,0,36537,0,0,0,0,1419430,0,4801.88,67649.8,4761.62,113.592,0,0,0,0,4.61716,33.9465,809.364,0,0,0,0,0,0,0,3383813,168517,0,0
50000,TRUE,FALSE,TRUE,0,TRUE,FALSE,WOUND_WAIT,FALSE,2.8,LH_MCSLOCK,0.05,1,1000,10,100000,TRUE,TRUE,FALSE,TRUE,FALSE,0.5,16,FALSE,100000000,FALSE,96,FALSE,100,YCSB,FALSE,0.9,10610821,819523,0,0,1947781,0,0,0,0,3588985,0,33778.6,26977.5,15577.7,68.7435,0,0,0,0,20.204,370.682,834.219,0,0,0,0,0,3345786364,17467.8,9492307,473896,0,29791280
50000,TRUE,FALSE,TRUE,0,TRUE,FALSE,NO_WAIT,FALSE,2.8,LH_MCSLOCK,0.05,1,1000,10,100000,TRUE,TRUE,FALSE,TRUE,FALSE,0.5,16,FALSE,100000000,FALSE,96,FALSE,100,YCSB,FALSE,0.9,91381100,274482,0,0,143350,0,0,0,0,936198,0,8424.77,106524,7399.21,121.647,0,0,0,0,50.5413,450.743,7332.55,0,0,0,0,0,0,0,9348348,466775,0,0
50000,TRUE,FALSE,TRUE,0,TRUE,FALSE,BAMBOO,FALSE,2.8,LH_MCSLOCK,0.05,1,1000,10,100000,TRUE,TRUE,FALSE,TRUE,FALSE,0.5,16,FALSE,100000000,FALSE,64,FALSE,100,YCSB,FALSE,0.9,847065,9168,0,0,627116,0,0,0,0,631655,0,3849.7,105405,28.6011,3322.36,3260.01,0,0,0,11.0215,3568.12,66.9083,0,0,0,0,0,0,3.12545,6340301,316329,0,789843
50000,TRUE,FALSE,TRUE,0,TRUE,FALSE,SILO,FALSE,2.8,LH_MCSLOCK,0.05,1,1000,10,100000,TRUE,TRUE,FALSE,TRUE,FALSE,0.5,16,FALSE,100000000,FALSE,64,FALSE,100,YCSB,FALSE,0.9,8586538,8295755,0,0,36136,0,0,0,0,612338,0,2874.58,108918,2815.19,90.7476,0,0,0,0,6.4378,47.1931,679.311,0,0,0,0,0,0,0,4892081,243708,0,0
50000,TRUE,FALSE,TRUE,0,TRUE,FALSE,WOUND_WAIT,FALSE,2.8,LH_MCSLOCK,0.05,1,1000,10,100000,TRUE,TRUE,FALSE,TRUE,FALSE,0.5,16,FALSE,100000000,FALSE,64,FALSE,100,YCSB,FALSE,0.9,4861988,364289,0,0,1294398,0,0,0,0,2156583,0,13429.3,30019.7,5430.7,41.0646,0,0,0,0,9.44893,236.147,378.977,0,0,0,0,0,1821688896,7525.04,6299126,314260,0,14667903
50000,TRUE,FALSE,TRUE,0,TRUE,FALSE,NO_WAIT,FALSE,2.8,LH_MCSLOCK,0.05,1,1000,10,100000,TRUE,TRUE,FALSE,TRUE,FALSE,0.5,16,FALSE,100000000,FALSE,64,FALSE,100,YCSB,FALSE,0.9,41497664,135067,0,0,137805,0,0,0,0,659516,0,3927.37,102130,3264.27,68.2244,0,0,0,0,24.2026,291.884,3283.02,0,0,0,0,0,0,0,6267187,312654,0,0
50000,TRUE,FALSE,TRUE,0,TRUE,FALSE,BAMBOO,FALSE,2.8,LH_MCSLOCK,0.05,1,1000,10,100000,TRUE,TRUE,FALSE,TRUE,FALSE,0.5,16,FALSE,100000000,FALSE,32,FALSE,100,YCSB,FALSE,0.9,285507,4499,0,0,298583,0,0,0,0,301411,0,874.159,115073,8.8295,635.455,608.138,0,0,0,3.94311,751.58,22.5723,0,0,0,0,0,0,0.309186,3143507,156628,0,179341
50000,TRUE,FALSE,TRUE,0,TRUE,FALSE,SILO,FALSE,2.8,LH_MCSLOCK,0.05,1,1000,10,100000,TRUE,TRUE,FALSE,TRUE,FALSE,0.5,16,FALSE,100000000,FALSE,32,FALSE,100,YCSB,FALSE,0.9,2765529,2639914,0,0,34613,0,0,0,0,361437,0,942.947,94785,911.886,34.1679,0,0,0,0,3.60712,26.7118,218.013,0,0,0,0,0,0,0,2793041,138930,0,0
50000,TRUE,FALSE,TRUE,0,TRUE,FALSE,WOUND_WAIT,FALSE,2.8,LH_MCSLOCK,0.05,1,1000,10,100000,TRUE,TRUE,FALSE,TRUE,FALSE,0.5,16,FALSE,100000000,FALSE,32,FALSE,100,YCSB,FALSE,0.9,991974,55880,0,0,532190,0,0,0,0,737018,0,2258.91,44842,648.29,19.3263,0,0,0,0,4.13957,118.667,77.4233,0,0,0,0,0,726206694,1376.43,3165444,157779,0,3685492
50000,TRUE,FALSE,TRUE,0,TRUE,FALSE,NO_WAIT,FALSE,2.8,LH_MCSLOCK,0.05,1,1000,10,100000,TRUE,TRUE,FALSE,TRUE,FALSE,0.5,16,FALSE,100000000,FALSE,32,FALSE,100,YCSB,FALSE,0.9,10621383,41013,0,0,128722,0,0,0,0,383798,0,1114.7,90472.4,802.657,27.2804,0,0,0,0,6.51304,140.088,834.323,0,0,0,0,0,0,0,3151543,157029,0,0
50000,TRUE,FALSE,TRUE,0,TRUE,FALSE,BAMBOO,FALSE,2.8,LH_MCSLOCK,0.05,1,1000,10,100000,TRUE,TRUE,FALSE,TRUE,FALSE,0.5,16,FALSE,100000000,FALSE,16,FALSE,100,YCSB,FALSE,0.9,57748,1748,0,0,176804,0,0,0,0,178138,0,243.684,103433,2.08846,133.747,121.415,0,0,0,1.93333,190.682,4.62551,0,0,0,0,0,0,0.0295185,1575313,78557,0,24320
50000,TRUE,FALSE,TRUE,0,TRUE,FALSE,SILO,FALSE,2.8,LH_MCSLOCK,0.05,1,1000,10,100000,TRUE,TRUE,FALSE,TRUE,FALSE,0.5,16,FALSE,100000000,FALSE,16,FALSE,100,YCSB,FALSE,0.9,790714,751516,0,0,33499,0,0,0,0,239079,0,309.39,74335,295.23,12.9739,0,0,0,0,1.88401,13.9533,62.4114,0,0,0,0,0,0,0,1437405,71659,0,0
50000,TRUE,FALSE,TRUE,0,TRUE,FALSE,WOUND_WAIT,FALSE,2.8,LH_MCSLOCK,0.05,1,1000,10,100000,TRUE,TRUE,FALSE,TRUE,FALSE,0.5,16,FALSE,100000000,FALSE,16,FALSE,100,YCSB,FALSE,0.9,183550,3912,0,0,202228,0,0,0,0,230947,0,329.441,77117.9,45.5792,9.45516,0,0,0,0,2.05512,60.035,14.4247,0,0,0,0,0,326740784,168.838,1587860,79180,0,768739
50000,TRUE,FALSE,TRUE,0,TRUE,FALSE,NO_WAIT,FALSE,2.8,LH_MCSLOCK,0.05,1,1000,10,100000,TRUE,TRUE,FALSE,TRUE,FALSE,0.5,16,FALSE,100000000,FALSE,16,FALSE,100,YCSB,FALSE,0.9,2805291,12146,0,0,121517,0,0,0,0,251280,0,350.47,71793.7,203.775,11.4952,0,0,0,0,2.50651,68.2895,220.074,0,0,0,0,0,0,0,1572597,78479,0,0