ABORT_PENALTY,CC_ALG,CLV_RETIRE_ON,DEBUG_BENCHMARK,DEBUG_CLV,DEBUG_PROFILING,DEBUG_TMP,DYNAMIC_TS,MAX_TXN_PER_PART,NUM_WH,PERC_PAYMENT,REORDER_WH,RETIRE_ON,SPINLOCK,THREAD_CNT,WORKLOAD,abort_cnt,cycle_detect,deadlock_cnt,debug1,debug10,debug2,debug3,debug4,debug5,debug6,debug7,debug8,debug9,dl_detect_time,dl_wait_time,latency,run_time,throughput,time_abort,time_cleanup,time_index,time_man,time_query,time_ts_alloc,time_wait,txn_cnt
0,CLV,1,False,False,True,False,True,100000,1,0.0,False,True,True,1,TPCC,0.0,0.0,0.0,0.27473200000000003,0.0,0.0,0.0,0.0,0.0,0.044441666666666664,0.03569866666666666,0.001111,0.0,0.0,0.0,1.2e-05,1.2232966666666665,81748.27493933334,0.0,0.175682,0.06675033333333333,0.655352,0.0024270000000000003,0.0,0.0,100000.0
0,CLV,1,False,False,True,False,True,100000,1,0.0,False,True,True,2,TPCC,90.66666666666667,0.0,0.0,1.0872006666666667,0.0,0.0,0.033279333333333334,0.21302100000000002,0.06269466666666666,0.21330633333333335,0.12937733333333332,0.038183666666666664,0.0,0.0,0.0,2.0666666666666666e-05,4.001361333333333,98493.29026266666,0.0014600000000000001,0.6526643333333334,0.15147200000000002,2.2625126666666664,0.005112666666666667,0.0,0.0003673333333333334,195797.0
0,CLV,1,False,False,True,False,True,100000,1,0.0,False,True,True,4,TPCC,2277.0,0.0,0.0,2.5344116666666667,0.0,0.0,0.1520756666666667,0.5537096666666667,0.145575,0.5222106666666667,0.3348343333333334,0.23194833333333334,0.0,0.0,0.0,2.4e-05,9.109197333333334,167598.59720266666,0.043268,1.6735303333333331,0.30722099999999997,5.259230333333334,0.010459999999999999,0.0,0.0009956666666666666,381055.0
0,CLV,1,False,False,True,False,True,100000,1,0.0,False,True,True,8,TPCC,19725.666666666668,0.0,0.0,4.662498,0.0,0.0,0.4598386666666667,1.3860623333333333,0.326125,1.2473976666666668,0.7913173333333333,0.84194,0.0,0.0,0.0,2.4333333333333333e-05,18.796091666666666,334603.3749353333,0.3330386666666667,3.8983260000000004,0.5947303333333332,11.126987,0.023017333333333334,0.0,0.003067333333333333,781660.6666666666
0,CLV,1,False,False,True,False,True,100000,1,0.0,False,True,True,16,TPCC,142850.0,0.0,0.0,23.905053,0.0,0.0,1.4314049999999998,7.691171000000001,0.740428,15.889024,2.2534810000000003,3.0508740000000003,0.0,0.0,0.0,5.3e-05,75.371533,300875.82071,6.038702,23.137621,1.132578,50.665729,0.054126,0.0,0.037845,1417342.0
0,CLV,1,False,False,True,False,True,100000,1,0.5,False,True,True,1,TPCC,0.0,0.0,0.0,0.15691866666666668,0.0,0.0,0.0,0.0,0.0,0.025553000000000003,0.02046566666666667,0.0011633333333333333,0.0,0.0,0.0,7.000000000000001e-06,0.7293156666666666,137143.547353,0.0,0.10896433333333333,0.03529266666666667,0.3740493333333334,0.0024463333333333333,0.0,0.0,100000.0
0,CLV,1,False,False,True,False,True,100000,1,0.5,False,True,True,2,TPCC,733.0,0.0,0.0,0.750325,0.0,0.0,0.11199566666666667,0.23491933333333334,0.049009,0.18076699999999998,0.14162666666666668,0.785463,0.0,0.0,0.0,2e-05,3.9316899999999997,99935.00289566665,0.006745999999999999,1.2504846666666667,0.11980233333333334,2.6012296666666668,0.005755333333333334,0.0,0.0021956666666666665,196446.0
0,CLV,1,False,False,True,False,True,100000,1,0.5,False,True,True,4,TPCC,4231.0,0.0,0.0,1.478535,0.0,0.0,0.2991403333333333,0.5588806666666666,0.13554599999999997,0.44932466666666665,0.3429506666666667,3.0628096666666664,0.0,0.0,0.0,2.3666666666666665e-05,9.377384000000001,169897.256756,0.045169666666666664,4.157058,0.2090443333333333,6.727448333333332,0.012336,0.0,0.026862333333333332,396184.3333333333
0,CLV,1,False,False,True,False,True,100000,1,0.5,False,True,True,8,TPCC,27979.666666666668,0.0,0.0,3.518795666666667,0.0,0.0,0.9245526666666667,1.4058416666666667,0.3146906666666667,1.2602136666666668,0.8721113333333333,10.852869999999998,0.0,0.0,0.0,3.233333333333333e-05,25.986829,246281.8828253333,0.45341500000000007,13.636745666666664,0.4152216666666666,19.824434999999998,0.02631633333333333,0.0,0.21954200000000001,795622.6666666666
0,CLV,1,False,False,True,False,True,100000,1,0.5,False,True,True,16,TPCC,133511.0,0.0,0.0,10.655741333333333,0.0,0.0,3.3216403333333333,5.166581666666667,0.9018070000000001,6.083662666666666,2.4260433333333333,52.407261000000005,0.0,0.0,0.0,6.366666666666666e-05,101.61292900000001,250605.11400766662,4.2811433333333335,62.30795633333333,0.8838093333333333,78.17398633333333,0.06295166666666667,0.0,5.624475666666666,1591454.3333333333
0,CLV,1,False,False,True,False,True,100000,1,1.0,False,True,True,1,TPCC,0.0,0.0,0.0,0.013245333333333333,0.0,0.0,0.0,0.0,0.0,0.0047740000000000005,0.004627,0.001149,0.0,0.0,0.0,1e-06,0.13802000000000003,724575.2152243332,0.0,0.02664933333333333,0.008008,0.060284,0.0027896666666666664,0.0,0.0,100000.0
0,CLV,1,False,False,True,False,True,100000,1,1.0,False,True,True,2,TPCC,2.0,0.0,0.0,0.07923033333333333,0.0,0.0,0.038206333333333335,0.05985933333333334,0.018499666666666664,0.07303766666666667,0.061180000000000005,0.01725233333333333,0.0,0.0,0.0,3e-06,0.6672399999999999,599327.5669256666,1.3333333333333332e-05,0.19145833333333337,0.023561666666666665,0.37568566666666664,0.006163333333333333,0.0,0.0010190000000000002,199915.0
0,CLV,1,False,False,True,False,True,100000,1,1.0,False,True,True,4,TPCC,117.33333333333333,0.0,0.0,0.597836,0.0,0.0,0.19061000000000003,0.46641166666666667,0.13315133333333332,0.5128666666666667,0.23073100000000002,0.596074,0.0,0.0,0.0,9.666666666666667e-06,3.821836333333333,416316.45398600004,0.0011530000000000002,1.4520446666666667,0.069058,2.4754253333333334,0.012582666666666667,0.0,0.19622900000000001,397708.0
0,CLV,1,False,False,True,False,True,100000,1,1.0,False,True,True,8,TPCC,336.6666666666667,0.0,0.0,1.634151,0.0,0.0,0.6190383333333332,1.2891329999999999,0.27952899999999997,1.3453636666666666,0.5434086666666668,7.703258000000001,0.0,0.0,0.0,2.1666666666666664e-05,17.321734333333335,367789.0537343333,0.0055446666666666665,9.813884,0.14159133333333335,12.621434666666667,0.024986666666666667,0.0,2.053523,792430.3333333334
0,CLV,1,False,False,True,False,True,100000,1,1.0,False,True,True,16,TPCC,401.6666666666667,0.0,0.0,2.876073,0.0,0.0,2.288520333333334,2.5887610000000003,0.5534233333333333,3.107356,1.5777793333333332,60.14464833333333,0.0,0.0,0.0,5.133333333333333e-05,81.99315666666668,311750.076066,0.007821333333333333,65.247539,0.2804696666666667,71.62274233333333,0.05576366666666666,0.0,4.885569333333334,1596193.0
0,CLV,1,False,False,True,False,True,100000,2,0.0,False,True,True,1,TPCC,0.0,0.0,0.0,0.29077099999999995,0.0,0.0,0.0,0.0,0.0,0.045806999999999994,0.038303666666666666,0.0011686666666666666,0.0,0.0,0.0,1.3333333333333335e-05,1.3252883333333332,75476.99118900001,0.0,0.18600933333333333,0.07454133333333333,0.7061076666666667,0.0025036666666666666,0.0,0.0,100000.0
0,CLV,1,False,False,True,False,True,100000,2,0.0,False,True,True,2,TPCC,0.0,0.0,0.0,0.9350073333333334,0.0,0.0,4.5e-05,0.002601,0.0008746666666666668,0.16855799999999999,0.07104633333333334,0.0022093333333333335,0.0,0.0,0.0,1.7e-05,3.203068,117167.84184266668,0.0,0.44073633333333334,0.15443366666666666,1.836242333333333,0.004740333333333333,0.0,0.000196,187623.0
0,CLV,1,False,False,True,False,True,100000,2,0.0,False,True,True,4,TPCC,180.33333333333334,0.0,0.0,2.170352,0.0,0.0,0.061091666666666655,0.42819633333333335,0.12039599999999999,0.425283,0.250209,0.072539,0.0,0.0,0.0,2.1333333333333338e-05,7.841739333333334,186862.06102133333,0.0030243333333333333,1.2725039999999999,0.31524166666666664,4.315514333333334,0.009785666666666666,0.0,0.001881666666666667,365879.6666666667
0,CLV,1,False,False,True,False,True,100000,2,0.0,False,True,True,8,TPCC,4481.0,0.0,0.0,5.112837,0.0,0.0,0.30244,1.1140845000000001,0.294744,1.044868,0.66499,0.48173699999999997,0.0,0.0,0.0,2.5e-05,18.883341,319359.942031,0.08784349999999999,3.2878705000000004,0.661627,10.981319500000001,0.0213125,0.0,0.0017955,752002.0
0,CLV,1,False,False,True,False,True,100000,2,0.0,False,True,True,16,TPCC,38182.0,0.0,0.0,11.008716499999998,0.0,0.0,1.3053755,2.6949180000000004,0.70028,2.826633,2.008569,2.366276,0.0,0.0,0.0,2.9999999999999997e-05,44.827121000000005,534052.222555,0.7866590000000001,9.371508,1.4892115000000001,27.225003,0.0470925,0.0,0.012903999999999999,1493755.5
0,CLV,1,False,False,True,False,True,100000,2,0.5,False,True,True,1,TPCC,0.0,0.0,0.0,0.17148733333333332,0.0,0.0,0.0,0.0,0.0,0.025255333333333334,0.020803666666666668,0.0011886666666666666,0.0,0.0,0.0,8.333333333333332e-06,0.805628,124643.83013633332,0.0,0.10766000000000002,0.035947,0.406585,0.0025036666666666666,0.0,0.0,100000.0
0,CLV,1,False,False,True,False,True,100000,2,0.5,False,True,True,2,TPCC,0.0,0.0,0.0,0.5621426666666666,0.0,0.0,3.066666666666666e-05,0.001098,0.0003463333333333333,0.09789066666666667,0.04337633333333333,0.0022786666666666667,0.0,0.0,0.0,1.0666666666666669e-05,2.010118,188734.26708633333,0.0,0.268974,0.084467,1.1315,0.004838666666666667,0.0,0.000124,189520.66666666666
0,CLV,1,False,False,True,False,True,100000,2,0.5,False,True,True,4,TPCC,1697.0,0.0,0.0,1.3252096666666668,0.0,0.0,0.187667,0.39941066666666664,0.09652333333333334,0.338111,0.25352366666666665,1.3437530000000002,0.0,0.0,0.0,1.7666666666666668e-05,6.883868666666667,227695.68144533332,0.012345333333333333,2.1969213333333335,0.20413099999999998,4.415335,0.011977666666666666,0.0,0.003934333333333333,388642.0
0,CLV,1,False,False,True,False,True,100000,2,0.5,False,True,True,8,TPCC,9714.0,0.0,0.0,2.9435403333333334,0.0,0.0,0.5753726666666666,1.029809,0.2622826666666667,0.8565216666666666,0.641768,6.220976333333333,0.0,0.0,0.0,2.4333333333333333e-05,19.005116666666666,333907.2412736667,0.10104533333333333,8.305440333333332,0.41534166666666666,13.645873333333334,0.025110999999999998,0.0,0.044081,782043.6666666666
0,CLV,1,False,False,True,False,True,100000,2,0.5,False,True,True,16,TPCC,58565.333333333336,0.0,0.0,6.915727666666666,0.0,0.0,2.163338,2.6109910000000003,0.6654863333333334,2.514673333333333,1.9231416666666667,22.945952000000002,0.0,0.0,0.0,3.5e-05,54.29004833333334,459927.63020466664,0.9411063333333334,28.679193333333334,0.9399086666666667,41.56814533333333,0.055618,0.0,0.3840343333333333,1559201.0
0,CLV,1,False,False,True,False,True,100000,2,1.0,False,True,True,1,TPCC,0.0,0.0,0.0,0.015859333333333333,0.0,0.0,0.0,0.0,0.0,0.004740333333333333,0.004605666666666667,0.001143,0.0,0.0,0.0,1.6666666666666665e-06,0.15260100000000001,655456.9360203333,0.0,0.026926999999999996,0.008908333333333332,0.06322233333333334,0.002766666666666667,0.0,0.0,100000.0
0,CLV,1,False,False,True,False,True,100000,2,1.0,False,True,True,2,TPCC,0.0,0.0,0.0,0.050482666666666676,0.0,0.0,2e-06,4e-06,2.333333333333333e-06,0.020146333333333336,0.009443,0.0023833333333333332,0.0,0.0,0.0,2e-06,0.37050299999999997,1076272.345949,0.0,0.06731233333333335,0.016777333333333335,0.18538566666666667,0.005810999999999999,0.0,1e-06,198264.33333333334
0,CLV,1,False,False,True,False,True,100000,2,1.0,False,True,True,4,TPCC,6.333333333333333,0.0,0.0,0.1682503333333333,0.0,0.0,0.07827766666666668,0.10891866666666666,0.03713966666666666,0.143954,0.10906766666666666,0.064151,0.0,0.0,0.0,4e-06,1.4479526666666669,1047512.6197379999,3.1e-05,0.399427,0.05129566666666666,0.8358250000000002,0.011779,0.0,0.0016876666666666665,378415.3333333333
0,CLV,1,False,False,True,False,True,100000,2,1.0,False,True,True,8,TPCC,197.66666666666666,0.0,0.0,0.855645,0.0,0.0,0.31747333333333333,0.5794123333333333,0.211043,0.7241453333333333,0.33869900000000003,0.7692386666666667,0.0,0.0,0.0,7.666666666666667e-06,5.753136333333333,1069098.285906,0.001575,2.038724,0.09589866666666667,3.592119,0.027589,0.0,0.21944733333333333,761113.6666666666
0,CLV,1,False,False,True,False,True,100000,2,1.0,False,True,True,16,TPCC,1126.3333333333333,0.0,0.0,2.295163666666667,0.0,0.0,1.112746,1.7206026666666665,0.4531593333333333,2.0130136666666663,0.9832719999999999,12.869763999999998,0.0,0.0,0.0,1.866666666666667e-05,27.550083666666666,880100.261713,0.015678666666666664,16.250644333333334,0.23959566666666668,20.688886,0.049898,0.0,2.573017666666667,1499916.6666666667
0,CLV,1,False,False,True,False,True,100000,4,0.0,False,True,True,1,TPCC,0.0,0.0,0.0,0.28049266666666667,0.0,0.0,0.0,0.0,0.0,0.044922666666666666,0.03598199999999999,0.0011353333333333335,0.0,0.0,0.0,1.3333333333333332e-05,1.343293,75056.57210366667,0.0,0.18212666666666666,0.08821233333333334,0.6774706666666667,0.002458,0.0,0.0,100000.0
0,CLV,1,False,False,True,False,True,100000,4,0.0,False,True,True,2,TPCC,0.0,0.0,0.0,0.9372363333333334,0.0,0.0,2.1333333333333338e-05,0.0014386666666666669,0.00047433333333333333,0.167678,0.06998533333333334,0.0021936666666666667,0.0,0.0,0.0,1.7333333333333332e-05,3.2574710000000002,116233.985543,0.0,0.4384766666666667,0.18106633333333333,1.8469286666666669,0.004754666666666667,0.0,5.933333333333333e-05,189249.0
0,CLV,1,False,False,True,False,True,100000,4,0.0,False,True,True,4,TPCC,0.0,0.0,0.0,2.0640536666666667,0.0,0.0,0.00010966666666666666,0.013519666666666666,0.003632,0.3622666666666667,0.1495773333333333,0.004468,0.0,0.0,0.0,1.8e-05,6.871894999999999,224046.53253033335,0.0,0.9913233333333333,0.33250266666666667,3.899066,0.009681333333333333,0.0,0.000505,383194.6666666667
0,CLV,1,False,False,True,False,True,100000,4,0.0,False,True,True,8,TPCC,372.0,0.0,0.0,4.726507,0.0,0.0,0.12832133333333332,0.943304,0.26510866666666666,0.8744616666666666,0.5379216666666666,0.15592633333333333,0.0,0.0,0.0,2.3333333333333336e-05,17.399069666666666,345674.9272656667,0.006883666666666666,2.5517826666666665,0.7242263333333333,9.453228333333334,0.020908666666666662,0.0,0.0019443333333333333,751369.6666666666
0,CLV,1,False,False,True,False,True,100000,4,0.0,False,True,True,16,TPCC,9038.0,0.0,0.0,10.266752666666667,0.0,0.0,0.751041,2.3283946666666666,0.6371220000000001,2.245313,1.629735,1.096112,0.0,0.0,0.0,2.8000000000000003e-05,41.197089,569335.862702,0.20018499999999997,7.094486333333333,1.5695456666666665,23.271896666666667,0.044082333333333334,0.0,0.009741666666666668,1465436.0
0,CLV,1,False,False,True,False,True,100000,4,0.5,False,True,True,1,TPCC,0.0,0.0,0.0,0.15820233333333333,0.0,0.0,0.0,0.0,0.0,0.025859000000000004,0.02119233333333333,0.0012046666666666666,0.0,0.0,0.0,9e-06,0.8554280000000002,117981.16784233334,0.0,0.11112433333333334,0.05370666666666666,0.433867,0.002548,0.0,0.0,100000.0
0,CLV,1,False,False,True,False,True,100000,4,0.5,False,True,True,2,TPCC,0.0,0.0,0.0,0.550205,0.0,0.0,6.6666666666666675e-06,0.00019166666666666667,6.599999999999999e-05,0.10150866666666665,0.041146999999999996,0.002326,0.0,0.0,0.0,1.0333333333333333e-05,1.9986899999999999,195721.922802,0.0,0.2722993333333334,0.08264566666666667,1.064534,0.0050806666666666665,0.0,2.7000000000000002e-05,195563.0
0,CLV,1,False,False,True,False,True,100000,4,0.5,False,True,True,4,TPCC,0.0,0.0,0.0,1.1462126666666668,0.0,0.0,4e-05,0.0026530000000000004,0.000687,0.20289800000000002,0.08196866666666668,0.004559666666666667,0.0,0.0,0.0,1.0333333333333333e-05,3.9187746666666663,394551.4209896666,0.0,0.5609476666666667,0.15124333333333337,2.089357,0.009702666666666667,0.0,0.000197,386055.3333333333
0,CLV,1,False,False,True,False,True,100000,4,0.5,False,True,True,8,TPCC,3907.3333333333335,0.0,0.0,2.585724666666667,0.0,0.0,0.353689,0.792814,0.19325333333333336,0.6376063333333333,0.466256,2.725934666666667,0.0,0.0,0.0,1.8333333333333333e-05,13.854889333333334,436883.49602666666,0.025947666666666664,4.330194333333333,0.4429096666666667,8.803322000000001,0.024951666666666667,0.0,0.006342,753274.0
0,CLV,1,False,False,True,False,True,100000,4,0.5,False,True,True,16,TPCC,21132.666666666668,0.0,0.0,6.306105666666667,0.0,0.0,1.4536736666666668,2.2362536666666664,0.5698353333333334,1.8600793333333332,1.4746426666666668,13.890364,0.0,0.0,0.0,2.8666666666666668e-05,42.36938966666666,555199.398044,0.24403333333333335,18.413839333333332,1.0202583333333333,30.237088,0.049439333333333335,0.0,0.12499333333333333,1471140.3333333333
0,CLV,1,False,False,True,False,True,100000,4,1.0,False,True,True,1,TPCC,0.0,0.0,0.0,0.02215133333333334,0.0,0.0,0.0,0.0,0.0,0.00534,0.005191333333333333,0.0012923333333333333,0.0,0.0,0.0,2.6666666666666664e-06,0.255365,392757.3387840001,0.0,0.03237166666666667,0.013681666666666667,0.12304700000000002,0.0030673333333333334,0.0,0.0,100000.0
0,CLV,1,False,False,True,False,True,100000,4,1.0,False,True,True,2,TPCC,0.0,0.0,0.0,0.056134666666666666,0.0,0.0,6.666666666666666e-07,0.0,3.333333333333333e-07,0.020996,0.009853333333333334,0.0024869999999999996,0.0,0.0,0.0,2e-06,0.40188333333333337,974577.7895386666,0.0,0.07034,0.01796,0.198321,0.0060346666666666665,0.0,3.333333333333333e-07,195635.33333333334
0,CLV,1,False,False,True,False,True,100000,4,1.0,False,True,True,4,TPCC,0.0,0.0,0.0,0.11810399999999999,0.0,0.0,5.999999999999999e-06,1.0333333333333333e-05,6.6666666666666675e-06,0.039942666666666675,0.019441666666666666,0.004746666666666666,0.0,0.0,0.0,2e-06,0.8310366666666668,1811961.174071,0.0,0.13775666666666667,0.037822666666666664,0.414968,0.011562333333333334,0.0,3.6666666666666666e-06,376291.3333333333
0,CLV,1,False,False,True,False,True,100000,4,1.0,False,True,True,8,TPCC,38.0,0.0,0.0,0.419398,0.0,0.0,0.24492766666666665,0.27694766666666665,0.12296099999999999,0.31762833333333335,0.2534706666666667,0.17979633333333334,0.0,0.0,0.0,5e-06,3.8204886666666664,1586656.523447667,0.00026566666666666666,0.9429280000000001,0.120488,2.069474666666667,0.029048666666666667,0.0,0.009947,756304.0
0,CLV,1,False,False,True,False,True,100000,4,1.0,False,True,True,16,TPCC,465.6666666666667,0.0,0.0,1.5840856666666667,0.0,0.0,0.6657736666666666,1.085522,0.34952300000000003,1.2927213333333334,0.7047279999999999,1.373563,0.0,0.0,0.0,7.666666666666667e-06,10.901719666666667,2113403.6531106667,0.003696333333333333,3.7068013333333334,0.22047666666666668,6.910142333333333,0.04768433333333333,0.0,0.43580966666666665,1439631.6666666667
0,CLV,1,False,False,True,False,True,100000,8,0.0,False,True,True,1,TPCC,0.0,0.0,0.0,0.27415833333333334,0.0,0.0,0.0,0.0,0.0,0.046269,0.037241666666666666,0.001176,0.0,0.0,0.0,1.4333333333333334e-05,1.4082673333333335,71044.67038566667,0.0,0.18530000000000002,0.09712100000000001,0.6519719999999999,0.002526,0.0,0.0,100000.0
0,CLV,1,False,False,True,False,True,100000,8,0.0,False,True,True,2,TPCC,0.0,0.0,0.0,0.952773,0.0,0.0,8.666666666666668e-06,0.0002696666666666667,9.933333333333333e-05,0.16652566666666666,0.069691,0.0021646666666666667,0.0,0.0,0.0,1.8333333333333333e-05,3.4330176666666663,108548.44772266666,0.0,0.43783400000000006,0.20478133333333334,1.8322883333333333,0.004726,0.0,1.4333333333333334e-05,185900.66666666666
0,CLV,1,False,False,True,False,True,100000,8,0.0,False,True,True,4,TPCC,0.0,0.0,0.0,1.9434336666666667,0.0,0.0,4.466666666666667e-05,0.006145333333333333,0.0016863333333333333,0.3328953333333334,0.14148066666666667,0.004233666666666667,0.0,0.0,0.0,1.9e-05,6.837928000000001,211881.28862566667,0.0,0.9340073333333333,0.44574933333333333,3.688098,0.009237666666666667,0.0,0.00015600000000000002,361996.3333333333
0,CLV,1,False,False,True,False,True,100000,8,0.0,False,True,True,8,TPCC,0.0,0.0,0.0,4.134537333333333,0.0,0.0,0.00018833333333333332,0.038623333333333336,0.009073666666666666,0.6973379999999999,0.29399100000000006,0.008583666666666668,0.0,0.0,0.0,2e-05,14.307137333333335,398405.96809233335,0.0,1.8072733333333335,0.9063823333333333,7.881748666666667,0.018515,0.0,0.000857,712220.6666666666
0,CLV,1,False,False,True,False,True,100000,8,0.0,False,True,True,16,TPCC,689.5,0.0,0.0,8.1055215,0.0,0.0,0.3364235,1.8544905,0.5939464999999999,1.7763499999999999,1.445192,0.3283485,0.0,0.0,0.0,2.5500000000000003e-05,35.73520499999999,627579.088519,0.013545000000000001,5.324420999999999,2.3830484999999997,18.982633999999997,0.042563000000000004,0.0,0.003871,1401643.5
0,CLV,1,False,False,True,False,True,100000,8,0.5,False,True,True,1,TPCC,0.0,0.0,0.0,0.16278866666666666,0.0,0.0,0.0,0.0,0.0,0.02638333333333333,0.021825333333333335,0.0012396666666666667,0.0,0.0,0.0,9.333333333333333e-06,0.9312186666666666,108515.35887033334,0.0,0.11210666666666667,0.06423633333333333,0.4261966666666667,0.0028,0.0,0.0,100000.0
0,CLV,1,False,False,True,False,True,100000,8,0.5,False,True,True,2,TPCC,0.0,0.0,0.0,0.5454873333333333,0.0,0.0,6e-06,0.000114,4.066666666666667e-05,0.09594366666666666,0.04012166666666667,0.0022823333333333333,0.0,0.0,0.0,1e-05,1.9713696666666667,195099.54487266668,0.0,0.26154933333333336,0.09274366666666667,1.0130666666666668,0.004854999999999999,0.0,2.7000000000000002e-05,192302.0
0,CLV,1,False,False,True,False,True,100000,8,0.5,False,True,True,4,TPCC,0.0,0.0,0.0,1.061838,0.0,0.0,2.3e-05,0.001008,0.0002843333333333333,0.19037099999999998,0.07990766666666667,0.004450333333333333,0.0,0.0,0.0,1.0333333333333333e-05,3.930705666666667,389025.99479333335,0.0,0.5204270000000001,0.20212966666666665,1.9699276666666663,0.009572333333333334,0.0,0.00010133333333333333,381410.3333333333
0,CLV,1,False,False,True,False,True,100000,8,0.5,False,True,True,8,TPCC,0.0,0.0,0.0,2.243816666666667,0.0,0.0,8.933333333333334e-05,0.010584000000000001,0.0023789999999999996,0.39011866666666667,0.16114366666666669,0.008791333333333333,0.0,0.0,0.0,1.0666666666666666e-05,7.980379666666667,740120.2116550001,0.0,1.0497936666666667,0.413453,4.1129246666666655,0.01874666666666667,0.0,0.0004506666666666667,736947.3333333334
0,CLV,1,False,False,True,False,True,100000,8,0.5,False,True,True,16,TPCC,9196.333333333334,0.0,0.0,5.1460919999999994,0.0,0.0,1.004002,1.490831,0.4167533333333333,1.3138596666666666,1.118284,6.154643666666666,0.0,0.0,0.0,2.2000000000000003e-05,30.930650666666665,730200.0793043333,0.06801233333333333,9.583927999999998,1.4874926666666666,19.719484666666666,0.046168999999999995,0.0,0.020001666666666668,1411548.3333333333
0,CLV,1,False,False,True,False,True,100000,8,1.0,False,True,True,1,TPCC,0.0,0.0,0.0,0.019306666666666666,0.0,0.0,0.0,0.0,0.0,0.005333666666666667,0.005204,0.001305333333333333,0.0,0.0,0.0,2.333333333333333e-06,0.24230933333333335,426843.5486060001,0.0,0.03079066666666667,0.01855633333333333,0.11154166666666669,0.0030796666666666668,0.0,0.0,100000.0
0,CLV,1,False,False,True,False,True,100000,8,1.0,False,True,True,2,TPCC,0.0,0.0,0.0,0.060073999999999995,0.0,0.0,0.0,0.0,0.0,0.021729666666666664,0.010188000000000001,0.002577666666666667,0.0,0.0,0.0,2e-06,0.44155733333333336,891980.7791393334,0.0,0.07312466666666667,0.026642333333333334,0.21191566666666664,0.006258333333333334,0.0,0.0,196702.0
0,CLV,1,False,False,True,False,True,100000,8,1.0,False,True,True,4,TPCC,0.0,0.0,0.0,0.13177966666666666,0.0,0.0,2.6666666666666664e-06,5e-06,3.666666666666667e-06,0.04203266666666666,0.019903333333333332,0.005016666666666667,0.0,0.0,0.0,2.333333333333333e-06,0.9268266666666666,1698628.1472143333,0.0,0.143146,0.05484133333333333,0.44345999999999997,0.012156333333333333,0.0,2e-06,388511.3333333333
0,CLV,1,False,False,True,False,True,100000,8,1.0,False,True,True,8,TPCC,0.0,0.0,0.0,0.269023,0.0,0.0,1.1666666666666666e-05,2.1333333333333338e-05,1.3333333333333332e-05,0.07895233333333333,0.03948566666666667,0.009419333333333333,0.0,0.0,0.0,2.333333333333333e-06,1.8853179999999998,3197306.8960473333,0.0,0.27930533333333335,0.11267100000000001,0.9036916666666667,0.022924666666666666,0.0,8.666666666666668e-06,741966.3333333334
0,CLV,1,False,False,True,False,True,100000,8,1.0,False,True,True,16,TPCC,51.0,0.0,0.0,0.800875,0.0,0.0,0.5088673333333333,0.43503633333333336,0.16367066666666666,0.592038,0.5425363333333334,0.33496533333333334,0.0,0.0,0.0,5e-06,7.098786999999999,3364716.878744667,0.000305,1.8182696666666667,0.3135323333333333,4.0955156666666666,0.04818233333333333,0.0,0.018241666666666666,1492167.3333333333
0,CLV,1,False,False,True,False,True,100000,16,0.0,False,True,True,1,TPCC,0.0,0.0,0.0,0.276468,0.0,0.0,0.0,0.0,0.0,0.04495066666666667,0.03726666666666666,0.0011453333333333335,0.0,0.0,0.0,1.5666666666666667e-05,1.5378416666666668,65473.093217999995,0.0,0.183177,0.17012933333333335,0.6712646666666666,0.0024653333333333333,0.0,0.0,100000.0
0,CLV,1,False,False,True,False,True,100000,16,0.0,False,True,True,2,TPCC,0.0,0.0,0.0,0.9146426666666666,0.0,0.0,6.6666666666666675e-06,0.00017233333333333334,6.433333333333333e-05,0.16248833333333335,0.06604766666666667,0.0028423333333333334,0.0,0.0,0.0,1.9999999999999998e-05,3.5845076666666666,99600.23334666668,0.0,0.42347,0.29841766666666664,1.7619006666666668,0.00451,0.0,2.8666666666666668e-05,177678.0
0,CLV,1,False,False,True,False,True,100000,16,0.0,False,True,True,4,TPCC,0.0,0.0,0.0,1.839881,0.0,0.0,2.166666666666667e-05,0.0017253333333333333,0.000475,0.31367733333333336,0.12854300000000002,0.003988666666666667,0.0,0.0,0.0,1.9999999999999998e-05,6.760846666666666,200717.70414033334,0.0,0.8516720000000001,0.6642476666666667,3.432706,0.008624333333333333,0.0,7.866666666666668e-05,338843.3333333333
0,CLV,1,False,False,True,False,True,100000,16,0.0,False,True,True,8,TPCC,0.0,0.0,0.0,4.305419333333333,0.0,0.0,9.033333333333332e-05,0.015386999999999998,0.0036656666666666665,0.681774,0.2837273333333334,0.008467333333333334,0.0,0.0,0.0,2.2000000000000003e-05,15.306091,365355.99988200003,0.0,1.801927,1.7578073333333333,7.8322426666666685,0.018498999999999998,0.0,0.0003446666666666667,698515.0
0,CLV,1,False,False,True,False,True,100000,16,0.0,False,True,True,16,TPCC,0.0,0.0,0.0,8.261878999999999,0.0,0.0,0.00044233333333333337,0.131068,0.033342666666666666,1.4912173333333332,0.6746120000000001,0.017005999999999997,0.0,0.0,0.0,2.4e-05,32.64934333333333,670436.7271210001,0.0,4.087068666666667,3.3438426666666667,16.98860433333333,0.03921633333333333,0.0,0.0018363333333333333,1367602.0
0,CLV,1,False,False,True,False,True,100000,16,0.5,False,True,True,1,TPCC,0.0,0.0,0.0,0.15854866666666667,0.0,0.0,0.0,0.0,0.0,0.024748666666666665,0.020973000000000002,0.0011523333333333333,0.0,0.0,0.0,1e-05,1.018907,98665.57247,0.0,0.10912,0.17241433333333334,0.433016,0.002454666666666666,0.0,0.0,100000.0
0,CLV,1,False,False,True,False,True,100000,16,0.5,False,True,True,2,TPCC,0.0,0.0,0.0,0.5690466666666666,0.0,0.0,3.333333333333333e-06,3.633333333333333e-05,1.4000000000000001e-05,0.09730233333333334,0.040552,0.0022999999999999995,0.0,0.0,0.0,1.3666666666666667e-05,2.536313,147398.81424166667,0.0,0.2652343333333333,0.29947033333333334,1.2353136666666666,0.004989,0.0,1.2666666666666667e-05,186516.33333333334
0,CLV,1,False,False,True,False,True,100000,16,0.5,False,True,True,4,TPCC,0.0,0.0,0.0,1.1626906666666668,0.0,0.0,1.2e-05,0.00042533333333333334,0.00012333333333333334,0.19606200000000004,0.08215466666666667,0.0045253333333333335,0.0,0.0,0.0,1.2333333333333334e-05,4.6311306666666665,324228.4382753333,0.0,0.5664393333333333,0.5178733333333333,2.2877666666666663,0.009702999999999998,0.0,2.966666666666667e-05,374609.3333333333
0,CLV,1,False,False,True,False,True,100000,16,0.5,False,True,True,8,TPCC,0.0,0.0,0.0,2.206692,0.0,0.0,3.6666666666666666e-05,0.0033066666666666665,0.0008296666666666666,0.3630576666666667,0.14981333333333333,0.008261666666666667,0.0,0.0,0.0,1.2333333333333334e-05,8.389341333333332,659700.1236606668,0.0,1.00225,0.8372160000000001,4.176443,0.017703,0.0,0.00019099999999999998,691194.6666666666
0,CLV,1,False,False,True,False,True,100000,16,0.5,False,True,True,16,TPCC,0.0,0.0,0.0,4.369892,0.0,0.0,0.000219,0.034589666666666664,0.008465333333333332,0.8477896666666668,0.37295233333333333,0.017339,0.0,0.0,0.0,1.4000000000000001e-05,19.259615,1154848.4804123333,0.0,2.4060083333333333,2.1626783333333335,9.882413999999999,0.03959633333333334,0.0,0.0009659999999999998,1389624.0
0,CLV,1,False,False,True,False,True,100000,16,1.0,False,True,True,1,TPCC,0.0,0.0,0.0,0.017422999999999998,0.0,0.0,0.0,0.0,0.0,0.004874000000000001,0.004782333333333333,0.0011926666666666667,0.0,0.0,0.0,2e-06,0.19831733333333332,505993.32893866673,0.0,0.02800066666666667,0.027755666666666668,0.07825566666666667,0.0028353333333333334,0.0,0.0,100000.0
0,CLV,1,False,False,True,False,True,100000,16,1.0,False,True,True,2,TPCC,0.0,0.0,0.0,0.063226,0.0,0.0,3.333333333333333e-07,0.0,3.333333333333333e-07,0.019757,0.009233666666666666,0.0023353333333333334,0.0,0.0,0.0,2e-06,0.43264299999999994,918435.7497223333,0.0,0.06692366666666667,0.042867999999999996,0.184643,0.005720333333333333,0.0,0.0,198379.66666666666
0,CLV,1,False,False,True,False,True,100000,16,1.0,False,True,True,4,TPCC,0.0,0.0,0.0,0.12736966666666666,0.0,0.0,6.666666666666666e-07,3.333333333333333e-07,1e-06,0.037590000000000005,0.018425333333333335,0.004429,0.0,0.0,0.0,2e-06,0.8698463333333333,1717554.134269,0.0,0.130806,0.07974566666666667,0.3747213333333333,0.010791,0.0,6.666666666666666e-07,373204.3333333333
0,CLV,1,False,False,True,False,True,100000,16,1.0,False,True,True,8,TPCC,0.0,0.0,0.0,0.297843,0.0,0.0,5e-06,3e-06,4.666666666666667e-06,0.079137,0.03959866666666667,0.009419666666666666,0.0,0.0,0.0,3e-06,2.133093666666667,2791639.7022146666,0.0,0.28187500000000004,0.20007033333333335,0.9632513333333333,0.022819666666666665,0.0,3.333333333333333e-06,735169.3333333334
0,CLV,1,False,False,True,False,True,100000,16,1.0,False,True,True,16,TPCC,0.0,0.0,0.0,0.4768406666666667,0.0,0.0,2.1e-05,3.7e-05,3.2e-05,0.14037166666666664,0.08240233333333333,0.015707,0.0,0.0,0.0,3e-06,3.887449,5325644.7686416665,0.0,0.5466023333333333,0.3522473333333333,1.7882823333333333,0.03817433333333333,0.0,1.9333333333333333e-05,1293730.3333333333
0,CLV,1,False,False,True,True,True,100000,1,0.0,False,True,True,1,TPCC,0.0,0.0,0.0,0.14989066666666667,0.0,0.0,0.0,0.0,0.0,0.05658933333333333,0.05119033333333334,0.0011426666666666668,0.0,0.0,0.0,1.4999999999999999e-05,1.499572,66694.74649866667,0.0,0.201265,0.06710100000000001,0.626471,0.0023926666666666666,0.0,0.0,100000.0
0,CLV,1,False,False,True,True,True,100000,1,0.0,False,True,True,2,TPCC,101.0,0.0,0.0,1.2121886666666668,0.0,0.0,0.06375533333333333,0.3269593333333333,0.09248433333333332,0.24838266666666664,0.19853633333333334,0.051893666666666664,0.0,0.0,0.0,2.6333333333333338e-05,5.0686713333333335,76531.833402,0.001984333333333333,0.7307589999999999,0.165625,2.724846,0.005090333333333333,0.0,0.0005583333333333333,193310.33333333334
0,CLV,1,False,False,True,True,True,100000,1,0.0,False,True,True,4,TPCC,2310.6666666666665,0.0,0.0,2.6236503333333334,0.0,0.0,0.2389726666666667,0.6805089999999999,0.20973866666666666,0.5730286666666667,0.4218403333333333,0.2582123333333333,0.0,0.0,0.0,2.7666666666666667e-05,10.464216,143789.57946900002,0.04929533333333333,1.7144996666666668,0.33484033333333335,5.964144666666667,0.010391,0.0,0.001028,375573.6666666667
0,CLV,1,False,False,True,True,True,100000,1,0.0,False,True,True,8,TPCC,19858.333333333332,0.0,0.0,5.872311333333333,0.0,0.0,0.8412829999999999,1.5854476666666668,0.46816300000000005,1.414153,0.964842,1.127409,0.0,0.0,0.0,3.2e-05,24.262791333333336,249609.45665966664,0.42199733333333334,4.4710350000000005,0.6989326666666665,14.908576666666667,0.023038,0.0,0.005210666666666666,756933.6666666666
0,CLV,1,False,False,True,True,True,100000,1,0.0,False,True,True,16,TPCC,169238.0,0.0,0.0,18.467893999999998,0.0,0.0,3.8747240000000005,5.788923666666666,1.2162286666666666,8.951254666666665,2.4941229999999996,4.627542,0.0,0.0,0.0,4.7000000000000004e-05,72.53074733333334,341324.68113733333,4.955891666666667,18.314888,1.6214303333333333,47.18928966666667,0.062056,0.0,0.029469999999999996,1545416.0
0,CLV,1,False,False,True,True,True,100000,1,0.5,False,True,True,1,TPCC,0.0,0.0,0.0,0.08508133333333334,0.0,0.0,0.0,0.0,0.0,0.030419,0.02909666666666667,0.0011476666666666666,0.0,0.0,0.0,9e-06,0.8695106666666667,115020.59005733333,0.0,0.11555333333333333,0.032732333333333336,0.34660166666666664,0.0024226666666666667,0.0,0.0,100000.0
0,CLV,1,False,False,True,True,True,100000,1,0.5,False,True,True,2,TPCC,1103.3333333333333,0.0,0.0,0.7465743333333332,0.0,0.0,0.174669,0.24048266666666665,0.07187233333333333,0.20255533333333334,0.161427,0.874641,0.0,0.0,0.0,2.2000000000000003e-05,4.326657999999999,91540.56514133334,0.008717999999999998,1.374164333333333,0.125645,2.8869486666666666,0.006320666666666666,0.0,0.0027536666666666664,196759.33333333334
0,CLV,1,False,False,True,True,True,100000,1,0.5,False,True,True,4,TPCC,4775.333333333333,0.0,0.0,1.673624,0.0,0.0,0.457798,0.534968,0.19070566666666666,0.5336573333333333,0.38789133333333337,3.7970246666666667,0.0,0.0,0.0,2.8333333333333335e-05,11.226494666666667,140834.78903,0.053223,4.997032666666667,0.267843,8.299498999999999,0.013377666666666668,0.0,0.027114666666666665,395133.0
0,CLV,1,False,False,True,True,True,100000,1,0.5,False,True,True,8,TPCC,30340.0,0.0,0.0,3.734277666666667,0.0,0.0,1.2595296666666667,1.247732,0.424949,1.2310063333333334,0.9046773333333333,12.911823,0.0,0.0,0.0,3.766666666666667e-05,29.94456866666667,212713.308209,0.432359,15.643048,0.5013053333333334,23.347662666666665,0.031336,0.0,0.18905566666666665,795621.6666666666
0,CLV,1,False,False,True,True,True,100000,1,0.5,False,True,True,16,TPCC,169583.0,0.0,0.0,11.013079666666668,0.0,0.0,4.410727,4.510916999999999,1.1275756666666668,4.733357666666667,2.3128096666666664,50.49626,0.0,0.0,0.0,6.333333333333333e-05,100.53838566666667,253752.90762366666,4.0620796666666665,58.904548,1.0553176666666666,78.30755033333332,0.07592700000000001,0.0,4.270692666666666,1594409.6666666667
0,CLV,1,False,False,True,True,True,100000,1,1.0,False,True,True,1,TPCC,0.0,0.0,0.0,0.008811333333333332,0.0,0.0,0.0,0.0,0.0,0.004506666666666667,0.0068976666666666665,0.001149,0.0,0.0,0.0,1.3333333333333332e-06,0.15054900000000002,664272.3832826667,0.0,0.027778999999999998,0.007749333333333333,0.065933,0.0025036666666666666,0.0,0.0,100000.0
0,CLV,1,False,False,True,True,True,100000,1,1.0,False,True,True,2,TPCC,0.6666666666666666,0.0,0.0,0.06888733333333334,0.0,0.0,0.04880199999999999,0.058498666666666664,0.02430766666666666,0.074419,0.06326366666666666,0.015966,0.0,0.0,0.0,3e-06,0.6813476666666668,587068.7686013333,2.6666666666666664e-06,0.19371466666666667,0.023609666666666668,0.38497466666666663,0.006527333333333334,0.0,0.0021426666666666664,199993.33333333334
0,CLV,1,False,False,True,True,True,100000,1,1.0,False,True,True,4,TPCC,55.333333333333336,0.0,0.0,0.5830493333333333,0.0,0.0,0.2010873333333333,0.4493816666666666,0.14432,0.516238,0.21275999999999998,0.5829593333333334,0.0,0.0,0.0,9e-06,3.7023729999999997,430674.970519,0.00043933333333333324,1.3991533333333332,0.068851,2.3985106666666662,0.012062333333333333,0.0,0.20558466666666667,398618.6666666667
0,CLV,1,False,False,True,True,True,100000,1,1.0,False,True,True,8,TPCC,228.33333333333334,0.0,0.0,1.6906963333333334,0.0,0.0,0.6075719999999999,1.304113,0.3289706666666667,1.321689,0.5017986666666667,6.890980666666667,0.0,0.0,0.0,2.1333333333333338e-05,16.988941666666665,377818.346969,0.0029410000000000005,8.919887000000001,0.13786133333333334,11.748009666666666,0.028537999999999997,0.0,2.4693036666666663,796425.3333333334
0,CLV,1,False,False,True,True,True,100000,1,1.0,False,True,True,16,TPCC,399.6666666666667,0.0,0.0,2.4860023333333334,0.0,0.0,2.0029386666666666,2.1657189999999997,0.5776676666666667,2.615888,1.243733,49.99978333333333,0.0,0.0,0.0,4.366666666666667e-05,69.45988233333334,372876.8365286667,0.0062759999999999995,54.26484233333333,0.25694833333333333,59.71542033333333,0.06702566666666666,0.0,4.684210666666666,1595780.6666666667
0,CLV,1,False,False,True,True,True,100000,2,0.0,False,True,True,1,TPCC,0.0,0.0,0.0,0.15533,0.0,0.0,0.0,0.0,0.0,0.057577666666666666,0.05183566666666666,0.0011586666666666668,0.0,0.0,0.0,1.533333333333333e-05,1.572071,63642.721911333334,0.0,0.20560599999999998,0.07205766666666667,0.6623126666666667,0.0024566666666666665,0.0,0.0,100000.0
0,CLV,1,False,False,True,True,True,100000,2,0.0,False,True,True,2,TPCC,0.0,0.0,0.0,0.993688,0.0,0.0,7.933333333333334e-05,0.005288333333333333,0.0017936666666666667,0.19243466666666667,0.10711533333333334,0.002293,0.0,0.0,0.0,2.033333333333333e-05,4.021044,96931.34539566666,0.0,0.5015463333333333,0.1473123333333333,2.0869546666666667,0.004899666666666667,0.0,0.000275,194646.66666666666
0,CLV,1,False,False,True,True,True,100000,2,0.0,False,True,True,4,TPCC,174.66666666666666,0.0,0.0,2.2692346666666663,0.0,0.0,0.11007233333333333,0.6378916666666666,0.18235866666666667,0.46346533333333334,0.390319,0.08745066666666668,0.0,0.0,0.0,2.466666666666667e-05,9.395026666666666,162272.234435,0.003224,1.370278,0.3387356666666666,4.9550996666666665,0.009879,0.0,0.0009743333333333335,380082.0
0,CLV,1,False,False,True,True,True,100000,2,0.0,False,True,True,8,TPCC,4755.333333333333,0.0,0.0,5.187229666666666,0.0,0.0,0.5987986666666667,1.5141599999999997,0.417835,1.0195740000000002,0.821033,0.5730473333333334,0.0,0.0,0.0,2.9333333333333333e-05,21.86523133333333,274091.843515,0.10842533333333333,3.3130919999999997,0.7462286666666667,12.378885333333335,0.02061366666666667,0.0,0.0018643333333333335,747639.3333333334
0,CLV,1,False,False,True,True,True,100000,2,0.0,False,True,True,16,TPCC,39137.5,0.0,0.0,11.859405,0.0,0.0,3.4558965000000006,2.9591469999999997,1.1116885,2.7998079999999996,2.1405955,2.851823,0.0,0.0,0.0,3.65e-05,54.60545400000001,441673.22113900003,0.9507085,9.954842,1.7310645,33.6196725,0.0499235,0.0,0.0196885,1506646.5
0,CLV,1,False,False,True,True,True,100000,2,0.5,False,True,True,1,TPCC,0.0,0.0,0.0,0.08969066666666665,0.0,0.0,0.0,0.0,0.0,0.031954,0.03037866666666667,0.0011946666666666666,0.0,0.0,0.0,1e-05,1.000639,100044.51756366667,0.0,0.12104,0.04560999999999999,0.4332026666666666,0.0025256666666666665,0.0,0.0,100000.0
0,CLV,1,False,False,True,True,True,100000,2,0.5,False,True,True,2,TPCC,0.0,0.0,0.0,0.5231183333333335,0.0,0.0,3.6666666666666666e-05,0.0011526666666666666,0.0003953333333333333,0.10532166666666669,0.05910133333333333,0.002261,0.0,0.0,0.0,1.1666666666666666e-05,2.2565893333333333,170359.11091299998,0.0,0.2823893333333334,0.08017866666666668,1.1487536666666667,0.0048720000000000005,0.0,0.00014800000000000002,192035.66666666666
0,CLV,1,False,False,True,True,True,100000,2,0.5,False,True,True,4,TPCC,2231.3333333333335,0.0,0.0,1.3930643333333332,0.0,0.0,0.3144076666666667,0.40964399999999995,0.13070299999999999,0.36461066666666664,0.28769833333333333,1.5900740000000002,0.0,0.0,0.0,2.133333333333333e-05,7.822273666666667,186486.38128,0.015245333333333333,2.490180666666667,0.25063766666666665,5.202126,0.011827666666666667,0.0,0.0026483333333333337,364246.6666666667
0,CLV,1,False,False,True,True,True,100000,2,0.5,False,True,True,8,TPCC,11272.0,0.0,0.0,3.5969986666666665,0.0,0.0,1.136181,1.0259306666666668,0.3719693333333334,1.0104346666666666,0.7535196666666666,8.339453999999998,0.0,0.0,0.0,3.2e-05,24.45489066666667,250374.52844633334,0.13126366666666667,10.659486333333334,0.573961,18.415037333333334,0.027252,0.0,0.05632033333333333,765312.0
0,CLV,1,False,False,True,True,True,100000,2,0.5,False,True,True,16,TPCC,62005.333333333336,0.0,0.0,7.590205666666667,0.0,0.0,3.85426,2.275930333333333,0.8614603333333332,2.4990206666666666,1.8244943333333332,27.557957666666667,0.0,0.0,0.0,4.1e-05,63.04604966666667,390073.7376536667,0.9056666666666667,33.10047433333333,1.1122476666666667,49.97195766666667,0.061784666666666675,0.0,0.3395903333333334,1536752.3333333333
0,CLV,1,False,False,True,True,True,100000,2,1.0,False,True,True,1,TPCC,0.0,0.0,0.0,0.010570333333333334,0.0,0.0,0.0,0.0,0.0,0.005311,0.0077490000000000015,0.0012833333333333332,0.0,0.0,0.0,2e-06,0.19495666666666667,513123.9125743334,0.0,0.03153166666666667,0.009639333333333333,0.09211766666666667,0.0028090000000000003,0.0,0.0,100000.0
0,CLV,1,False,False,True,True,True,100000,2,1.0,False,True,True,2,TPCC,0.0,0.0,0.0,0.06208266666666667,0.0,0.0,2e-06,2e-06,1.6666666666666665e-06,0.020706333333333334,0.015149666666666667,0.002435,0.0,0.0,0.0,2e-06,0.463142,844532.8576006666,0.0,0.07286,0.020845,0.2533733333333334,0.005633666666666666,0.0,3.3333333333333337e-06,195428.33333333334
0,CLV,1,False,False,True,True,True,100000,2,1.0,False,True,True,4,TPCC,7.666666666666667,0.0,0.0,0.161374,0.0,0.0,0.11120866666666666,0.10570433333333333,0.047121666666666666,0.14431966666666665,0.11764566666666666,0.05331033333333333,0.0,0.0,0.0,4e-06,1.4695986666666665,1045464.544387,5.933333333333333e-05,0.3950026666666666,0.04902533333333334,0.8458066666666667,0.012873666666666667,0.0,0.004133,383643.6666666667
0,CLV,1,False,False,True,True,True,100000,2,1.0,False,True,True,8,TPCC,175.33333333333334,0.0,0.0,0.8120143333333334,0.0,0.0,0.3744726666666667,0.5759283333333333,0.22749133333333335,0.6653523333333333,0.314546,0.7164886666666667,0.0,0.0,0.0,7.666666666666667e-06,5.657652333333334,1028561.1665133334,0.0013429999999999998,1.8809069999999999,0.09632600000000001,3.520078,0.02656366666666667,0.0,0.22416899999999998,725787.3333333334
0,CLV,1,False,False,True,True,True,100000,2,1.0,False,True,True,16,TPCC,999.3333333333334,0.0,0.0,2.3635889999999997,0.0,0.0,1.3181473333333333,1.7491869999999998,0.48236033333333334,1.9215553333333333,0.7785133333333333,10.760202666666666,0.0,0.0,0.0,1.866666666666667e-05,25.801232,871975.3628253335,0.010689333333333334,13.81009833333333,0.222286,18.367892333333334,0.049479666666666665,0.0,3.1911280000000004,1406831.6666666667
0,CLV,1,False,False,True,True,True,100000,4,0.0,False,True,True,1,TPCC,0.0,0.0,0.0,0.15821933333333335,0.0,0.0,0.0,0.0,0.0,0.05910133333333334,0.053003333333333326,0.0011790000000000001,0.0,0.0,0.0,1.633333333333333e-05,1.6419819999999998,61692.131063999994,0.0,0.21078666666666668,0.09203633333333333,0.6488623333333333,0.0024860000000000004,0.0,0.0,100000.0
0,CLV,1,False,False,True,True,True,100000,4,0.0,False,True,True,2,TPCC,0.0,0.0,0.0,1.0868773333333335,0.0,0.0,3.4e-05,0.002331,0.0009033333333333332,0.20031,0.10813966666666668,0.0023513333333333333,0.0,0.0,0.0,2.1999999999999996e-05,4.333239,90396.73939066667,0.0,0.5182096666666666,0.18158733333333332,2.2409176666666664,0.005189,0.0,9.466666666666667e-05,195657.0
0,CLV,1,False,False,True,True,True,100000,4,0.0,False,True,True,4,TPCC,0.0,0.0,0.0,2.28402,0.0,0.0,0.00012266666666666665,0.016141666666666665,0.0044606666666666675,0.4123006666666667,0.21872833333333333,0.004627,0.0,0.0,0.0,2.3e-05,8.823493666666666,174732.26556066665,0.0,1.0440763333333334,0.37075166666666676,4.704424333333333,0.009951,0.0,0.00042466666666666667,384757.6666666667
0,CLV,1,False,False,True,True,True,100000,4,0.0,False,True,True,8,TPCC,360.0,0.0,0.0,5.446037,0.0,0.0,0.3212626666666667,1.5308526666666669,0.37903233333333336,0.9638603333333333,0.7923873333333334,0.21936066666666668,0.0,0.0,0.0,3.066666666666667e-05,22.31000366666667,259814.10301700002,0.008441666666666667,2.863685666666667,0.7912983333333333,11.652667,0.020456666666666668,0.0,0.0022126666666666666,724234.3333333334
0,CLV,1,False,False,True,True,True,100000,4,0.0,False,True,True,16,TPCC,9387.333333333334,0.0,0.0,11.606405,0.0,0.0,2.144346,2.8793546666666665,0.9262293333333335,2.3451543333333333,1.7835149999999997,1.2281833333333332,0.0,0.0,0.0,3.433333333333333e-05,49.812271333333335,468759.73327366664,0.24301399999999998,7.302454666666667,1.777367,28.486716,0.043334000000000004,0.0,0.06172633333333333,1457862.6666666667
0,CLV,1,False,False,True,True,True,100000,4,0.5,False,True,True,1,TPCC,0.0,0.0,0.0,0.09155866666666668,0.0,0.0,0.0,0.0,0.0,0.03359433333333334,0.029567,0.001152,0.0,0.0,0.0,1.0333333333333333e-05,1.036266,96832.25669966666,0.0,0.12233899999999999,0.059381666666666666,0.42510266666666663,0.002461333333333333,0.0,0.0,100000.0
0,CLV,1,False,False,True,True,True,100000,4,0.5,False,True,True,2,TPCC,0.0,0.0,0.0,0.6014476666666667,0.0,0.0,1.2666666666666667e-05,0.00026733333333333334,0.00010333333333333336,0.11073333333333334,0.06262,0.0023859999999999997,0.0,0.0,0.0,1.3e-05,2.535183,154814.32746333335,0.0,0.2987883333333334,0.10902633333333334,1.3036109999999999,0.005183333333333334,0.0,3.2999999999999996e-05,195809.66666666666
0,CLV,1,False,False,True,True,True,100000,4,0.5,False,True,True,4,TPCC,0.0,0.0,0.0,1.23235,0.0,0.0,7.666666666666667e-05,0.0035499999999999998,0.000973,0.23622433333333334,0.12074166666666665,0.004572,0.0,0.0,0.0,1.4000000000000001e-05,5.091010666666667,294123.043481,0.0,0.6026216666666667,0.23257766666666665,2.6920556666666666,0.009954,0.0,0.0002866666666666667,373651.6666666667
0,CLV,1,False,False,True,True,True,100000,4,0.5,False,True,True,8,TPCC,5379.666666666667,0.0,0.0,3.2371913333333335,0.0,0.0,0.9317296666666666,0.9139636666666666,0.2898233333333333,0.7363603333333334,0.6308566666666667,3.8947233333333333,0.0,0.0,0.0,2.5333333333333334e-05,19.048203333333333,318353.290369,0.040557333333333334,5.813842333333334,0.6362186666666667,12.746757666666667,0.026522666666666667,0.0,0.007986666666666668,753462.3333333334
0,CLV,1,False,False,True,True,True,100000,4,0.5,False,True,True,16,TPCC,26870.0,0.0,0.0,6.905843666666667,0.0,0.0,3.6147609999999997,1.8773463333333336,0.7368939999999999,1.9067369999999997,1.4616486666666664,17.303090333333333,0.0,0.0,0.0,3.5e-05,50.27972366666666,453032.2403403334,0.3253443333333334,21.832228333333333,1.2053633333333333,37.612087,0.05439333333333333,0.0,0.10645533333333335,1422859.6666666667
0,CLV,1,False,False,True,True,True,100000,4,1.0,False,True,True,1,TPCC,0.0,0.0,0.0,0.0121,0.0,0.0,0.0,0.0,0.0,0.005411666666666666,0.007517666666666668,0.0012436666666666666,0.0,0.0,0.0,2.333333333333333e-06,0.24509866666666666,412713.91741133336,0.0,0.030930999999999997,0.012338666666666666,0.12067966666666667,0.0027266666666666667,0.0,0.0,100000.0
0,CLV,1,False,False,True,True,True,100000,4,1.0,False,True,True,2,TPCC,0.0,0.0,0.0,0.061344333333333334,0.0,0.0,1e-06,2e-06,2.3333333333333336e-06,0.02083533333333333,0.015132333333333333,0.002426,0.0,0.0,0.0,2e-06,0.44094866666666666,891620.7954336667,0.0,0.07262433333333333,0.020599000000000003,0.22426100000000002,0.005587333333333333,0.0,6.666666666666666e-07,196120.33333333334
0,CLV,1,False,False,True,True,True,100000,4,1.0,False,True,True,4,TPCC,0.0,0.0,0.0,0.12695266666666669,0.0,0.0,4.666666666666666e-06,1.1000000000000001e-05,8.666666666666668e-06,0.04053166666666667,0.029945333333333334,0.004668,0.0,0.0,0.0,2.333333333333333e-06,0.90131,1682166.819682,0.0,0.14197099999999999,0.042426,0.44650199999999995,0.010801999999999999,0.0,3.6666666666666666e-06,378598.6666666667
0,CLV,1,False,False,True,True,True,100000,4,1.0,False,True,True,8,TPCC,26.666666666666668,0.0,0.0,0.38778700000000005,0.0,0.0,0.30683333333333335,0.2518513333333333,0.12324533333333332,0.32993,0.2596863333333333,0.2042556666666667,0.0,0.0,0.0,5.333333333333333e-06,3.736995,1592767.0374403333,0.00018599999999999997,0.967343,0.11411933333333335,2.1471726666666666,0.028459333333333336,0.0,0.011577000000000002,738771.6666666666
0,CLV,1,False,False,True,True,True,100000,4,1.0,False,True,True,16,TPCC,431.0,0.0,0.0,1.4063506666666667,0.0,0.0,0.9991770000000001,0.961877,0.3533773333333334,1.1696273333333334,0.5813946666666667,1.3544723333333335,0.0,0.0,0.0,7.666666666666667e-06,10.343782,2104048.6189396665,0.003002333333333333,3.438661,0.22213833333333333,6.646101666666667,0.045433,0.0,0.3450706666666667,1350698.0
0,CLV,1,False,False,True,True,True,100000,8,0.0,False,True,True,1,TPCC,0.0,0.0,0.0,0.152049,0.0,0.0,0.0,0.0,0.0,0.05954633333333333,0.053999,0.0011956666666666667,0.0,0.0,0.0,1.6666666666666667e-05,1.66521,60062.41870366666,0.0,0.213075,0.08805866666666667,0.617158,0.002528,0.0,0.0,100000.0
0,CLV,1,False,False,True,True,True,100000,8,0.0,False,True,True,2,TPCC,0.0,0.0,0.0,1.1853516666666666,0.0,0.0,0.0013563333333333333,0.0007056666666666666,0.00027633333333333335,0.19398133333333334,0.105184,0.002302666666666667,0.0,0.0,0.0,2.6e-05,4.762651333333333,77958.26225366666,0.0,0.506189,0.26099433333333333,2.4148006666666664,0.005010666666666667,0.0,0.0008800000000000001,184972.66666666666
0,CLV,1,False,False,True,True,True,100000,8,0.0,False,True,True,4,TPCC,0.0,0.0,0.0,2.3013173333333334,0.0,0.0,8.833333333333333e-05,0.013380999999999999,0.0031716666666666664,0.39562433333333336,0.21238933333333332,0.004513333333333334,0.0,0.0,0.0,2.466666666666667e-05,9.051525333333332,162246.848322,0.0,1.0181283333333333,0.4633846666666667,4.678582333333334,0.009820333333333334,0.0,0.00026266666666666664,366133.6666666667
0,CLV,1,False,False,True,True,True,100000,8,0.0,False,True,True,8,TPCC,0.0,0.0,0.0,4.865634333333333,0.0,0.0,0.00039799999999999997,0.06494233333333334,0.014245666666666665,0.768171,0.4407236666666667,0.008902666666666668,0.0,0.0,0.0,2.7000000000000002e-05,19.076603000000002,300162.30539133336,0.0,2.0206943333333336,0.86088,9.753288666666664,0.019378999999999997,0.0,0.0010603333333333333,713113.0
0,CLV,1,False,False,True,True,True,100000,8,0.0,False,True,True,16,TPCC,761.0,0.0,0.0,11.586756333333334,0.0,0.0,1.025163,2.7273713333333327,0.8900913333333333,2.1080989999999997,1.7961836666666666,0.5144839999999999,0.0,0.0,0.0,3.5000000000000004e-05,49.61935166666667,460991.83951300004,0.021067000000000002,6.390487666666666,2.302428666666667,26.773323,0.04506866666666667,0.0,0.018807666666666667,1428354.3333333333
0,CLV,1,False,False,True,True,True,100000,8,0.5,False,True,True,1,TPCC,0.0,0.0,0.0,0.08952233333333333,0.0,0.0,0.0,0.0,0.0,0.03270666666666667,0.03199433333333333,0.0012006666666666665,0.0,0.0,0.0,1.0666666666666666e-05,1.0887166666666668,91931.38515,0.0,0.12468833333333333,0.06554333333333333,0.4160623333333333,0.002592333333333333,0.0,0.0,100000.0
0,CLV,1,False,False,True,True,True,100000,8,0.5,False,True,True,2,TPCC,0.0,0.0,0.0,0.620987,0.0,0.0,9e-06,0.00023333333333333333,8.5e-05,0.10543933333333333,0.058313000000000004,0.0022486666666666666,0.0,0.0,0.0,1.4333333333333334e-05,2.6589223333333334,143556.81393466666,0.0,0.2814296666666667,0.132534,1.2878483333333335,0.004877333333333333,0.0,1.9e-05,187029.33333333334
0,CLV,1,False,False,True,True,True,100000,8,0.5,False,True,True,4,TPCC,0.0,0.0,0.0,1.2369023333333333,0.0,0.0,3.333333333333333e-05,0.000952,0.00028266666666666663,0.20646366666666668,0.11479866666666666,0.00428,0.0,0.0,0.0,1.3666666666666669e-05,4.956020666666666,286630.7383613333,0.0,0.5500396666666667,0.26767799999999997,2.526721333333333,0.009257999999999999,0.0,0.00011966666666666667,354806.0
0,CLV,1,False,False,True,True,True,100000,8,0.5,False,True,True,8,TPCC,0.3333333333333333,0.0,0.0,2.5561136666666666,0.0,0.0,0.000166,0.019600333333333334,0.00438,0.42597100000000004,0.23904466666666668,0.008773999999999999,0.0,0.0,0.0,1.4000000000000001e-05,10.422917666666669,563516.7587813333,9e-06,1.1328543333333334,0.459697,5.127512,0.018906666666666665,0.0,0.0005603333333333334,733089.3333333334
0,CLV,1,False,False,True,True,True,100000,8,0.5,False,True,True,16,TPCC,10963.666666666666,0.0,0.0,6.133741666666666,0.0,0.0,2.753796,1.5524753333333334,0.6464066666666666,1.4722990000000002,1.3080170000000002,7.694972666666668,0.0,0.0,0.0,2.6e-05,37.24966233333333,612550.8418646667,0.077365,11.620041,1.3926136666666666,24.898858333333333,0.05115633333333333,0.0,0.017807,1425318.6666666667
0,CLV,1,False,False,True,True,True,100000,8,1.0,False,True,True,1,TPCC,0.0,0.0,0.0,0.011535333333333333,0.0,0.0,0.0,0.0,0.0,0.0049566666666666665,0.007421,0.0012223333333333333,0.0,0.0,0.0,2e-06,0.23142866666666664,432367.41958766663,0.0,0.032420333333333336,0.014704,0.10778933333333333,0.0026813333333333337,0.0,0.0,100000.0
0,CLV,1,False,False,True,True,True,100000,8,1.0,False,True,True,2,TPCC,0.0,0.0,0.0,0.072489,0.0,0.0,0.0,0.0,0.0,0.021828666666666666,0.015882666666666666,0.0025466666666666667,0.0,0.0,0.0,3e-06,0.5216109999999999,742271.5467856666,0.0,0.07628366666666665,0.030014333333333334,0.26785433333333336,0.0059293333333333325,0.0,0.0,193349.0
0,CLV,1,False,False,True,True,True,100000,8,1.0,False,True,True,4,TPCC,0.0,0.0,0.0,0.14301933333333336,0.0,0.0,3.3333333333333337e-06,5.666666666666667e-06,5e-06,0.042057000000000004,0.03173566666666666,0.004916666666666666,0.0,0.0,0.0,2.6666666666666664e-06,1.026264,1507727.0999339998,0.0,0.14974099999999999,0.060309,0.506605,0.011317,0.0,2.9999999999999997e-06,384854.0
0,CLV,1,False,False,True,True,True,100000,8,1.0,False,True,True,8,TPCC,0.0,0.0,0.0,0.30597233333333335,0.0,0.0,1.3333333333333332e-05,2.5e-05,1.9666666666666666e-05,0.07931966666666666,0.059938333333333337,0.009318333333333333,0.0,0.0,0.0,3e-06,2.143050333333333,2818352.3881276664,0.0,0.28336433333333333,0.12024900000000001,1.043897,0.021500333333333333,0.0,1.633333333333333e-05,745011.3333333334
0,CLV,1,False,False,True,True,True,100000,8,1.0,False,True,True,16,TPCC,70.33333333333333,0.0,0.0,0.8543566666666668,0.0,0.0,0.953669,0.45278766666666664,0.22587766666666664,0.6197866666666667,0.513856,0.4717660000000001,0.0,0.0,0.0,5.333333333333333e-06,7.8152903333333335,3046349.109626667,0.0004516666666666667,1.9635523333333333,0.324317,4.624298,0.04848433333333333,0.0,0.042187333333333334,1483632.0
0,CLV,1,False,False,True,True,True,100000,16,0.0,False,True,True,1,TPCC,0.0,0.0,0.0,0.15951866666666667,0.0,0.0,0.0,0.0,0.0,0.061388,0.05335033333333333,0.001188,0.0,0.0,0.0,1.9333333333333333e-05,1.949494333333333,51459.98192966666,0.0,0.21598933333333334,0.149309,0.6536046666666667,0.0025163333333333335,0.0,0.0,100000.0
0,CLV,1,False,False,True,True,True,100000,16,0.0,False,True,True,2,TPCC,0.0,0.0,0.0,1.00843,0.0,0.0,1.3333333333333332e-06,4.366666666666666e-05,1.7666666666666668e-05,0.171662,0.09392066666666665,0.0020406666666666668,0.0,0.0,0.0,2.5e-05,4.263492,79762.228246,0.0,0.44798899999999997,0.42228466666666664,1.9812809999999998,0.0043813333333333334,0.0,6.666666666666666e-07,169973.33333333334
0,CLV,1,False,False,True,True,True,100000,16,0.0,False,True,True,4,TPCC,0.0,0.0,0.0,2.2306546666666667,0.0,0.0,3.6666666666666666e-05,0.0052176666666666665,0.0012679999999999998,0.370611,0.19483666666666666,0.004165666666666667,0.0,0.0,0.0,2.6333333333333338e-05,9.018644666666667,152935.83579,0.0,0.9434903333333334,0.5836353333333334,4.44368,0.009042666666666666,0.0,0.000403,343440.3333333333
0,CLV,1,False,False,True,True,True,100000,16,0.0,False,True,True,8,TPCC,0.0,0.0,0.0,4.852029,0.0,0.0,0.000177,0.03258066666666667,0.007754666666666667,0.7873766666666667,0.41830233333333333,0.008855333333333333,0.0,0.0,0.0,2.7000000000000002e-05,19.946061,296653.2904313333,0.0,2.010912,1.5837139999999998,9.125535333333332,0.018873666666666667,0.0,0.000566,737891.0
0,CLV,1,False,False,True,True,True,100000,16,0.0,False,True,True,16,TPCC,0.0,0.0,0.0,10.760319666666666,0.0,0.0,0.0011993333333333333,0.22607766666666665,0.04966266666666667,1.742307,1.0277553333333334,0.01783533333333333,0.0,0.0,0.0,3.1333333333333334e-05,43.051274,512098.46927666664,0.0,4.539870666666666,3.6292026666666666,22.759853666666668,0.04099266666666666,0.0,0.0024463333333333338,1377119.0
0,CLV,1,False,False,True,True,True,100000,16,0.5,False,True,True,1,TPCC,0.0,0.0,0.0,0.08944333333333333,0.0,0.0,0.0,0.0,0.0,0.032148,0.029864666666666668,0.0011730000000000002,0.0,0.0,0.0,1.1666666666666666e-05,1.163419,86507.511352,0.0,0.12071166666666666,0.15513333333333335,0.4176233333333333,0.0032346666666666665,0.0,0.0,100000.0
0,CLV,1,False,False,True,True,True,100000,16,0.5,False,True,True,2,TPCC,0.0,0.0,0.0,0.5615143333333333,0.0,0.0,3.6666666666666666e-06,6.5e-05,2.7333333333333335e-05,0.10555199999999999,0.05808566666666667,0.0022503333333333334,0.0,0.0,0.0,1.3666666666666669e-05,2.587442,146155.50895966665,0.0,0.28048199999999995,0.20530099999999998,1.169944,0.004847,0.0,1.4e-05,188754.66666666666
0,CLV,1,False,False,True,True,True,100000,16,0.5,False,True,True,4,TPCC,0.0,0.0,0.0,1.2912313333333334,0.0,0.0,1.3e-05,0.0007986666666666666,0.00020866666666666668,0.21792266666666668,0.12001866666666668,0.004483,0.0,0.0,0.0,1.6e-05,5.783969333333334,255107.89760533333,0.0,0.5767536666666667,0.527272,2.7602010000000003,0.009764,0.0,5.3333333333333326e-05,364834.3333333333
0,CLV,1,False,False,True,True,True,100000,16,0.5,False,True,True,8,TPCC,0.0,0.0,0.0,2.614741,0.0,0.0,8.633333333333334e-05,0.009839333333333334,0.0020106666666666667,0.42053499999999994,0.23276033333333332,0.008818666666666667,0.0,0.0,0.0,1.5333333333333334e-05,11.255367,523338.41121166665,0.0,1.1217256666666666,0.96528,5.190700666666667,0.018912666666666664,0.0,0.00024333333333333333,734588.3333333334
0,CLV,1,False,False,True,True,True,100000,16,0.5,False,True,True,16,TPCC,0.0,0.0,0.0,6.105891666666667,0.0,0.0,0.0006686666666666667,0.06235566666666667,0.016243666666666667,1.0393683333333332,0.6315393333333333,0.019416,0.0,0.0,0.0,1.866666666666667e-05,26.85081166666667,850875.4941026666,0.0,2.838702,2.599902,14.321850666666665,0.04483499999999999,0.0,0.0014076666666666667,1427066.3333333333
0,CLV,1,False,False,True,True,True,100000,16,1.0,False,True,True,1,TPCC,0.0,0.0,0.0,0.012113,0.0,0.0,0.0,0.0,0.0,0.004770333333333334,0.0072176666666666665,0.001194,0.0,0.0,0.0,2.333333333333333e-06,0.229731,439292.94056466664,0.0,0.029434000000000002,0.023226333333333335,0.08878433333333334,0.0026133333333333334,0.0,0.0,100000.0
0,CLV,1,False,False,True,True,True,100000,16,1.0,False,True,True,2,TPCC,0.0,0.0,0.0,0.06801266666666667,0.0,0.0,3.333333333333333e-07,0.0,0.0,0.020649666666666667,0.014882999999999999,0.0023833333333333332,0.0,0.0,0.0,2.6666666666666664e-06,0.4954976666666666,804225.1973376666,0.0,0.07153933333333333,0.046219,0.23151666666666668,0.005503333333333333,0.0,3.333333333333333e-07,197603.66666666666
0,CLV,1,False,False,True,True,True,100000,16,1.0,False,True,True,4,TPCC,0.0,0.0,0.0,0.14940366666666663,0.0,0.0,1.3333333333333332e-06,1e-06,1e-06,0.04014,0.02969066666666667,0.004687,0.0,0.0,0.0,3e-06,1.063944,1440036.0407903334,0.0,0.14133666666666667,0.09575466666666665,0.47278100000000006,0.010775,0.0,4e-06,381615.6666666667
0,CLV,1,False,False,True,True,True,100000,16,1.0,False,True,True,8,TPCC,0.0,0.0,0.0,0.31232933333333335,0.0,0.0,9.333333333333334e-06,1.2333333333333334e-05,9.666666666666667e-06,0.07708133333333334,0.05821066666666667,0.009004666666666666,0.0,0.0,0.0,3e-06,2.185323,2722635.069719667,0.0,0.277289,0.182009,0.9704139999999999,0.020710666666666665,0.0,6.666666666666666e-06,739990.6666666666
0,CLV,1,False,False,True,True,True,100000,16,1.0,False,True,True,16,TPCC,0.0,0.0,0.0,0.6715356666666666,0.0,0.0,3.9666666666666664e-05,7.433333333333333e-05,7.9e-05,0.16097466666666668,0.146041,0.018085,0.0,0.0,0.0,3.666666666666667e-06,5.108249999999999,4367607.9605169995,0.0,0.6275196666666666,0.4394356666666667,2.540820666666667,0.04287266666666667,0.0,3.8e-05,1379259.0
