ABORT_PENALTY,CC_ALG,CLV_RETIRE_ON,DEBUG_PROFILING,DEBUG_TMP,DYNAMIC_TS,FIRST_HS,FLIP_RATIO,KEY_ORDER,MAX_TXN_PER_PART,NUM_HS,POS_HS,READ_PERC,REQ_PER_QUERY,SPECIFIED_RATIO,SPINLOCK,SYNTHETIC_YCSB,SYNTH_TABLE_SIZE,THREAD_CNT,WORKLOAD,WW_STARV_FREE,ZIPF_THETA,abort_cnt,cycle_detect,deadlock_cnt,debug1,debug10,debug11,debug2,debug3,debug4,debug5,debug6,debug7,debug8,debug9,dl_detect_time,dl_wait_time,latency,run_time,throughput,time_abort,time_cleanup,time_index,time_man,time_query,time_ts_alloc,time_wait,txn_cnt,RETIRE_READ
50000,WOUND_WAIT,1,True,False,True,WR,0,False,100000,0,SPECIFIED,0.1,16,0.1,True,False,1024*1024*10,1,YCSB,False,0.5,0,0,0,0.311413,0.0,0.0,0.0,0.0,0.0,0.0,0.022966,0.0,0.0,,0.0,0.0,2.2e-05,2.243296,44577.263987,0.0,0.059917,0.37545,1.320238,0.000995,0.002107,0.0,100000,False
50000,WOUND_WAIT,1,True,False,True,WR,0,False,100000,0,SPECIFIED,0.1,16,0.1,True,False,1024*1024*10,1,YCSB,False,0.9,0,0,0,0.216989,0.0,0.0,0.0,0.0,0.0,0.0,0.022647,0.0,0.0,,0.0,0.0,1.6e-05,1.558346,64170.609959,0.0,0.058587,0.262817,0.9215049999999999,0.0009960000000000001,0.002143,0.0,100000,False
50000,WOUND_WAIT,1,True,False,True,WR,0,False,100000,0,SPECIFIED,0.1,16,0.1,True,False,1024*1024*10,1,YCSB,False,1.1,0,0,0,0.096191,0.0,0.0,0.0,0.0,0.0,0.0,0.019962,0.0,0.0,,0.0,0.0,8e-06,0.795805,125658.894297,0.0,0.052889,0.149729,0.46598199999999995,0.000978,0.0021030000000000003,0.0,100000,False
50000,WOUND_WAIT,1,True,False,True,WR,0,False,100000,0,SPECIFIED,0.1,16,0.1,True,False,1024*1024*10,2,YCSB,False,0.5,0,0,0,1.451948,0.0,0.0,0.0,0.0,0.0,0.0,0.085521,0.0,0.0,,0.0,0.0,3.4e-05,6.688880999999999,59124.38628200001,0.0,0.162279,1.05319,4.0270730000000015,0.0021190000000000002,0.032861,8e-05,197738,False
50000,WOUND_WAIT,1,True,False,True,WR,0,False,100000,0,SPECIFIED,0.1,16,0.1,True,False,1024*1024*10,2,YCSB,False,0.9,6468,0,0,1.135783,1.0,1.0,0.0,0.0,0.0,0.0,0.116523,0.0,0.0,,0.0,0.0,2.9999999999999997e-05,6.033443,65180.692435000004,0.135766,0.198224,0.935861,3.21085,0.503684,0.024722,0.13769800000000001,196632,False
50000,WOUND_WAIT,1,True,False,True,WR,0,False,100000,0,SPECIFIED,0.1,16,0.1,True,False,1024*1024*10,2,YCSB,False,1.1,18613,0,0,0.552249,1.0,1.0,0.0,0.0,0.0,0.0,0.107795,0.0,0.0,,0.0,0.0,2e-05,4.377902,89550.664215,0.4955560000000001,0.18343900000000002,0.42079099999999997,1.504718,1.4367,0.013587,0.316345,196022,False
50000,WOUND_WAIT,1,True,False,True,WR,0,False,100000,0,SPECIFIED,0.1,16,0.1,True,False,1024*1024*10,4,YCSB,False,0.5,7,0,0,2.457368,1.0,1.0,0.0,0.0,0.0,0.0,0.157358,0.0,0.0,,0.0,0.0,2.8999999999999997e-05,10.135682000000001,139031.98457200002,0.00020299999999999997,0.309475,1.292054,5.948848,0.004855,0.042269,0.000575,352296,False
50000,WOUND_WAIT,1,True,False,True,WR,0,False,100000,0,SPECIFIED,0.1,16,0.1,True,False,1024*1024*10,4,YCSB,False,0.9,30738,0,0,2.050204,2.0,2.0,0.0,0.0,0.0,0.0,0.243694,0.0,0.0,,0.0,0.0,2.8999999999999997e-05,12.131741,128061.422204,0.7548560000000001,0.425354,1.392881,5.014874,2.37758,0.038225,0.8916569999999999,388402,False
50000,WOUND_WAIT,1,True,False,True,WR,0,False,100000,0,SPECIFIED,0.1,16,0.1,True,False,1024*1024*10,4,YCSB,False,1.1,96202,0,0,0.949622,2.0,2.0,0.0,0.0,0.0,0.0,0.24780300000000002,0.0,0.0,,0.0,0.0,2.8000000000000013e-05,13.994723,112966.00864700001,3.025032,0.419407,0.633167,2.773741,7.43145,0.034124,1.457893,395232,False
50000,WOUND_WAIT,1,True,False,True,WR,0,False,100000,0,SPECIFIED,0.1,16,0.1,True,False,1024*1024*10,8,YCSB,False,0.5,83,0,0,4.955825,1.0,1.0,0.0,0.0,0.0,0.0,0.31149499999999997,0.0,0.0,,0.0,0.0,2.4e-05,17.333709,339326.80166500004,0.001121,0.6130260000000001,1.864486,9.582276,0.014806,0.092989,0.0019649999999999997,735224,False
50000,WOUND_WAIT,1,True,False,True,WR,0,False,100000,0,SPECIFIED,0.1,16,0.1,True,False,1024*1024*10,8,YCSB,False,0.9,100712,0,0,3.964927,2.0,2.0,0.0,0.0,0.0,0.0,0.5947319999999999,0.0,0.0,,0.0,0.0,2.9999999999999997e-05,26.152221,236938.038393,2.854038,0.9836030000000001,1.388556,7.850405999999999,7.768827000000001,0.099381,3.9440839999999997,774557,False
50000,WOUND_WAIT,1,True,False,True,WR,0,False,100000,0,SPECIFIED,0.1,16,0.1,True,False,1024*1024*10,8,YCSB,False,1.1,388150,0,0,2.334738,3.0,3.0,0.0,0.0,0.0,0.0,0.7225779999999999,0.0,0.0,,0.0,0.0,4e-05,48.183499,132041.38628099998,16.471463,1.135678,1.081701,5.151379,29.829314,0.093953,6.1015440000000005,795277,False
50000,WOUND_WAIT,1,True,False,True,WR,0,False,100000,0,SPECIFIED,0.1,16,0.1,True,False,1024*1024*10,16,YCSB,False,0.5,377,0,0,9.768924,1.0,1.0,0.0,0.0,0.0,0.0,0.632774,0.0,0.0,,0.0,0.0,1.7e-05,27.173768,915825.571216,0.003985,1.226377,1.510801,14.11885,0.045869,0.160694,0.00404,1555402,False
50000,WOUND_WAIT,1,True,False,True,WR,0,False,100000,0,SPECIFIED,0.1,16,0.1,True,False,1024*1024*10,16,YCSB,False,0.7,14708,0,0,8.764889,1.0,1.0,0.0,0.0,0.0,0.0,0.686553,0.0,0.0,,0.0,0.0,1.8e-05,28.158396000000003,865987.973845,0.223177,1.303037,1.96023,14.439846,1.156147,0.162142,0.272899,1524052,False
50000,WOUND_WAIT,1,True,False,True,WR,0,False,100000,0,SPECIFIED,0.1,16,0.1,True,False,1024*1024*10,16,YCSB,False,0.9,310418,0,0,7.180841,3.0,3.0,0.0,0.0,0.0,0.0,1.335227,0.0,0.0,,0.0,0.0,4e-05,75.08081,332159.868402,12.245028,2.194635,2.135295,13.620045999999999,23.908496,0.18132,22.354032999999998,1558677,False
50000,WOUND_WAIT,1,True,False,True,WR,0,False,100000,0,SPECIFIED,0.1,16,0.1,True,False,1024*1024*10,16,YCSB,False,1.1,1439720,0,0,4.833446,5.0,5.0,0.0,0.0,0.0,0.0,2.028007,0.0,0.0,,0.0,0.0,5.5e-05,162.846416,156375.366708,75.83235,3.0373900000000003,1.5791469999999999,9.397163,110.60641399999999,0.242035,20.477779,1591573,False
50000,WOUND_WAIT,1,True,False,True,WR,0,False,100000,0,SPECIFIED,0.1,16,0.1,True,False,1024*1024*10,32,YCSB,False,0.5,1422,0,0,15.230785999999998,1.0,1.0,0.0,0.0,0.0,0.0,1.4292040000000001,0.0,0.0,,0.0,0.0,1.9e-05,57.855617,1669710.735632,0.016049,2.98665,4.525998,29.554667,0.146699,0.342801,0.025852999999999998,3018817,False
50000,WOUND_WAIT,1,True,False,True,WR,0,False,100000,0,SPECIFIED,0.1,16,0.1,True,False,1024*1024*10,32,YCSB,False,0.9,1097249,0,0,13.770688,5.0,5.0,0.0,0.0,0.0,0.0,3.515105,0.0,0.0,,0.0,0.0,7.5e-05,313.538197,319563.896505,79.38922,6.225756,2.896154,28.196443,85.21390600000002,0.50367,133.898728,3131109,False
50000,WOUND_WAIT,1,True,False,True,WR,0,False,100000,0,SPECIFIED,0.1,16,0.1,True,False,1024*1024*10,32,YCSB,False,1.1,6003214,0,0,11.512591,5.0,5.0,0.0,0.0,0.0,0.0,6.382169,0.0,0.0,,0.0,0.0,9.2e-05,755.513575,134393.51901,464.230503,9.982981,3.090766,22.588182999999997,464.477218,0.895425,111.87230500000001,3173004,False
50000,WOUND_WAIT,1,True,False,True,WR,0,False,100000,0,SPECIFIED,0.1,32,0.1,True,False,1024*1024*10,1,YCSB,False,0.5,0,0,0,0.627889,0.0,0.0,0.0,0.0,0.0,0.0,0.047716,0.0,0.0,,0.0,0.0,3.7e-05,3.6595480000000014,27325.777201,0.0,0.117506,0.45891899999999997,2.08087,0.001025,0.002395,0.0,100000,False
50000,WOUND_WAIT,1,True,False,True,WR,0,False,100000,0,SPECIFIED,0.1,32,0.1,True,False,1024*1024*10,1,YCSB,False,0.9,0,0,0,0.427983,0.0,0.0,0.0,0.0,0.0,0.0,0.046726,0.0,0.0,,0.0,0.0,2.7000000000000002e-05,2.7439299999999998,36444.080708,0.0,0.11388,0.392793,1.5947559999999998,0.0010019999999999999,0.002318,0.0,100000,False
50000,WOUND_WAIT,1,True,False,True,WR,0,False,100000,0,SPECIFIED,0.1,32,0.1,True,False,1024*1024*10,1,YCSB,False,1.1,0,0,0,0.185334,0.0,0.0,0.0,0.0,0.0,0.0,0.039954,0.0,0.0,,0.0,0.0,1.4000000000000001e-05,1.4094149999999999,70951.43936799999,0.0,0.09688200000000001,0.235283,0.8311290000000001,0.001011,0.002207,0.0,100000,False
50000,WOUND_WAIT,1,True,False,True,WR,0,False,100000,0,SPECIFIED,0.1,32,0.1,True,False,1024*1024*10,2,YCSB,False,0.5,16,0,0,2.816574,1.0,1.0,0.0,0.0,0.0,0.0,0.183538,0.0,0.0,,0.0,0.0,5.7999999999999994e-05,11.474067,34220.473533,0.000624,0.335173,1.398544,6.832003,0.0036490000000000003,0.021927000000000002,0.000571,196324,False
50000,WOUND_WAIT,1,True,False,True,WR,0,False,100000,0,SPECIFIED,0.1,32,0.1,True,False,1024*1024*10,2,YCSB,False,0.9,20367,0,0,2.052066,1.0,1.0,0.0,0.0,0.0,0.0,0.22385,0.0,0.0,,0.0,0.0,5.2000000000000004e-05,11.069792,35821.812182,0.71799,0.377865,1.227969,5.02769,1.570318,0.019527000000000003,0.738857,198270,False
50000,WOUND_WAIT,1,True,False,True,WR,0,False,100000,0,SPECIFIED,0.1,32,0.1,True,False,1024*1024*10,2,YCSB,False,1.1,36898,0,0,0.960511,1.0,1.0,0.0,0.0,0.0,0.0,0.18343199999999998,0.0,0.0,,0.0,0.0,3.7e-05,8.507552,46721.080376,1.216813,0.319203,0.671655,2.780154,2.857494,0.012985,0.810373,198741,False
50000,WOUND_WAIT,1,True,False,True,WR,0,False,100000,0,SPECIFIED,0.1,32,0.1,True,False,1024*1024*10,4,YCSB,False,0.5,65,0,0,5.070431,1.0,1.0,0.0,0.0,0.0,0.0,0.338979,0.0,0.0,,0.0,0.0,4.8e-05,17.787467000000003,83144.610966,0.001524,0.623037,1.823002,9.895878,0.010051000000000001,0.051417,0.004965,369733,False
50000,WOUND_WAIT,1,True,False,True,WR,0,False,100000,0,SPECIFIED,0.1,32,0.1,True,False,1024*1024*10,4,YCSB,False,0.9,89691,0,0,3.5086910000000002,2.0,2.0,0.0,0.0,0.0,0.0,0.52835,0.0,0.0,,0.0,0.0,5.3e-05,24.634684,63853.549429,3.6847339999999997,0.8831979999999999,1.431994,7.312734,6.934388,0.048356,3.5729519999999995,393253,False
50000,WOUND_WAIT,1,True,False,True,WR,0,False,100000,0,SPECIFIED,0.1,32,0.1,True,False,1024*1024*10,4,YCSB,False,1.1,188092,0,0,1.800673,3.0,3.0,0.0,0.0,0.0,0.0,0.456251,0.0,0.0,,0.0,0.0,4.9e-05,27.56213,57480.173955,8.316576,0.753577,0.9854379999999999,4.77146,14.510778,0.048527,3.398712,396069,False
50000,WOUND_WAIT,1,True,False,True,WR,0,False,100000,0,SPECIFIED,0.1,32,0.1,True,False,1024*1024*10,8,YCSB,False,0.5,328,0,0,9.418069000000001,1.0,1.0,0.0,0.0,0.0,0.0,0.653568,0.0,0.0,,0.0,0.0,3.9e-05,28.75504,205985.45678399998,0.0070560000000000015,1.2050889999999999,2.188787,15.437269,0.033532,0.081839,0.010187,740390,False
50000,WOUND_WAIT,1,True,False,True,WR,0,False,100000,0,SPECIFIED,0.1,32,0.1,True,False,1024*1024*10,8,YCSB,False,0.9,333132,0,0,7.058058,3.0,3.0,0.0,0.0,0.0,0.0,1.214334,0.0,0.0,,0.0,0.0,6.7e-05,70.953997,89452.324722,17.727793,1.993848,1.884204,12.382114,25.610992,0.091115,16.285142,793375,False
50000,WOUND_WAIT,1,True,False,True,WR,0,False,100000,0,SPECIFIED,0.1,32,0.1,True,False,1024*1024*10,8,YCSB,False,1.1,758071,0,0,4.1554199999999994,4.0,4.0,0.0,0.0,0.0,0.0,1.264262,0.0,0.0,,0.0,0.0,6.2e-05,91.743652,69005.581045,42.700239,1.9663830000000002,1.398093,8.097333,58.157203,0.117407,11.000861,791353,False
50000,WOUND_WAIT,1,True,False,True,WR,0,False,100000,0,SPECIFIED,0.1,32,0.1,True,False,1024*1024*10,16,YCSB,False,0.5,1430,0,0,18.804051,1.0,1.0,0.0,0.0,0.0,0.0,1.31818,0.0,0.0,,0.0,0.0,3.4e-05,51.760369,469904.84155699995,0.026611000000000003,2.4201200000000003,2.112043,27.26235,0.127313,0.168573,0.031952,1520153,False
50000,WOUND_WAIT,1,True,False,True,WR,0,False,100000,0,SPECIFIED,0.1,32,0.1,True,False,1024*1024*10,16,YCSB,False,0.9,1217103,0,0,13.881743,4.0,4.0,0.0,0.0,0.0,0.0,3.009856,0.0,0.0,,0.0,0.0,9.6e-05,243.27810699999998,104581.280557,90.53912199999999,4.8218760000000005,2.785996,22.097818,93.592137,0.23874099999999998,68.86829,1590146,False
50000,WOUND_WAIT,1,True,False,True,WR,0,False,100000,0,SPECIFIED,0.1,32,0.1,True,False,1024*1024*10,16,YCSB,False,1.1,3364739,0,0,9.795236000000001,4.0,4.0,0.0,0.0,0.0,0.0,4.080343,0.0,0.0,,0.0,0.0,9.4e-05,399.21365699999996,63758.179473000004,250.04055699999998,5.9740470000000006,2.778905,17.976848,259.001984,0.48406099999999996,48.046352,1590821,False
50000,WOUND_WAIT,1,True,False,True,WR,0,False,100000,0,SPECIFIED,0.1,32,0.1,True,False,1024*1024*10,32,YCSB,False,0.5,5990,0,0,28.921815999999996,1.0,1.0,0.0,0.0,0.0,0.0,3.1727529999999997,0.0,0.0,,0.0,0.0,3.6e-05,109.94459599999999,888573.8051229998,0.122073,6.315231,6.748147,55.940785999999996,0.518776,0.325233,0.135927,3052934,False
50000,WOUND_WAIT,1,True,False,True,WR,0,False,100000,0,SPECIFIED,0.1,32,0.1,True,False,1024*1024*10,32,YCSB,False,0.9,4642899,0,0,32.367044,5.0,5.0,0.0,0.0,0.0,0.0,10.265905,0.0,0.0,,0.0,0.0,0.000177,1138.090665,88830.743539,577.44593,16.878097,5.045319999999999,50.936669,358.333733,0.913853,353.024832,3159295,False
50000,WOUND_WAIT,1,True,False,True,WR,0,False,100000,0,SPECIFIED,0.1,32,0.1,True,False,1024*1024*10,32,YCSB,False,1.1,13124406,0,0,23.452346,5.0,5.0,0.0,0.0,0.0,0.0,13.411998,0.0,0.0,,0.0,0.0,0.000134,1659.105605,61044.263676999995,1234.76224,20.318957,4.738243,39.49877100000001,1011.7118029999999,1.475358,189.78815500000002,3164965,False
50000,WOUND_WAIT,1,True,False,True,WR,0,False,100000,0,SPECIFIED,0.1,64,0.1,True,False,1024*1024*10,1,YCSB,False,0.5,0,0,0,1.254877,0.0,0.0,0.0,0.0,0.0,0.0,0.097524,0.0,0.0,,0.0,0.0,6.4e-05,6.392607,15643.070253999998,0.0,0.230377,0.582138,3.51776,0.0010019999999999999,0.00271,0.0,100000,False
50000,WOUND_WAIT,1,True,False,True,WR,0,False,100000,0,SPECIFIED,0.1,64,0.1,True,False,1024*1024*10,1,YCSB,False,0.9,0,0,0,0.8678100000000001,0.0,0.0,0.0,0.0,0.0,0.0,0.093784,0.0,0.0,,0.0,0.0,4.7e-05,4.7113309999999995,21225.424079,0.0,0.22251300000000002,0.488775,2.642472,0.001015,0.002627,0.0,100000,False
50000,WOUND_WAIT,1,True,False,True,WR,0,False,100000,0,SPECIFIED,0.1,64,0.1,True,False,1024*1024*10,1,YCSB,False,1.1,0,0,0,0.362971,0.0,0.0,0.0,0.0,0.0,0.0,0.073838,0.0,0.0,,0.0,0.0,2.4e-05,2.42961,41158.86949200001,0.0,0.175736,0.320268,1.4036950000000001,0.001009,0.002378,0.0,100000,False
50000,WOUND_WAIT,1,True,False,True,WR,0,False,100000,0,SPECIFIED,0.1,64,0.1,True,False,1024*1024*10,2,YCSB,False,0.5,57,0,0,5.542279,1.0,1.0,0.0,0.0,0.0,0.0,0.402459,0.0,0.0,,0.0,0.0,0.00011399999999999999,22.11451,17593.154528,0.0035659999999999997,0.693397,2.428085,13.107462,0.0066159999999999995,0.027254,0.0050409999999999995,194532,False
50000,WOUND_WAIT,1,True,False,True,WR,0,False,100000,0,SPECIFIED,0.1,64,0.1,True,False,1024*1024*10,2,YCSB,False,0.9,51753,0,0,3.532377,1.0,1.0,0.0,0.0,0.0,0.0,0.48588400000000004,0.0,0.0,,0.0,0.0,0.000101,23.089706,17246.213472,2.914072,0.797122,1.7624389999999999,8.912186,4.004027,0.020724,3.120177,199105,False
50000,WOUND_WAIT,1,True,False,True,WR,0,False,100000,0,SPECIFIED,0.1,64,0.1,True,False,1024*1024*10,2,YCSB,False,1.1,56447,0,0,1.616162,1.0,1.0,0.0,0.0,0.0,0.0,0.328043,0.0,0.0,,0.0,0.0,6.1e-05,13.874814,28516.274294,1.850801,0.55558,0.895425,4.415511,4.361057,0.01635,1.730447,197829,False
50000,WOUND_WAIT,1,True,False,True,WR,0,False,100000,0,SPECIFIED,0.1,64,0.1,True,False,1024*1024*10,4,YCSB,False,0.5,293,0,0,10.681725,1.0,1.0,0.0,0.0,0.0,0.0,0.7705850000000001,0.0,0.0,,0.0,0.0,8.7e-05,33.970832,45792.343856,0.013649000000000001,1.336286,2.608102,18.629983,0.027281,0.055720000000000006,0.022693,388901,False
50000,WOUND_WAIT,1,True,False,True,WR,0,False,100000,0,SPECIFIED,0.1,64,0.1,True,False,1024*1024*10,4,YCSB,False,0.9,252917,0,0,7.259575999999999,3.0,3.0,0.0,0.0,0.0,0.0,1.155216,0.0,0.0,,0.0,0.0,0.000113,62.906441,25359.565125999998,17.761817,1.880575,1.978705,12.841525,19.479211,0.061725999999999996,13.041608,398820,False
50000,WOUND_WAIT,1,True,False,True,WR,0,False,100000,0,SPECIFIED,0.1,64,0.1,True,False,1024*1024*10,4,YCSB,False,1.1,320630,0,0,3.664993,3.0,3.0,0.0,0.0,0.0,0.0,0.839628,0.0,0.0,,0.0,0.0,8.3e-05,50.56027,31442.632770999997,17.657712,1.369286,1.588544,8.086679,24.660432,0.058836,7.624743,397437,False
50000,WOUND_WAIT,1,True,False,True,WR,0,False,100000,0,SPECIFIED,0.1,64,0.1,True,False,1024*1024*10,8,YCSB,False,0.5,1456,0,0,21.488545000000002,1.0,1.0,0.0,0.0,0.0,0.0,1.660693,0.0,0.0,,0.0,0.0,8e-05,63.350618999999995,99774.746977,0.060502,2.808891,3.34055,34.293654,0.122754,0.092915,0.10345499999999999,790099,False
50000,WOUND_WAIT,1,True,False,True,WR,0,False,100000,0,SPECIFIED,0.1,64,0.1,True,False,1024*1024*10,8,YCSB,False,0.9,1055860,0,0,14.644886999999999,3.0,3.0,0.0,0.0,0.0,0.0,3.202521,0.0,0.0,,0.0,0.0,0.000151,218.76944300000002,29127.651006,98.71673,5.029287,2.992384,22.844865,81.342712,0.17874600000000002,50.60176,796530,False
50000,WOUND_WAIT,1,True,False,True,WR,0,False,100000,0,SPECIFIED,0.1,64,0.1,True,False,1024*1024*10,8,YCSB,False,1.1,1397774,0,0,7.738508,4.0,4.0,0.0,0.0,0.0,0.0,2.318382,0.0,0.0,,0.0,0.0,0.0001,178.849694,35436.638764999996,99.53058100000001,3.536104,2.18103,14.797982000000001,107.292794,0.170525,22.92965,792229,False
50000,WOUND_WAIT,1,True,False,True,WR,0,False,100000,0,SPECIFIED,0.1,64,0.1,True,False,1024*1024*10,16,YCSB,False,0.5,5612,0,0,39.501526,1.0,1.0,0.0,0.0,0.0,0.0,3.214575,0.0,0.0,,0.0,0.0,7.7e-05,115.38746200000001,207686.758615,0.23129899999999998,5.4706730000000015,5.964093,60.347568,0.46002,0.190826,0.295244,1497778,False
50000,WOUND_WAIT,1,True,False,True,WR,0,False,100000,0,SPECIFIED,0.1,64,0.1,True,False,1024*1024*10,16,YCSB,False,0.9,3989619,0,0,29.8602,5.0,5.0,0.0,0.0,0.0,0.0,9.000166,0.0,0.0,,0.0,0.0,0.000193,764.008376,33264.033217000004,457.98915,13.729160999999998,3.981292,39.48131,306.532075,0.5273760000000001,161.50413799999995,1588375,False
50000,WOUND_WAIT,1,True,False,True,WR,0,False,100000,0,SPECIFIED,0.1,64,0.1,True,False,1024*1024*10,16,YCSB,False,1.1,5912730,0,0,17.544839,4.0,4.0,0.0,0.0,0.0,0.0,7.371065,0.0,0.0,,0.0,0.0,0.000133,727.1619559999997,34990.763451,516.100639,10.522625999999999,3.679156,30.577904999999998,454.11520599999994,0.720025,80.476272,1590247,False
50000,WOUND_WAIT,1,True,False,True,WR,0,False,100000,0,SPECIFIED,0.1,64,0.1,True,False,1024*1024*10,32,YCSB,False,0.5,23285,0,0,66.61706,2.0,2.0,0.0,0.0,0.0,0.0,6.671289,0.0,0.0,,0.0,0.0,7.2e-05,218.08436899999998,439794.12375,0.9244530000000001,12.047312,9.841467,111.596399,1.870542,0.341997,1.976877,2997257,False
50000,WOUND_WAIT,1,True,False,True,WR,0,False,100000,0,SPECIFIED,0.3,16,0.1,True,False,1024*1024*10,16,YCSB,False,0.5,325,0,0,9.381291000000001,1.0,1.0,0.0,0.0,0.0,0.0,0.631994,0.0,0.0,,0.0,0.0,1.8e-05,27.078994,913000.548616,0.003116,1.2324899999999999,1.683978,14.726957999999998,0.041828,0.156319,0.0035770000000000008,1545196,False
50000,WOUND_WAIT,1,True,False,True,WR,0,False,100000,0,SPECIFIED,0.3,16,0.1,True,False,1024*1024*10,16,YCSB,False,0.7,13986,0,0,9.358680999999999,2.0,2.0,0.0,0.0,0.0,0.0,0.688337,0.0,0.0,,0.0,0.0,1.8e-05,28.884781,869071.08003,0.20263699999999998,1.3210309999999998,2.063806,15.377327,1.104454,0.146912,0.221394,1568933,False
50000,WOUND_WAIT,1,True,False,True,WR,0,False,100000,0,SPECIFIED,0.3,16,0.1,True,False,1024*1024*10,16,YCSB,False,0.9,297781,0,0,7.551517,7.0,7.0,0.0,0.0,0.0,0.0,1.313767,0.0,0.0,,0.0,0.0,4e-05,73.54180799999997,341645.339177,11.348407,2.179927,2.270568,14.142079999999998,22.933903,0.178963,21.607041,1570326,False
50000,WOUND_WAIT,1,True,False,True,WR,0,False,100000,0,SPECIFIED,0.3,16,0.1,True,False,1024*1024*10,16,YCSB,False,1.1,1330929,0,0,4.770942,6.0,6.0,0.0,0.0,0.0,0.0,1.969356,0.0,0.0,,0.0,0.0,5.2000000000000004e-05,151.619259,167522.043149,68.386566,2.9683450000000002,1.5073299999999998,9.363202000000001,102.177275,0.228779,19.261288,1587473,False
50000,WOUND_WAIT,1,True,False,True,WR,0,False,100000,0,SPECIFIED,0.5,16,0.1,True,False,1024*1024*10,1,YCSB,False,0.5,0,0,0,0.310035,0.0,0.0,0.0,0.0,0.0,0.0,0.022552000000000003,0.0,0.0,,0.0,0.0,2.1e-05,2.128341,46984.960474,0.0,0.06195800000000001,0.350702,1.298473,0.0010140000000000001,0.002127,0.0,100000,False
50000,WOUND_WAIT,1,True,False,True,WR,0,False,100000,0,SPECIFIED,0.5,16,0.1,True,False,1024*1024*10,1,YCSB,False,0.9,0,0,0,0.21652600000000002,0.0,0.0,0.0,0.0,0.0,0.0,0.022438999999999997,0.0,0.0,,0.0,0.0,1.4999999999999999e-05,1.460086,68489.139473,0.0,0.059765,0.258411,0.8641979999999999,0.000982,0.002114,0.0,100000,False
50000,WOUND_WAIT,1,True,False,True,WR,0,False,100000,0,SPECIFIED,0.5,16,0.1,True,False,1024*1024*10,1,YCSB,False,1.1,0,0,0,0.095812,0.0,0.0,0.0,0.0,0.0,0.0,0.019953,0.0,0.0,,0.0,0.0,8e-06,0.76188,131254.327611,0.0,0.052883000000000006,0.149289,0.44506999999999997,0.0009939999999999999,0.003113,0.0,100000,False
50000,WOUND_WAIT,1,True,False,True,WR,0,False,100000,0,SPECIFIED,0.5,16,0.1,True,False,1024*1024*10,2,YCSB,False,0.5,5,0,0,1.443539,1.0,1.0,0.0,0.0,0.0,0.0,0.086427,0.0,0.0,,0.0,0.0,3.3e-05,6.466349,60608.856328999995,8.7e-05,0.16833399999999998,0.9095270000000001,4.0307379999999995,0.0029,0.028554000000000006,2.3e-05,195959,False
50000,WOUND_WAIT,1,True,False,True,WR,0,False,100000,0,SPECIFIED,0.5,16,0.1,True,False,1024*1024*10,2,YCSB,False,0.9,4992,0,0,1.0543799999999999,1.0,1.0,0.0,0.0,0.0,0.0,0.102013,0.0,0.0,,0.0,0.0,2.6000000000000002e-05,5.216112,76169.764291,0.089499,0.181837,0.8585950000000001,2.840234,0.391468,0.017808,0.10463499999999999,198655,False
50000,WOUND_WAIT,1,True,False,True,WR,0,False,100000,0,SPECIFIED,0.5,16,0.1,True,False,1024*1024*10,2,YCSB,False,1.1,16224,0,0,0.543826,1.0,1.0,0.0,0.0,0.0,0.0,0.11371300000000001,0.0,0.0,,0.0,0.0,1.9e-05,4.053047,97184.16340199999,0.38337,0.193833,0.434709,1.4591,1.2585540000000002,0.013085,0.27924099999999996,196946,False
50000,WOUND_WAIT,1,True,False,True,WR,0,False,100000,0,SPECIFIED,0.5,16,0.1,True,False,1024*1024*10,4,YCSB,False,0.5,15,0,0,2.649691,1.0,1.0,0.0,0.0,0.0,0.0,0.16269,0.0,0.0,,0.0,0.0,2.5e-05,9.651869999999999,157811.486236,0.000202,0.317477,1.25569,5.587097,0.005681,0.055574,0.000417,380794,False
50000,WOUND_WAIT,1,True,False,True,WR,0,False,100000,0,SPECIFIED,0.5,16,0.1,True,False,1024*1024*10,4,YCSB,False,0.9,24253,0,0,1.6489330000000002,3.0,3.0,0.0,0.0,0.0,0.0,0.224136,0.0,0.0,,0.0,0.0,2.4e-05,9.90607,160423.262685,0.502455,0.402466,1.257924,4.400851,1.871387,0.031010000000000006,0.523099,397291,False
50000,WOUND_WAIT,1,True,False,True,WR,0,False,100000,0,SPECIFIED,0.5,16,0.1,True,False,1024*1024*10,4,YCSB,False,1.1,83368,0,0,0.9657600000000001,3.0,3.0,0.0,0.0,0.0,0.0,0.25798000000000004,0.0,0.0,,0.0,0.0,2.6000000000000002e-05,12.842487,123861.3717,2.368694,0.435774,0.6679430000000001,2.825025,6.4341269999999975,0.033184,1.387171,397672,False
50000,WOUND_WAIT,1,True,False,True,WR,0,False,100000,0,SPECIFIED,0.5,16,0.1,True,False,1024*1024*10,8,YCSB,False,0.5,50,0,0,5.156338,1.0,1.0,0.0,0.0,0.0,0.0,0.320571,0.0,0.0,,0.0,0.0,2.1e-05,16.267159,376680.896926,0.000533,0.632891,1.589982,9.272509,0.012348,0.093102,0.0031550000000000003,765941,False
50000,WOUND_WAIT,1,True,False,True,WR,0,False,100000,0,SPECIFIED,0.5,16,0.1,True,False,1024*1024*10,8,YCSB,False,0.9,82590,0,0,3.55438,4.0,4.0,0.0,0.0,0.0,0.0,0.518532,0.0,0.0,,0.0,0.0,2.6000000000000002e-05,22.662997,277000.256338,2.096836,0.897711,1.679988,7.606051,6.3587440000000015,0.075672,2.766989,784707,False
50000,WOUND_WAIT,1,True,False,True,WR,0,False,100000,0,SPECIFIED,0.5,16,0.1,True,False,1024*1024*10,8,YCSB,False,1.1,301841,0,0,2.09385,5.0,5.0,0.0,0.0,0.0,0.0,0.704493,0.0,0.0,,0.0,0.0,3.4e-05,37.737504,167913.597699,10.953508,1.129167,0.9250450000000001,4.6189599999999995,23.243857000000002,0.090254,4.6118190000000014,792080,False
50000,WOUND_WAIT,1,True,False,True,WR,0,False,100000,0,SPECIFIED,0.5,16,0.1,True,False,1024*1024*10,16,YCSB,False,0.5,270,0,0,9.219783,1.0,1.0,0.0,0.0,0.0,0.0,0.6314770000000001,0.0,0.0,,0.0,0.0,1.8e-05,26.997673,913162.5565209999,0.002694,1.234316,2.123077,14.700299,0.037436000000000004,0.164719,0.06982000000000001,1540829,False
50000,WOUND_WAIT,1,True,False,True,WR,0,False,100000,0,SPECIFIED,0.5,16,0.1,True,False,1024*1024*10,16,YCSB,False,0.7,11381,0,0,8.639349000000001,3.0,3.0,0.0,0.0,0.0,0.0,0.677423,0.0,0.0,,0.0,0.0,1.7e-05,26.373264000000002,928036.217446,0.155977,1.29974,1.74132,14.581937,0.901646,0.146367,0.3565,1529709,False
50000,WOUND_WAIT,1,True,False,True,WR,0,False,100000,0,SPECIFIED,0.5,16,0.1,True,False,1024*1024*10,16,YCSB,False,0.9,251806,0,0,6.907971000000001,6.0,6.0,0.0,0.0,0.0,0.0,1.2152,0.0,0.0,,0.0,0.0,3.4e-05,61.400603000000004,408797.030235,8.381145,2.068365,2.118456,13.411603,19.417270000000002,0.16288699999999998,16.140375,1568774,False
50000,WOUND_WAIT,1,True,False,True,WR,0,False,100000,0,SPECIFIED,0.5,16,0.1,True,False,1024*1024*10,16,YCSB,False,1.1,1164815,0,0,4.821459,6.0,6.0,0.0,0.0,0.0,0.0,2.017217,0.0,0.0,,0.0,0.0,4.9e-05,135.133263,188100.305797,56.77944300000001,3.044956,1.5272270000000001,9.356417,89.4684,0.224241,17.850189999999994,1588663,False
50000,WOUND_WAIT,1,True,False,True,WR,0,False,100000,0,SPECIFIED,0.5,16,0.1,True,False,1024*1024*10,32,YCSB,False,0.5,1091,0,0,13.34501,1.0,1.0,0.0,0.0,0.0,0.0,1.509593,0.0,0.0,,0.0,0.0,1.7e-05,52.425194,1906439.1095580002,0.010966,3.215116,4.029534,28.227877000000003,0.124708,0.29331599999999997,0.012320000000000001,3123295,False
50000,WOUND_WAIT,1,True,False,True,WR,0,False,100000,0,SPECIFIED,0.5,16,0.1,True,False,1024*1024*10,32,YCSB,False,0.9,849355,0,0,12.682293,10.0,10.0,0.0,0.0,0.0,0.0,3.235375,0.0,0.0,,0.0,0.0,6.1e-05,244.964003,410854.42291799997,51.839841,5.946499,3.5237839999999996,27.022461,66.148516,0.424604,103.008617,3145142,False
50000,WOUND_WAIT,1,True,False,True,WR,0,False,100000,0,SPECIFIED,0.5,16,0.1,True,False,1024*1024*10,32,YCSB,False,1.1,4861280,0,0,11.030004,11.0,11.0,0.0,0.0,0.0,0.0,6.24146,0.0,0.0,,0.0,0.0,8.1e-05,599.4424849999998,169439.468506,341.923357,9.829984,2.507706,21.116376000000002,377.280433,0.853735,89.753118,3174038,False
50000,WOUND_WAIT,1,True,False,True,WR,0,False,100000,0,SPECIFIED,0.5,32,0.1,True,False,1024*1024*10,1,YCSB,False,0.5,0,0,0,0.626814,0.0,0.0,0.0,0.0,0.0,0.0,0.047560000000000005,0.0,0.0,,0.0,0.0,3.5e-05,3.5202940000000003,28406.717036000002,0.0,0.118414,0.459006,2.059098,0.00101,0.0023829999999999997,0.0,100000,False
50000,WOUND_WAIT,1,True,False,True,WR,0,False,100000,0,SPECIFIED,0.5,32,0.1,True,False,1024*1024*10,1,YCSB,False,0.9,0,0,0,0.423971,0.0,0.0,0.0,0.0,0.0,0.0,0.046145,0.0,0.0,,0.0,0.0,2.6000000000000002e-05,2.620205,38164.946493999996,0.0,0.11743800000000001,0.388687,1.553587,0.0009960000000000001,0.002264,0.0,100000,False
50000,WOUND_WAIT,1,True,False,True,WR,0,False,100000,0,SPECIFIED,0.5,32,0.1,True,False,1024*1024*10,1,YCSB,False,1.1,0,0,0,0.186783,0.0,0.0,0.0,0.0,0.0,0.0,0.039826,0.0,0.0,,0.0,0.0,1.4000000000000001e-05,1.3626,73389.106256,0.0,0.097245,0.237729,0.806304,0.0010019999999999999,0.002176,0.0,100000,False
50000,WOUND_WAIT,1,True,False,True,WR,0,False,100000,0,SPECIFIED,0.5,32,0.1,True,False,1024*1024*10,2,YCSB,False,0.5,10,0,0,2.76538,1.0,1.0,0.0,0.0,0.0,0.0,0.17849600000000002,0.0,0.0,,0.0,0.0,5.6999999999999996e-05,10.929957,35210.202282,0.00025699999999999996,0.323371,1.358708,6.6331630000000015,0.002961,0.027887000000000002,0.00042199999999999996,192423,False
50000,WOUND_WAIT,1,True,False,True,WR,0,False,100000,0,SPECIFIED,0.5,32,0.1,True,False,1024*1024*10,2,YCSB,False,0.9,15673,0,0,1.965552,1.0,1.0,0.0,0.0,0.0,0.0,0.210096,0.0,0.0,,0.0,0.0,4.6e-05,9.585432,41474.602354,0.480702,0.362394,1.063598,4.6974029999999996,1.210304,0.015685,0.494709,198776,False
50000,WOUND_WAIT,1,True,False,True,WR,0,False,100000,0,SPECIFIED,0.5,32,0.1,True,False,1024*1024*10,2,YCSB,False,1.1,29912,0,0,0.9496190000000001,1.0,1.0,0.0,0.0,0.0,0.0,0.190553,0.0,0.0,,0.0,0.0,3.2e-05,7.144378,55042.722261,0.927615,0.321684,0.618717,2.3841040000000002,2.30115,0.013541999999999998,0.683341,196623,False
50000,WOUND_WAIT,1,True,False,True,WR,0,False,100000,0,SPECIFIED,0.5,32,0.1,True,False,1024*1024*10,4,YCSB,False,0.5,57,0,0,5.334835,1.0,1.0,0.0,0.0,0.0,0.0,0.353221,0.0,0.0,,0.0,0.0,4.9e-05,18.65745,81912.800697,0.001524,0.654695,2.089975,10.767465,0.009639,0.051798000000000004,0.0036799999999999997,382071,False
50000,WOUND_WAIT,1,True,False,True,WR,0,False,100000,0,SPECIFIED,0.5,32,0.1,True,False,1024*1024*10,4,YCSB,False,0.9,70844,0,0,3.5077480000000003,3.0,3.0,0.0,0.0,0.0,0.0,0.477412,0.0,0.0,,0.0,0.0,4.7e-05,21.08824,74718.043055,2.579236,0.81597,1.320871,7.204167999999999,5.464122,0.036994,2.6493860000000002,393918,False
50000,WOUND_WAIT,1,True,False,True,WR,0,False,100000,0,SPECIFIED,0.5,32,0.1,True,False,1024*1024*10,4,YCSB,False,1.1,165330,0,0,2.101241,3.0,3.0,0.0,0.0,0.0,0.0,0.506897,0.0,0.0,,0.0,0.0,4.6e-05,25.422129,62644.006126,7.105811,0.8272940000000001,1.036434,4.591285,12.714037,0.045018999999999997,3.3440269999999996,398136,False
50000,WOUND_WAIT,1,True,False,True,WR,0,False,100000,0,SPECIFIED,0.5,32,0.1,True,False,1024*1024*10,8,YCSB,False,0.5,280,0,0,10.071632000000001,1.0,1.0,0.0,0.0,0.0,0.0,0.667579,0.0,0.0,,0.0,0.0,4e-05,30.192407,199826.398883,0.0060490000000000006,1.247552,2.2918689999999997,16.923551999999994,0.030508999999999998,0.092275,0.015009,754155,False
50000,WOUND_WAIT,1,True,False,True,WR,0,False,100000,0,SPECIFIED,0.5,32,0.1,True,False,1024*1024*10,8,YCSB,False,0.9,266925,0,0,7.440508,6.0,6.0,0.0,0.0,0.0,0.0,1.251668,0.0,0.0,,0.0,0.0,6.3e-05,63.19711700000001,99482.51305800001,13.335397,2.047755,2.137453,13.415664999999999,20.577923000000002,0.106063,14.279431,785876,False
50000,WOUND_WAIT,1,True,False,True,WR,0,False,100000,0,SPECIFIED,0.5,32,0.1,True,False,1024*1024*10,8,YCSB,False,1.1,693782,0,0,4.105556,5.0,5.0,0.0,0.0,0.0,0.0,1.3343969999999998,0.0,0.0,,0.0,0.0,6.2e-05,87.908076,72441.854284,38.346488,2.097492,1.350819,8.911795,53.505091,0.134811,11.489545,796028,False
50000,WOUND_WAIT,1,True,False,True,WR,0,False,100000,0,SPECIFIED,0.5,32,0.1,True,False,1024*1024*10,16,YCSB,False,0.5,1099,0,0,18.883018,1.0,1.0,0.0,0.0,0.0,0.0,1.310128,0.0,0.0,,0.0,0.0,3.4e-05,51.574638,467469.14197,0.020863999999999997,2.426336,2.854266,28.41743,0.102342,0.16931300000000002,0.037801999999999995,1506847,False
50000,WOUND_WAIT,1,True,False,True,WR,0,False,100000,0,SPECIFIED,0.5,32,0.1,True,False,1024*1024*10,16,YCSB,False,0.9,974230,0,0,15.42789,7.0,7.0,0.0,0.0,0.0,0.0,3.2815449999999995,0.0,0.0,,0.0,0.0,9.300000000000001e-05,215.827267,116763.300456,70.07553100000001,5.196863,3.060959,24.737732,75.048457,0.283936,64.822843,1575044,False
50000,WOUND_WAIT,1,True,False,True,WR,0,False,100000,0,SPECIFIED,0.5,32,0.1,True,False,1024*1024*10,16,YCSB,False,1.1,2815828,0,0,9.514547,8.0,8.0,0.0,0.0,0.0,0.0,3.9959260000000003,0.0,0.0,,0.0,0.0,8.7e-05,340.30885,74607.47485900001,201.70157700000001,5.980617,2.620022,17.520882,216.55579300000002,0.393665,43.426873,1586849,False
50000,WOUND_WAIT,1,True,False,True,WR,0,False,100000,0,SPECIFIED,0.5,32,0.1,True,False,1024*1024*10,32,YCSB,False,0.5,4805,0,0,40.406813,2.0,2.0,0.0,0.0,0.0,0.0,2.9344419999999998,0.0,0.0,,0.0,0.0,4e-05,123.757473,808121.737759,0.101842,5.5668370000000005,7.172148,71.201484,0.41172299999999995,0.381829,0.347026,3125347,False
50000,WOUND_WAIT,1,True,False,True,WR,0,False,100000,0,SPECIFIED,0.5,32,0.1,True,False,1024*1024*10,32,YCSB,False,0.9,3652429,0,0,29.187603999999997,11.0,11.0,0.0,0.0,0.0,0.0,9.010744,0.0,0.0,,0.0,0.0,0.00015900000000000002,925.8247859999999,109025.726572,423.022124,15.720284,5.570982,51.196901000000004,283.71282,0.8300069999999999,306.178023,3154335,False
50000,WOUND_WAIT,1,True,False,True,WR,0,False,100000,0,SPECIFIED,0.5,32,0.1,True,False,1024*1024*10,32,YCSB,False,1.1,12026917,0,0,25.103054999999998,13.0,13.0,0.0,0.0,0.0,0.0,14.971712,0.0,0.0,,0.0,0.0,0.000139,1618.526142,62868.79240599999,1176.487226,22.676898,4.832534,41.914711,931.7587300000001,1.684189,204.04201,3179837,False
50000,WOUND_WAIT,1,True,False,True,WR,0,False,100000,0,SPECIFIED,0.5,64,0.1,True,False,1024*1024*10,1,YCSB,False,0.5,0,0,0,1.255368,0.0,0.0,0.0,0.0,0.0,0.0,0.096941,0.0,0.0,,0.0,0.0,6.2e-05,6.198633,16132.590500999999,0.0,0.234548,0.578743,3.555339,0.0010019999999999999,0.002644,0.0,100000,False
50000,WOUND_WAIT,1,True,False,True,WR,0,False,100000,0,SPECIFIED,0.5,64,0.1,True,False,1024*1024*10,1,YCSB,False,0.9,0,0,0,0.8558030000000001,0.0,0.0,0.0,0.0,0.0,0.0,0.09313099999999999,0.0,0.0,,0.0,0.0,4.5e-05,4.506183,22191.729972,0.0,0.223082,0.481716,2.602109,0.001015,0.002515,0.0,100000,False
50000,WOUND_WAIT,1,True,False,True,WR,0,False,100000,0,SPECIFIED,0.5,64,0.1,True,False,1024*1024*10,1,YCSB,False,1.1,0,0,0,0.363592,0.0,0.0,0.0,0.0,0.0,0.0,0.072521,0.0,0.0,,0.0,0.0,2.4e-05,2.3505529999999997,42543.189169,0.0,0.175023,0.318723,1.377125,0.001025,0.002327,0.0,100000,False
50000,WOUND_WAIT,1,True,False,True,WR,0,False,100000,0,SPECIFIED,0.5,64,0.1,True,False,1024*1024*10,2,YCSB,False,0.5,35,0,0,5.487642,1.0,1.0,0.0,0.0,0.0,0.0,0.3969,0.0,0.0,,0.0,0.0,0.00010800000000000001,20.911835,18542.705872,0.002092,0.684133,2.196461,12.738461000000001,0.0053479999999999995,0.029082999999999998,0.006338,193881,False
50000,WOUND_WAIT,1,True,False,True,WR,0,False,100000,0,SPECIFIED,0.5,64,0.1,True,False,1024*1024*10,2,YCSB,False,0.9,41707,0,0,3.572773,1.0,1.0,0.0,0.0,0.0,0.0,0.479127,0.0,0.0,,0.0,0.0,9.4e-05,20.930145,19090.168724,2.156511,0.7914180000000001,1.7695330000000002,8.756411,3.230283,0.021683,2.556232,199780,False
50000,WOUND_WAIT,1,True,False,True,WR,0,False,100000,0,SPECIFIED,0.5,64,0.1,True,False,1024*1024*10,2,YCSB,False,1.1,53607,0,0,1.667386,1.0,1.0,0.0,0.0,0.0,0.0,0.34389899999999995,0.0,0.0,,0.0,0.0,5.9999999999999995e-05,13.724047,29138.636184,1.783105,0.578832,1.020216,4.4717839999999995,4.134062999999999,0.016543000000000002,1.795207,199950,False
50000,WOUND_WAIT,1,True,False,True,WR,0,False,100000,0,SPECIFIED,0.5,64,0.1,True,False,1024*1024*10,4,YCSB,False,0.5,234,0,0,11.106154,1.0,1.0,0.0,0.0,0.0,0.0,0.804104,0.0,0.0,,0.0,0.0,9.1e-05,36.270849,43707.165942,0.011918000000000002,1.393649,3.602066,20.915543,0.023825,0.053349,0.029257,396324,False
50000,WOUND_WAIT,1,True,False,True,WR,0,False,100000,0,SPECIFIED,0.5,64,0.1,True,False,1024*1024*10,4,YCSB,False,0.9,202043,0,0,7.2651520000000005,3.0,3.0,0.0,0.0,0.0,0.0,1.147075,0.0,0.0,,0.0,0.0,0.000105,55.117357,28905.885414999997,13.410997,1.8755240000000002,2.205844,12.85017,15.571528,0.054246,11.263314999999999,398304,False
50000,WOUND_WAIT,1,True,False,True,WR,0,False,100000,0,SPECIFIED,0.5,64,0.1,True,False,1024*1024*10,4,YCSB,False,1.1,284350,0,0,3.322255,3.0,3.0,0.0,0.0,0.0,0.0,0.847583,0.0,0.0,,0.0,0.0,7.6e-05,45.063936,35445.816743,14.805112,1.383435,1.433026,7.479214999999999,21.942162,0.062162,6.766355,399332,False
50000,WOUND_WAIT,1,True,False,True,WR,0,False,100000,0,SPECIFIED,0.5,64,0.1,True,False,1024*1024*10,8,YCSB,False,0.5,989,0,0,19.338616000000002,1.0,1.0,0.0,0.0,0.0,0.0,1.5390110000000001,0.0,0.0,,0.0,0.0,7.5e-05,55.395685,106418.39666900001,0.039026,2.6251029999999997,3.220126,31.311615999999997,0.085969,0.088501,0.058842999999999986,736890,False
50000,WOUND_WAIT,1,True,False,True,WR,0,False,100000,0,SPECIFIED,0.5,64,0.1,True,False,1024*1024*10,8,YCSB,False,0.9,826897,0,0,14.015688,5.0,5.0,0.0,0.0,0.0,0.0,3.06696,0.0,0.0,,0.0,0.0,0.000132,175.31714,36321.468648,70.536904,4.860369,2.638586,21.844146,63.698944,0.167675,41.064651,795972,False
50000,WOUND_WAIT,1,True,False,True,WR,0,False,100000,0,SPECIFIED,0.5,64,0.1,True,False,1024*1024*10,8,YCSB,False,1.1,1282824,0,0,7.593818,5.0,5.0,0.0,0.0,0.0,0.0,2.384639,0.0,0.0,,0.0,0.0,0.000101,172.20666,36823.337821,92.27571999999999,3.7095769999999995,2.243172,15.028007999999998,98.719699,0.197561,24.210423000000002,792653,False
50000,WOUND_WAIT,1,True,False,True,WR,0,False,100000,0,SPECIFIED,0.5,64,0.1,True,False,1024*1024*10,16,YCSB,False,0.5,4510,0,0,42.580441,1.0,1.0,0.0,0.0,0.0,0.0,3.2763560000000003,0.0,0.0,,0.0,0.0,7.3e-05,114.95746399999999,218034.872522,0.17519400000000002,5.584356,5.544157,64.47823299999999,0.37198600000000004,0.19958800000000002,0.278385,1566546,False
50000,WOUND_WAIT,1,True,False,True,WR,0,False,100000,0,SPECIFIED,0.5,64,0.1,True,False,1024*1024*10,16,YCSB,False,0.9,3217972,0,0,29.651891,8.0,8.0,0.0,0.0,0.0,0.0,8.338382000000001,0.0,0.0,,0.0,0.0,0.00017900000000000001,641.8199559999998,39694.371842,357.273711,12.926051,3.970054,39.96727,247.606243,0.46109700000000003,146.15421899999996,1592290,False
50000,WOUND_WAIT,1,True,False,True,WR,0,False,100000,0,SPECIFIED,0.5,64,0.1,True,False,1024*1024*10,16,YCSB,False,1.1,5422857,0,0,18.030144,9.0,9.0,0.0,0.0,0.0,0.0,7.683244,0.0,0.0,,0.0,0.0,0.000135,699.5183969999997,36419.982827,484.29121100000003,11.256278,3.730294,31.099673,417.408118,0.731831,84.892761,1592278,False
50000,WOUND_WAIT,1,True,False,True,WR,0,False,100000,0,SPECIFIED,0.5,64,0.1,True,False,1024*1024*10,32,YCSB,False,0.5,18013,0,0,64.934442,2.0,2.0,0.0,0.0,0.0,0.0,7.08431,0.0,0.0,,0.0,0.0,7.3e-05,223.350095,438894.10428599996,0.724992,13.001153,10.687584,121.39796299999999,1.489524,0.352763,2.1616869999999997,3063345,False
50000,WOUND_WAIT,1,True,False,True,WR,0,False,100000,0,SPECIFIED,0.7,16,0.1,True,False,1024*1024*10,16,YCSB,False,0.5,187,0,0,9.494408,1.0,1.0,0.0,0.0,0.0,0.0,0.627219,0.0,0.0,,0.0,0.0,1.7e-05,26.489190999999998,923239.0623950001,0.0021449999999999998,1.231436,1.81477,15.076452,0.030999000000000002,0.171663,0.00212,1528491,False
50000,WOUND_WAIT,1,True,False,True,WR,0,False,100000,0,SPECIFIED,0.7,16,0.1,True,False,1024*1024*10,16,YCSB,False,0.7,7792,0,0,8.776273,3.0,3.0,0.0,0.0,0.0,0.0,0.674962,0.0,0.0,,0.0,0.0,1.6e-05,25.326293,969802.583471,0.103163,1.295742,1.750852,14.21379,0.6221300000000001,0.155676,0.097414,1535094,False
50000,WOUND_WAIT,1,True,False,True,WR,0,False,100000,0,SPECIFIED,0.7,16,0.1,True,False,1024*1024*10,16,YCSB,False,0.9,189695,0,0,7.689467999999999,7.0,7.0,0.0,0.0,0.0,0.0,1.3219239999999999,0.0,0.0,,0.0,0.0,3.1e-05,52.969925,468963.47076800006,5.596786,2.208175,2.144837,14.349395000000001,14.647074,0.188349,12.505682,1552560,False
50000,WOUND_WAIT,1,True,False,True,WR,0,False,100000,0,SPECIFIED,0.7,16,0.1,True,False,1024*1024*10,16,YCSB,False,1.1,868788,0,0,4.780355,8.0,8.0,0.0,0.0,0.0,0.0,2.052421,0.0,0.0,,0.0,0.0,4.3e-05,106.13011000000002,238203.61684899998,37.705556,3.1181919999999996,1.235682,9.467367999999999,66.68034899999999,0.199469,15.604334,1580036,False
50000,WOUND_WAIT,1,True,False,True,WR,0,False,100000,0,SPECIFIED,0.9,16,0.1,True,False,1024*1024*10,1,YCSB,False,0.5,0,0,0,0.309709,0.0,0.0,0.0,0.0,0.0,0.0,0.022771,0.0,0.0,,0.0,0.0,1.8e-05,1.8175169999999998,55020.123858000006,0.0,0.064945,0.323573,1.0572350000000001,0.001015,0.002133,0.0,100000,False
50000,WOUND_WAIT,1,True,False,True,WR,0,False,100000,0,SPECIFIED,0.9,16,0.1,True,False,1024*1024*10,1,YCSB,False,0.9,0,0,0,0.211403,0.0,0.0,0.0,0.0,0.0,0.0,0.022408,0.0,0.0,,0.0,0.0,1.3000000000000001e-05,1.2956860000000001,77179.182683,0.0,0.061265,0.252126,0.739963,0.000989,0.002117,0.0,100000,False
50000,WOUND_WAIT,1,True,False,True,WR,0,False,100000,0,SPECIFIED,0.9,16,0.1,True,False,1024*1024*10,1,YCSB,False,1.1,0,0,0,0.094273,0.0,0.0,0.0,0.0,0.0,0.0,0.019862,0.0,0.0,,0.0,0.0,7.000000000000003e-06,0.698295,143206.01316300005,0.0,0.05343,0.151315,0.393742,0.000973,0.002096,0.0,100000,False
50000,WOUND_WAIT,1,True,False,True,WR,0,False,100000,0,SPECIFIED,0.9,16,0.1,True,False,1024*1024*10,2,YCSB,False,0.5,2,0,0,1.449977,1.0,1.0,0.0,0.0,0.0,0.0,0.085109,0.0,0.0,,0.0,0.0,2.9999999999999997e-05,5.953742,66513.463141,3.3e-05,0.163934,1.1358190000000001,3.540375,0.002262,0.030233,2.5e-05,198002,False
50000,WOUND_WAIT,1,True,False,True,WR,0,False,100000,0,SPECIFIED,0.9,16,0.1,True,False,1024*1024*10,2,YCSB,False,0.9,1301,0,0,1.043743,1.0,1.0,0.0,0.0,0.0,0.0,0.09998,0.0,0.0,,0.0,0.0,2.3e-05,4.624837,84918.893284,0.020303,0.179957,0.954665,2.65092,0.103397,0.018068999999999998,0.032841,196368,False
50000,WOUND_WAIT,1,True,False,True,WR,0,False,100000,0,SPECIFIED,0.9,16,0.1,True,False,1024*1024*10,2,YCSB,False,1.1,6824,0,0,0.570549,1.0,1.0,0.0,0.0,0.0,0.0,0.144429,0.0,0.0,,0.0,0.0,1.6e-05,3.056898,123306.71769,0.10723699999999999,0.22677199999999997,0.44239700000000004,1.448532,0.528989,0.016443,0.13381099999999999,188468,False
50000,WOUND_WAIT,1,True,False,True,WR,0,False,100000,0,SPECIFIED,0.9,16,0.1,True,False,1024*1024*10,4,YCSB,False,0.5,4,0,0,2.633368,1.0,1.0,0.0,0.0,0.0,0.0,0.16475,0.0,0.0,,0.0,0.0,2.7000000000000002e-05,9.94395,150851.52744200002,4.1e-05,0.323994,1.46908,6.0476220000000005,0.005065,0.04804,0.001468,375015,False
50000,WOUND_WAIT,1,True,False,True,WR,0,False,100000,0,SPECIFIED,0.9,16,0.1,True,False,1024*1024*10,4,YCSB,False,0.9,7036,0,0,2.0376369999999997,3.0,3.0,0.0,0.0,0.0,0.0,0.254313,0.0,0.0,,0.0,0.0,2.1e-05,8.399564,183319.50671,0.126502,0.43726400000000004,1.137649,4.785386,0.5509890000000001,0.051621,0.159215,384951,False
50000,WOUND_WAIT,1,True,False,True,WR,0,False,100000,0,SPECIFIED,0.9,16,0.1,True,False,1024*1024*10,4,YCSB,False,1.1,32142,0,0,0.94479,3.0,3.0,0.0,0.0,0.0,0.0,0.292319,0.0,0.0,,0.0,0.0,1.7e-05,7.405474000000001,214400.84936199998,0.590676,0.483705,0.82044,2.430584,2.4851259999999997,0.029533999999999998,0.667377,396935,False
50000,WOUND_WAIT,1,True,False,True,WR,0,False,100000,0,SPECIFIED,0.9,16,0.1,True,False,1024*1024*10,8,YCSB,False,0.5,22,0,0,4.888774,1.0,1.0,0.0,0.0,0.0,0.0,0.313751,0.0,0.0,,0.0,0.0,2.1e-05,15.242628,389434.154288,0.00027,0.623776,1.7794259999999995,8.849956,0.010320999999999999,0.093444,0.000233,742000,False
50000,WOUND_WAIT,1,True,False,True,WR,0,False,100000,0,SPECIFIED,0.9,16,0.1,True,False,1024*1024*10,8,YCSB,False,0.9,27842,0,0,4.055307,4.0,4.0,0.0,0.0,0.0,0.0,0.576256,0.0,0.0,,0.0,0.0,2.1e-05,16.695432999999998,374024.688341,0.551613,0.9722,1.8193279999999998,8.144603,2.160876,0.094189,1.030191,780563,False
50000,WOUND_WAIT,1,True,False,True,WR,0,False,100000,0,SPECIFIED,0.9,16,0.1,True,False,1024*1024*10,8,YCSB,False,1.1,117978,0,0,2.363712,7.0,7.0,0.0,0.0,0.0,0.0,0.9299559999999999,0.0,0.0,,0.0,0.0,2.5e-05,22.824089999999998,277017.837154,3.060712,1.4608379999999999,1.252069,5.877032,9.100536,0.080502,3.69045,790335,False
50000,WOUND_WAIT,1,True,False,True,WR,0,False,100000,0,SPECIFIED,0.9,16,0.1,True,False,1024*1024*10,16,YCSB,False,0.5,56,0,0,9.098409,1.0,1.0,0.0,0.0,0.0,0.0,0.622282,0.0,0.0,,0.0,0.0,1.7e-05,25.540868,930322.633276,0.000629,1.23537,2.0699669999999997,15.157541,0.021043,0.160611,0.000813,1485078,False
50000,WOUND_WAIT,1,True,False,True,WR,0,False,100000,0,SPECIFIED,0.9,16,0.1,True,False,1024*1024*10,16,YCSB,False,0.7,2941,0,0,9.205214999999999,3.0,3.0,0.0,0.0,0.0,0.0,0.6808390000000001,0.0,0.0,,0.0,0.0,1.7e-05,26.318571000000002,918752.609866,0.036779,1.3282459999999998,2.279754,15.335807999999998,0.248015,0.18238800000000002,0.040033,1511266,False
50000,WOUND_WAIT,1,True,False,True,WR,0,False,100000,0,SPECIFIED,0.9,16,0.1,True,False,1024*1024*10,16,YCSB,False,0.9,86294,0,0,7.625632,8.0,8.0,0.0,0.0,0.0,0.0,1.499808,0.0,0.0,,0.0,0.0,2.2e-05,35.943209,683442.596175,1.9214759999999997,2.4192110000000002,2.558239,14.73156,6.689014,0.17894300000000002,4.761332,1535320,False
50000,WOUND_WAIT,1,True,False,True,WR,0,False,100000,0,SPECIFIED,0.9,16,0.1,True,False,1024*1024*10,16,YCSB,False,1.1,423803,0,0,5.481001,11.0,11.0,0.0,0.0,0.0,0.0,3.063916,0.0,0.0,,0.0,0.0,3.6e-05,72.37415,345682.097367,15.565539000000001,4.409805,1.818028,12.532630000000001,32.644781,0.190929,15.703769,1563653,False
50000,WOUND_WAIT,1,True,False,True,WR,0,False,100000,0,SPECIFIED,0.9,16,0.1,True,False,1024*1024*10,32,YCSB,False,0.5,284,0,0,15.418942000000001,1.0,1.0,0.0,0.0,0.0,0.0,1.59657,0.0,0.0,,0.0,0.0,2e-05,61.467015,1615390.756533,0.00324,3.4480589999999998,6.49607,34.91610900000001,0.060599,0.301832,0.017426,3102914,False
50000,WOUND_WAIT,1,True,False,True,WR,0,False,100000,0,SPECIFIED,0.9,16,0.1,True,False,1024*1024*10,32,YCSB,False,0.9,249320,0,0,18.106360000000002,11.0,11.0,0.0,0.0,0.0,0.0,8.080501,0.0,0.0,,0.0,0.0,3.8e-05,125.629028,785405.998217,9.566082000000002,10.674391,4.998863,39.051805,19.404146,0.41820100000000004,43.10358400000001,3083431,False
50000,WOUND_WAIT,1,True,False,True,WR,0,False,100000,0,SPECIFIED,0.9,16,0.1,True,False,1024*1024*10,32,YCSB,False,1.1,1665927,0,0,13.085008,16.0,16.0,0.0,0.0,0.0,0.0,10.183689999999999,0.0,0.0,,0.0,0.0,5.9999999999999995e-05,285.443214,354044.1081340001,95.292331,13.861324,2.582754,28.928447,129.613456,0.49148000000000003,73.492275,3158109,False
50000,WOUND_WAIT,1,True,False,True,WR,0,False,100000,0,SPECIFIED,0.9,32,0.1,True,False,1024*1024*10,1,YCSB,False,0.5,0,0,0,0.623182,0.0,0.0,0.0,0.0,0.0,0.0,0.04858,0.0,0.0,,0.0,0.0,3.1e-05,3.137644,31871.043150999998,0.0,0.12248800000000001,0.4396600000000001,1.801986,0.001004,0.002245,0.0,100000,False
50000,WOUND_WAIT,1,True,False,True,WR,0,False,100000,0,SPECIFIED,0.9,32,0.1,True,False,1024*1024*10,1,YCSB,False,0.9,0,0,0,0.418429,0.0,0.0,0.0,0.0,0.0,0.0,0.046336,0.0,0.0,,0.0,0.0,2.3e-05,2.3426150000000003,42687.344589,0.0,0.11614300000000001,0.387867,1.342092,0.000992,0.0021550000000000002,0.0,100000,False
50000,WOUND_WAIT,1,True,False,True,WR,0,False,100000,0,SPECIFIED,0.9,32,0.1,True,False,1024*1024*10,1,YCSB,False,1.1,0,0,0,0.180694,0.0,0.0,0.0,0.0,0.0,0.0,0.038383,0.0,0.0,,0.0,0.0,1.2e-05,1.221317,81878.839739,0.0,0.096421,0.23232399999999997,0.697667,0.001001,0.002165,0.0,100000,False
50000,WOUND_WAIT,1,True,False,True,WR,0,False,100000,0,SPECIFIED,0.9,32,0.1,True,False,1024*1024*10,2,YCSB,False,0.5,4,0,0,2.8596209999999997,1.0,1.0,0.0,0.0,0.0,0.0,0.180205,0.0,0.0,,0.0,0.0,5.3e-05,10.607237,37556.244182999995,0.00011200000000000001,0.333665,1.6637970000000002,6.35286,0.002451,0.028027999999999997,2.2e-05,199184,False
50000,WOUND_WAIT,1,True,False,True,WR,0,False,100000,0,SPECIFIED,0.9,32,0.1,True,False,1024*1024*10,2,YCSB,False,0.9,4435,0,0,2.1642240000000004,1.0,1.0,0.0,0.0,0.0,0.0,0.25002800000000003,0.0,0.0,,0.0,0.0,4e-05,8.068230999999999,49186.993027,0.111877,0.409222,1.109414,4.626962000000002,0.34636100000000003,0.031608,0.147329,198426,False
50000,WOUND_WAIT,1,True,False,True,WR,0,False,100000,0,SPECIFIED,0.9,32,0.1,True,False,1024*1024*10,2,YCSB,False,1.1,14865,0,0,1.037928,1.0,1.0,0.0,0.0,0.0,0.0,0.242327,0.0,0.0,,0.0,0.0,2.8000000000000013e-05,5.903153,67149.196209,0.33023600000000003,0.393111,0.7656729999999999,2.522698,1.146798,0.015330000000000003,0.46314700000000003,198196,False
50000,WOUND_WAIT,1,True,False,True,WR,0,False,100000,0,SPECIFIED,0.9,32,0.1,True,False,1024*1024*10,4,YCSB,False,0.5,19,0,0,5.514945,1.0,1.0,0.0,0.0,0.0,0.0,0.35825799999999997,0.0,0.0,,0.0,0.0,4.6e-05,17.924328,87222.905427,0.000481,0.675246,1.945025,10.712252000000001,0.006562,0.052103,0.00035,390853,False
50000,WOUND_WAIT,1,True,False,True,WR,0,False,100000,0,SPECIFIED,0.9,32,0.1,True,False,1024*1024*10,4,YCSB,False,0.9,21502,0,0,3.902679,3.0,3.0,0.0,0.0,0.0,0.0,0.5184270000000001,0.0,0.0,,0.0,0.0,3.8e-05,15.04795,100776.519895,0.610591,0.851009,1.540346,7.534988,1.6718419999999998,0.05140700000000002,0.865302,379120,False
50000,WOUND_WAIT,1,True,False,True,WR,0,False,100000,0,SPECIFIED,0.9,32,0.1,True,False,1024*1024*10,4,YCSB,False,1.1,67846,0,0,1.761298,3.0,3.0,0.0,0.0,0.0,0.0,0.539855,0.0,0.0,,0.0,0.0,3.1e-05,14.146170000000001,112649.290544,1.8611419999999999,0.886242,0.795976,4.135307,5.233213,0.03612,1.8434099999999998,398389,False
50000,WOUND_WAIT,1,True,False,True,WR,0,False,100000,0,SPECIFIED,0.9,32,0.1,True,False,1024*1024*10,8,YCSB,False,0.5,57,0,0,9.494783,1.0,1.0,0.0,0.0,0.0,0.0,0.645563,0.0,0.0,,0.0,0.0,3.6e-05,26.927502,220349.288296,0.001355,1.210854,2.179974,15.735576000000002,0.012889,0.088528,0.001174,741682,False
50000,WOUND_WAIT,1,True,False,True,WR,0,False,100000,0,SPECIFIED,0.9,32,0.1,True,False,1024*1024*10,8,YCSB,False,0.9,80918,0,0,8.152109,5.0,5.0,0.0,0.0,0.0,0.0,1.278202,0.0,0.0,,0.0,0.0,4.3e-05,35.94193,171601.467403,2.698264,2.0652619999999997,2.1377099999999998,14.614593,6.25462,0.098159,4.984815,770961,False
50000,WOUND_WAIT,1,True,False,True,WR,0,False,100000,0,SPECIFIED,0.9,32,0.1,True,False,1024*1024*10,8,YCSB,False,1.1,265328,0,0,4.052423999999999,6.0,6.0,0.0,0.0,0.0,0.0,1.412349,0.0,0.0,,0.0,0.0,4.3e-05,44.513675,141963.384835,10.365286,2.244238,1.3971719999999999,8.033736,20.378054000000002,0.07759500000000001,7.979217,789914,False
50000,WOUND_WAIT,1,True,False,True,WR,0,False,100000,0,SPECIFIED,0.9,32,0.1,True,False,1024*1024*10,16,YCSB,False,0.5,289,0,0,18.682371,1.0,1.0,0.0,0.0,0.0,0.0,1.340341,0.0,0.0,,0.0,0.0,3.3e-05,51.020927,477964.191522,0.0056890000000000005,2.5381400000000003,3.876561,29.144378999999997,0.041037,0.166729,0.045757,1524136,False
50000,WOUND_WAIT,1,True,False,True,WR,0,False,100000,0,SPECIFIED,0.9,32,0.1,True,False,1024*1024*10,16,YCSB,False,0.9,273317,0,0,14.496749,9.0,9.0,0.0,0.0,0.0,0.0,2.9977009999999997,0.0,0.0,,0.0,0.0,5.2000000000000004e-05,92.167076,270565.51095100003,11.552705,4.868567,3.185232,26.112764000000002,21.122896,0.195995,23.45272000000001,1558577,False
50000,WOUND_WAIT,1,True,False,True,WR,0,False,100000,0,SPECIFIED,0.9,32,0.1,True,False,1024*1024*10,16,YCSB,False,1.1,1066647,0,0,8.960507000000002,12.0,12.0,0.0,0.0,0.0,0.0,4.085605999999999,0.0,0.0,,0.0,0.0,6.8e-05,171.58225,147939.498562,63.51341600000001,6.391104,2.62652,18.177263,82.12718000000002,0.229665,37.079737,1586487,False
50000,WOUND_WAIT,1,True,False,True,WR,0,False,100000,0,SPECIFIED,0.9,32,0.1,True,False,1024*1024*10,32,YCSB,False,0.5,1180,0,0,30.492590999999997,1.0,1.0,0.0,0.0,0.0,0.0,3.2645880000000003,0.0,0.0,,0.0,0.0,3.6e-05,109.989893,900191.5129600002,0.023107,6.567866,7.910522,64.425382,0.142172,0.301775,0.067253,3094124,False
50000,WOUND_WAIT,1,True,False,True,WR,0,False,100000,0,SPECIFIED,0.9,32,0.1,True,False,1024*1024*10,32,YCSB,False,0.9,986443,0,0,31.849674,17.0,17.0,0.0,0.0,0.0,0.0,10.631302999999999,0.0,0.0,,0.0,0.0,9.6e-05,376.10244,265794.479112,77.231185,16.125515,6.5485739999999995,60.893770999999994,76.5613,0.53641,156.278873,3123936,False
50000,WOUND_WAIT,1,True,False,True,WR,0,False,100000,0,SPECIFIED,0.9,32,0.1,True,False,1024*1024*10,32,YCSB,False,1.1,4590492,0,0,27.406332,22.0,22.0,0.0,0.0,0.0,0.0,20.494327,0.0,0.0,,0.0,0.0,0.000124,829.004916,122013.732399,437.63754400000005,28.558555,5.070271,49.706066,355.849514,0.853402,190.278358,3160937,False
50000,WOUND_WAIT,1,True,False,True,WR,0,False,100000,0,SPECIFIED,0.9,64,0.1,True,False,1024*1024*10,1,YCSB,False,0.5,0,0,0,1.2493379999999998,0.0,0.0,0.0,0.0,0.0,0.0,0.09669,0.0,0.0,,0.0,0.0,5.6999999999999996e-05,5.688833,17578.297239,0.0,0.23633600000000002,0.5781069999999999,3.253327,0.001003,0.0025440000000000003,0.0,100000,False
50000,WOUND_WAIT,1,True,False,True,WR,0,False,100000,0,SPECIFIED,0.9,64,0.1,True,False,1024*1024*10,1,YCSB,False,0.9,0,0,0,0.831957,0.0,0.0,0.0,0.0,0.0,0.0,0.09211699999999999,0.0,0.0,,0.0,0.0,4.1e-05,4.113037,24312.937183000002,0.0,0.22341399999999997,0.47252299999999997,2.382641,0.000999,0.0024649999999999997,0.0,100000,False
50000,WOUND_WAIT,1,True,False,True,WR,0,False,100000,0,SPECIFIED,0.9,64,0.1,True,False,1024*1024*10,1,YCSB,False,1.1,0,0,0,0.35620999999999997,0.0,0.0,0.0,0.0,0.0,0.0,0.07145800000000001,0.0,0.0,,0.0,0.0,2.2e-05,2.158994,46317.866076,0.0,0.175095,0.316687,1.235221,0.001003,0.002301,0.0,100000,False
50000,WOUND_WAIT,1,True,False,True,WR,0,False,100000,0,SPECIFIED,0.9,64,0.1,True,False,1024*1024*10,2,YCSB,False,0.5,1,0,0,5.5984300000000005,1.0,1.0,0.0,0.0,0.0,0.0,0.391925,0.0,0.0,,0.0,0.0,9.8e-05,19.451306,20351.64076,6.4e-05,0.6922560000000001,2.220976,11.882325999999999,0.00268,0.030037,0.000634,197933,False
50000,WOUND_WAIT,1,True,False,True,WR,0,False,100000,0,SPECIFIED,0.9,64,0.1,True,False,1024*1024*10,2,YCSB,False,0.9,12439,0,0,3.840296,1.0,1.0,0.0,0.0,0.0,0.0,0.485105,0.0,0.0,,0.0,0.0,7.4e-05,15.370834,25964.628051,0.514871,0.79386,1.736707,8.141425,0.9688540000000001,0.021437,0.8008430000000001,199549,False
50000,WOUND_WAIT,1,True,False,True,WR,0,False,100000,0,SPECIFIED,0.9,64,0.1,True,False,1024*1024*10,2,YCSB,False,1.1,26531,0,0,1.811093,1.0,1.0,0.0,0.0,0.0,0.0,0.4484770000000001,0.0,0.0,,0.0,0.0,4.6e-05,9.945585000000001,40051.944378,0.763335,0.715259,0.8283459999999999,3.9940309999999997,2.050402,0.018542,1.187255,199170,False
50000,WOUND_WAIT,1,True,False,True,WR,0,False,100000,0,SPECIFIED,0.9,64,0.1,True,False,1024*1024*10,4,YCSB,False,0.5,54,0,0,10.615667,1.0,1.0,0.0,0.0,0.0,0.0,0.741049,0.0,0.0,,0.0,0.0,8.1e-05,30.80089000000001,49556.880204,0.002199,1.300825,2.923985,17.73358,0.008878,0.048875,0.009967,381599,False
50000,WOUND_WAIT,1,True,False,True,WR,0,False,100000,0,SPECIFIED,0.9,64,0.1,True,False,1024*1024*10,4,YCSB,False,0.9,59296,0,0,7.89447,3.0,3.0,0.0,0.0,0.0,0.0,1.1624709999999998,0.0,0.0,,0.0,0.0,7.6e-05,32.497376,47880.172787999996,2.880496,1.870852,2.162468,13.318705,4.5721120000000015,0.056749,4.486223000000002,388995,False
50000,WOUND_WAIT,1,True,False,True,WR,0,False,100000,0,SPECIFIED,0.9,64,0.1,True,False,1024*1024*10,4,YCSB,False,1.1,141570,0,0,4.095979,3.0,3.0,0.0,0.0,0.0,0.0,1.108686,0.0,0.0,,0.0,0.0,6.4e-05,32.127452000000005,49471.958797,6.572983,1.7670299999999999,1.429092,7.7787,10.881358,0.046563,6.191468,397352,False
50000,WOUND_WAIT,1,True,False,True,WR,0,False,100000,0,SPECIFIED,0.9,64,0.1,True,False,1024*1024*10,8,YCSB,False,0.5,251,0,0,19.867481,1.0,1.0,0.0,0.0,0.0,0.0,1.551695,0.0,0.0,,0.0,0.0,7.3e-05,54.107349,109495.513381,0.009476,2.662675,3.7706720000000002,31.141833000000002,0.028017,0.090017,0.013241999999999999,740564,False
50000,WOUND_WAIT,1,True,False,True,WR,0,False,100000,0,SPECIFIED,0.9,64,0.1,True,False,1024*1024*10,8,YCSB,False,0.9,235336,0,0,14.737879000000001,7.0,7.0,0.0,0.0,0.0,0.0,2.790016,0.0,0.0,,0.0,0.0,9.300000000000001e-05,88.106266,71147.81178999999,14.866976000000001,4.40109,3.098864,24.121973999999998,18.159131,0.110785,22.063968,783571,False
50000,WOUND_WAIT,1,True,False,True,WR,0,False,100000,0,SPECIFIED,0.9,64,0.1,True,False,1024*1024*10,8,YCSB,False,1.1,595255,0,0,8.120500999999999,7.0,7.0,0.0,0.0,0.0,0.0,2.798041,0.0,0.0,,0.0,0.0,8.7e-05,107.813505,58869.730789999994,38.854883,4.448651,2.254463,14.783623,45.751535,0.116597,23.143207999999998,793369,False
50000,WOUND_WAIT,1,True,False,True,WR,0,False,100000,0,SPECIFIED,0.9,64,0.1,True,False,1024*1024*10,16,YCSB,False,0.5,1192,0,0,42.604083,2.0,2.0,0.0,0.0,0.0,0.0,3.265055,0.0,0.0,,0.0,0.0,6.9e-05,108.24167800000001,231943.928819,0.044468,5.610539,5.76451,62.333013,0.11182,0.21366100000000002,0.053595000000000004,1569125,False
50000,WOUND_WAIT,1,True,False,True,WR,0,False,100000,0,SPECIFIED,0.9,64,0.1,True,False,1024*1024*10,16,YCSB,False,0.9,922305,0,0,30.34342100000001,11.0,11.0,0.0,0.0,0.0,0.0,7.167692,0.0,0.0,,0.0,0.0,0.000131,289.840225,87055.963298,83.442627,11.204168,4.179558999999999,45.365093,71.0295,0.27779499999999996,95.561677,1577020,False
50000,WOUND_WAIT,1,True,False,True,WR,0,False,100000,0,SPECIFIED,0.9,64,0.1,True,False,1024*1024*10,16,YCSB,False,1.1,2469385,0,0,17.987586999999994,12.0,12.0,0.0,0.0,0.0,0.0,8.481354,0.0,0.0,,0.0,0.0,0.000127,424.540033,59744.434065999994,223.409702,13.138518,3.636614,30.574355999999998,190.378136,0.43178,87.72743100000002,1585244,False
50000,WOUND_WAIT,1,True,False,True,WR,0,False,100000,0,SPECIFIED,0.9,64,0.1,True,False,1024*1024*10,32,YCSB,False,0.5,4671,0,0,67.28084100000001,2.0,2.0,0.0,0.0,0.0,0.0,7.03758,0.0,0.0,,0.0,0.0,6.9e-05,214.359386,462048.27291099995,0.17006300000000002,13.008453999999999,12.365537,122.093782,0.417915,0.36087199999999997,0.296086,3095137,False
50000,WOUND_WAIT,1,True,False,True,WR,0,False,100000,0,SPECIFIED,0.9,64,0.1,True,False,1024*1024*10,32,YCSB,False,0.9,3707429,0,0,64.671654,19.0,19.0,0.0,0.0,0.0,0.0,23.020069,0.0,0.0,,0.0,0.0,0.00022799999999999999,1265.622453,79919.23952,545.679364,36.536592999999996,8.190303,102.58681999999999,286.452929,0.822269,449.911685,3160862,False
